id,WKT,mgo,al2o3,sio2,cao,tio2,feo,potassium,thorium,uranium
0,"POLYGON ((-180.0 -90.0, 180.0 -90.0, 180.0 -87.5, -180.0 -87.5, -180.0 -90.0))",7.621300,28.670000,44.507000,15.633000,0.167270,4.942800,433.8900,0.7917,0.2151
1,"POLYGON ((-180.0 -87.5, -135.0 -87.5, -135.0 -82.5, -180.0 -82.5, -180.0 -87.5))",8.711000,25.362000,46.091000,14.741000,0.177810,5.962100,482.4000,0.9500,0.2584
2,"POLYGON ((-135.0 -87.5, -90.0 -87.5, -90.0 -82.5, -135.0 -82.5, -135.0 -87.5))",6.930300,26.251000,44.618000,16.314000,0.202210,5.628800,550.7200,0.9709,0.2641
3,"POLYGON ((-90.0 -87.5, -45.0 -87.5, -45.0 -82.5, -90.0 -82.5, -90.0 -87.5))",7.418800,27.185000,44.559000,15.268000,0.204160,5.149500,415.3800,0.7785,0.2115
4,"POLYGON ((-45.0 -87.5, 0.0 -87.5, 0.0 -82.5, -45.0 -82.5, -45.0 -87.5))",7.234500,27.037000,44.527000,17.081000,0.000000,4.895300,450.1800,0.7680,0.2087
5,"POLYGON ((0.0 -87.5, 45.0 -87.5, 45.0 -82.5, 0.0 -82.5, 0.0 -87.5))",6.813000,27.878000,44.713000,16.060000,0.077350,4.843300,391.7300,0.6967,0.1892
6,"POLYGON ((45.0 -87.5, 90.0 -87.5, 90.0 -82.5, 45.0 -82.5, 45.0 -87.5))",7.123600,27.823000,45.050000,15.689000,0.204220,4.447000,373.9700,0.6384,0.1733
7,"POLYGON ((90.0 -87.5, 135.0 -87.5, 135.0 -82.5, 90.0 -82.5, 90.0 -87.5))",7.335200,26.724000,44.785000,17.073000,0.055341,5.196600,423.6400,0.8196,0.2228
8,"POLYGON ((135.0 -87.5, 180.0 -87.5, 180.0 -82.5, 135.0 -82.5, 135.0 -87.5))",8.830000,27.912000,44.469000,15.420000,0.199490,5.334900,404.7200,0.8431,0.2292
9,"POLYGON ((-180.0 -82.5, -156.0 -82.5, -156.0 -77.5, -180.0 -77.5, -180.0 -82.5))",7.249800,21.724000,45.159000,15.409000,0.615840,8.150000,588.2800,1.2355,0.3363
10,"POLYGON ((-156.0 -82.5, -132.0 -82.5, -132.0 -77.5, -156.0 -77.5, -156.0 -82.5))",9.526400,23.394000,44.041000,16.682000,0.000000,7.308100,528.1600,1.1916,0.3243
11,"POLYGON ((-132.0 -82.5, -108.0 -82.5, -108.0 -77.5, -132.0 -77.5, -132.0 -82.5))",8.790500,25.855000,44.260000,15.093000,0.003809,5.832000,480.9000,0.9914,0.2697
12,"POLYGON ((-108.0 -82.5, -84.0 -82.5, -84.0 -77.5, -108.0 -77.5, -108.0 -82.5))",6.989100,25.648000,45.314000,16.337000,0.064063,5.150600,403.7400,0.7556,0.2053
13,"POLYGON ((-84.0 -82.5, -60.0 -82.5, -60.0 -77.5, -84.0 -77.5, -84.0 -82.5))",6.118400,26.466000,46.420000,15.479000,0.253790,4.761900,433.0000,0.6992,0.1899
14,"POLYGON ((-60.0 -82.5, -36.0 -82.5, -36.0 -77.5, -60.0 -77.5, -60.0 -82.5))",6.006500,27.264000,45.052000,15.644000,0.198520,5.069900,433.6500,0.8128,0.2209
15,"POLYGON ((-36.0 -82.5, -12.0 -82.5, -12.0 -77.5, -36.0 -77.5, -36.0 -82.5))",6.404500,26.901000,45.647000,15.859000,0.000000,4.557500,396.5700,0.8018,0.2179
16,"POLYGON ((-12.0 -82.5, 12.0 -82.5, 12.0 -77.5, -12.0 -77.5, -12.0 -82.5))",7.207900,31.288000,42.381000,14.272000,0.211510,4.121400,268.0200,0.5338,0.1447
17,"POLYGON ((12.0 -82.5, 36.0 -82.5, 36.0 -77.5, 12.0 -77.5, 12.0 -82.5))",6.521600,27.430000,44.779000,15.296000,0.169200,4.342000,296.6800,0.4431,0.1200
18,"POLYGON ((36.0 -82.5, 60.0 -82.5, 60.0 -77.5, 36.0 -77.5, 36.0 -82.5))",7.033500,26.973000,43.666000,15.225000,0.260050,4.342900,230.1400,0.5832,0.1582
19,"POLYGON ((60.0 -82.5, 84.0 -82.5, 84.0 -77.5, 60.0 -77.5, 60.0 -82.5))",6.611500,28.051000,43.462000,16.017000,0.266870,4.511300,288.7100,0.6026,0.1635
20,"POLYGON ((84.0 -82.5, 108.0 -82.5, 108.0 -77.5, 84.0 -77.5, 84.0 -82.5))",8.212800,25.669000,45.663000,16.360000,0.177180,4.923100,346.5400,0.6514,0.1768
21,"POLYGON ((108.0 -82.5, 132.0 -82.5, 132.0 -77.5, 108.0 -77.5, 108.0 -82.5))",8.537400,26.487000,44.703000,16.894000,0.019294,4.848600,356.8400,0.7597,0.2064
22,"POLYGON ((132.0 -82.5, 156.0 -82.5, 156.0 -77.5, 132.0 -77.5, 132.0 -82.5))",8.146900,26.538000,45.211000,16.707000,0.131290,5.463900,470.2500,0.8645,0.2350
23,"POLYGON ((156.0 -82.5, 180.0 -82.5, 180.0 -77.5, 156.0 -77.5, 156.0 -82.5))",9.160000,25.774000,44.283000,16.164000,0.057598,6.776700,461.6500,1.1030,0.3001
24,"POLYGON ((-180.0 -77.5, -162.0 -77.5, -162.0 -72.5, -180.0 -72.5, -180.0 -77.5))",9.367000,23.257000,45.049000,13.769000,0.460060,8.194400,732.5700,1.6739,0.4560
25,"POLYGON ((-162.0 -77.5, -144.0 -77.5, -144.0 -72.5, -162.0 -72.5, -162.0 -77.5))",8.957000,21.256000,45.801000,15.328000,0.461640,8.183500,675.4200,1.6321,0.4446
26,"POLYGON ((-144.0 -77.5, -126.0 -77.5, -126.0 -72.5, -144.0 -72.5, -144.0 -77.5))",11.241000,24.247000,43.817000,15.449000,0.000000,6.552000,508.8500,1.5157,0.4128
27,"POLYGON ((-126.0 -77.5, -108.0 -77.5, -108.0 -72.5, -126.0 -72.5, -126.0 -77.5))",8.555000,20.993000,47.224000,15.496000,0.079543,6.526500,453.5600,1.1552,0.3144
28,"POLYGON ((-108.0 -77.5, -90.0 -77.5, -90.0 -72.5, -108.0 -72.5, -108.0 -77.5))",6.213500,27.753000,44.725000,15.784000,0.146960,5.074800,402.0800,0.7552,0.2052
29,"POLYGON ((-90.0 -77.5, -72.0 -77.5, -72.0 -72.5, -90.0 -72.5, -90.0 -77.5))",7.271800,28.714000,43.839000,14.938000,0.287110,4.390400,347.6900,0.6254,0.1697
30,"POLYGON ((-72.0 -77.5, -54.0 -77.5, -54.0 -72.5, -72.0 -72.5, -72.0 -77.5))",8.051400,26.603000,44.535000,15.867000,0.082176,4.723100,271.5100,0.6488,0.1761
31,"POLYGON ((-54.0 -77.5, -36.0 -77.5, -36.0 -72.5, -54.0 -72.5, -54.0 -77.5))",7.100200,28.268000,44.893000,15.298000,0.196460,4.508400,352.5500,0.5010,0.1358
32,"POLYGON ((-36.0 -77.5, -18.0 -77.5, -18.0 -72.5, -36.0 -72.5, -36.0 -77.5))",6.657400,25.905000,45.370000,16.517000,0.106510,4.831300,287.9400,0.6362,0.1727
33,"POLYGON ((-18.0 -77.5, 0.0 -77.5, 0.0 -72.5, -18.0 -72.5, -18.0 -77.5))",6.177700,27.062000,44.920000,16.166000,0.269280,4.390800,246.8300,0.5153,0.1397
34,"POLYGON ((0.0 -77.5, 18.0 -77.5, 18.0 -72.5, 0.0 -72.5, 0.0 -77.5))",4.729500,25.859000,45.114000,16.644000,0.306750,4.539800,209.9900,0.4029,0.1090
35,"POLYGON ((18.0 -77.5, 36.0 -77.5, 36.0 -72.5, 18.0 -72.5, 18.0 -77.5))",6.076700,27.754000,44.608000,15.332000,0.183350,4.470000,230.3800,0.3857,0.1043
36,"POLYGON ((36.0 -77.5, 54.0 -77.5, 54.0 -72.5, 36.0 -72.5, 36.0 -77.5))",8.354600,25.350000,45.298000,15.724000,0.000000,4.008100,213.0200,0.4140,0.1120
37,"POLYGON ((54.0 -77.5, 72.0 -77.5, 72.0 -72.5, 54.0 -72.5, 54.0 -77.5))",5.249300,26.614000,45.431000,16.198000,0.100120,4.656800,329.8900,0.6297,0.1709
38,"POLYGON ((72.0 -77.5, 90.0 -77.5, 90.0 -72.5, 72.0 -72.5, 72.0 -77.5))",7.239900,26.292000,45.368000,15.260000,0.116990,5.172700,350.8600,0.7932,0.2155
39,"POLYGON ((90.0 -77.5, 108.0 -77.5, 108.0 -72.5, 90.0 -72.5, 90.0 -77.5))",7.869900,27.134000,45.512000,15.496000,0.212540,5.320900,436.8400,0.6990,0.1898
40,"POLYGON ((108.0 -77.5, 126.0 -77.5, 126.0 -72.5, 108.0 -72.5, 108.0 -77.5))",8.357700,28.628000,44.970000,14.281000,0.120560,4.829800,300.2300,0.6201,0.1683
41,"POLYGON ((126.0 -77.5, 144.0 -77.5, 144.0 -72.5, 126.0 -72.5, 126.0 -77.5))",8.512900,25.284000,45.222000,16.341000,0.000000,5.178500,372.6700,0.7578,0.2059
42,"POLYGON ((144.0 -77.5, 162.0 -77.5, 162.0 -72.5, 144.0 -72.5, 144.0 -77.5))",8.455100,25.621000,46.903000,15.429000,0.353510,6.026400,493.2900,1.1788,0.3208
43,"POLYGON ((162.0 -77.5, 180.0 -77.5, 180.0 -72.5, 162.0 -72.5, 162.0 -77.5))",8.460500,25.284000,44.333000,15.526000,0.348090,7.258700,714.0600,1.5999,0.4358
44,"POLYGON ((-180.0 -72.5, -168.0 -72.5, -168.0 -67.5, -180.0 -67.5, -180.0 -72.5))",10.693000,22.216000,45.522000,14.429000,0.103260,7.336600,886.5500,2.1421,0.5838
45,"POLYGON ((-168.0 -72.5, -156.0 -72.5, -156.0 -67.5, -168.0 -67.5, -168.0 -72.5))",6.770700,18.945000,45.652000,16.216000,0.862890,9.253900,1084.8000,2.1872,0.5961
46,"POLYGON ((-156.0 -72.5, -144.0 -72.5, -144.0 -67.5, -156.0 -67.5, -156.0 -72.5))",7.023800,23.926000,46.743000,12.891000,0.565270,7.910300,947.9100,1.9980,0.5444
47,"POLYGON ((-144.0 -72.5, -132.0 -72.5, -132.0 -67.5, -144.0 -67.5, -144.0 -72.5))",8.635200,22.447000,45.617000,15.889000,0.219570,7.767500,735.2000,1.7569,0.4786
48,"POLYGON ((-132.0 -72.5, -120.0 -72.5, -120.0 -67.5, -132.0 -67.5, -132.0 -72.5))",8.526800,23.738000,45.380000,14.311000,0.197730,6.796500,623.1100,1.5374,0.4187
49,"POLYGON ((-120.0 -72.5, -108.0 -72.5, -108.0 -67.5, -120.0 -67.5, -120.0 -72.5))",7.156900,28.291000,43.696000,13.425000,0.332700,5.263900,478.9400,1.1356,0.3090
50,"POLYGON ((-108.0 -72.5, -96.0 -72.5, -96.0 -67.5, -108.0 -67.5, -108.0 -72.5))",7.580200,25.370000,45.207000,15.300000,0.196450,4.522000,330.6700,0.7764,0.2110
51,"POLYGON ((-96.0 -72.5, -84.0 -72.5, -84.0 -67.5, -96.0 -67.5, -96.0 -72.5))",5.873700,28.595000,44.577000,15.619000,0.196310,4.286700,165.4800,0.5380,0.1459
52,"POLYGON ((-84.0 -72.5, -72.0 -72.5, -72.0 -67.5, -84.0 -67.5, -84.0 -72.5))",6.544200,24.023000,46.297000,16.190000,0.282040,4.737100,232.0200,0.3706,0.1002
53,"POLYGON ((-72.0 -72.5, -60.0 -72.5, -60.0 -67.5, -72.0 -67.5, -72.0 -72.5))",5.634000,28.594000,45.267000,14.521000,0.383620,4.019300,244.3600,0.3961,0.1071
54,"POLYGON ((-60.0 -72.5, -48.0 -72.5, -48.0 -67.5, -60.0 -67.5, -60.0 -72.5))",6.922500,27.331000,43.667000,16.098000,0.206510,4.381500,206.2900,0.5602,0.1519
55,"POLYGON ((-48.0 -72.5, -36.0 -72.5, -36.0 -67.5, -48.0 -67.5, -48.0 -72.5))",6.665100,27.966000,43.570000,16.266000,0.306920,4.797600,99.8040,0.5749,0.1560
56,"POLYGON ((-36.0 -72.5, -24.0 -72.5, -24.0 -67.5, -36.0 -67.5, -36.0 -72.5))",7.113000,29.778000,42.736000,15.766000,0.377360,4.232600,214.6500,0.5099,0.1382
57,"POLYGON ((-24.0 -72.5, -12.0 -72.5, -12.0 -67.5, -24.0 -67.5, -24.0 -72.5))",6.756500,27.506000,43.844000,17.259000,0.053343,4.344500,132.7800,0.6432,0.1746
58,"POLYGON ((-12.0 -72.5, 0.0 -72.5, 0.0 -67.5, -12.0 -67.5, -12.0 -72.5))",4.281000,30.281000,45.666000,15.026000,0.018142,3.777300,262.3600,0.4122,0.1115
59,"POLYGON ((0.0 -72.5, 12.0 -72.5, 12.0 -67.5, 0.0 -67.5, 0.0 -72.5))",4.296200,26.697000,43.709000,17.371000,0.486030,4.495100,266.3200,0.3726,0.1007
60,"POLYGON ((12.0 -72.5, 24.0 -72.5, 24.0 -67.5, 12.0 -67.5, 12.0 -72.5))",8.500900,30.178000,41.637000,14.404000,0.192280,3.822800,158.3100,0.3706,0.1002
61,"POLYGON ((24.0 -72.5, 36.0 -72.5, 36.0 -67.5, 24.0 -67.5, 24.0 -72.5))",7.048800,27.918000,43.575000,16.286000,0.055471,4.534100,309.8800,0.4540,0.1229
62,"POLYGON ((36.0 -72.5, 48.0 -72.5, 48.0 -67.5, 36.0 -67.5, 36.0 -72.5))",8.424500,29.953000,42.272000,15.012000,0.021890,3.649900,180.7400,0.5324,0.1444
63,"POLYGON ((48.0 -72.5, 60.0 -72.5, 60.0 -67.5, 48.0 -67.5, 48.0 -72.5))",7.747000,26.785000,44.196000,15.420000,0.266110,4.173300,71.5880,0.4967,0.1346
64,"POLYGON ((60.0 -72.5, 72.0 -72.5, 72.0 -67.5, 60.0 -67.5, 60.0 -72.5))",5.597400,24.867000,44.925000,16.667000,0.442430,4.680400,201.8200,0.5636,0.1529
65,"POLYGON ((72.0 -72.5, 84.0 -72.5, 84.0 -67.5, 72.0 -67.5, 72.0 -72.5))",6.624500,27.798000,42.883000,16.183000,0.446150,5.187100,363.7700,0.6179,0.1677
66,"POLYGON ((84.0 -72.5, 96.0 -72.5, 96.0 -67.5, 84.0 -67.5, 84.0 -72.5))",6.201500,25.847000,45.326000,15.074000,0.423450,6.302300,369.8600,0.8604,0.2339
67,"POLYGON ((96.0 -72.5, 108.0 -72.5, 108.0 -67.5, 96.0 -67.5, 96.0 -72.5))",8.064900,28.516000,43.857000,14.061000,0.432290,5.845400,361.1800,0.7395,0.2009
68,"POLYGON ((108.0 -72.5, 120.0 -72.5, 120.0 -67.5, 108.0 -67.5, 108.0 -72.5))",7.087200,29.194000,43.384000,15.709000,0.156120,5.541800,292.1400,0.5274,0.1430
69,"POLYGON ((120.0 -72.5, 132.0 -72.5, 132.0 -67.5, 120.0 -67.5, 120.0 -72.5))",6.200900,28.407000,46.418000,15.666000,0.311390,4.414500,354.5600,0.5686,0.1542
70,"POLYGON ((132.0 -72.5, 144.0 -72.5, 144.0 -67.5, 132.0 -67.5, 132.0 -72.5))",8.447400,26.948000,46.408000,16.407000,0.000000,4.809800,424.3900,0.8418,0.2288
71,"POLYGON ((144.0 -72.5, 156.0 -72.5, 156.0 -67.5, 144.0 -67.5, 144.0 -72.5))",9.654500,26.321000,45.433000,15.615000,0.000000,5.911800,553.9200,1.3440,0.3659
72,"POLYGON ((156.0 -72.5, 168.0 -72.5, 168.0 -67.5, 156.0 -67.5, 156.0 -72.5))",8.181600,26.830000,44.213000,16.667000,0.268930,6.779600,747.0700,1.7635,0.4804
73,"POLYGON ((168.0 -72.5, 180.0 -72.5, 180.0 -67.5, 168.0 -67.5, 168.0 -72.5))",8.406400,24.798000,44.016000,15.504000,0.000000,8.008500,1010.7000,2.0859,0.5684
74,"POLYGON ((-180.0 -67.5, -170.0 -67.5, -170.0 -62.5, -180.0 -62.5, -180.0 -67.5))",6.017600,21.655000,44.499000,17.482000,0.553110,8.560200,1129.3000,2.4516,0.6683
75,"POLYGON ((-170.0 -67.5, -160.0 -67.5, -160.0 -62.5, -170.0 -62.5, -170.0 -67.5))",6.929700,21.266000,46.033000,14.774000,0.611120,8.458100,1056.2000,2.2656,0.6175
76,"POLYGON ((-160.0 -67.5, -150.0 -67.5, -150.0 -62.5, -160.0 -62.5, -160.0 -67.5))",8.003400,23.116000,45.313000,14.543000,0.324440,8.392000,974.7100,1.7479,0.4762
77,"POLYGON ((-150.0 -67.5, -140.0 -67.5, -140.0 -62.5, -150.0 -62.5, -150.0 -67.5))",10.970000,22.883000,42.126000,14.401000,0.633810,7.862600,680.1200,1.7770,0.4841
78,"POLYGON ((-140.0 -67.5, -130.0 -67.5, -130.0 -62.5, -140.0 -62.5, -140.0 -67.5))",7.001700,18.942000,44.342000,16.608000,0.687930,8.440000,846.1700,1.9986,0.5446
79,"POLYGON ((-130.0 -67.5, -120.0 -67.5, -120.0 -62.5, -130.0 -62.5, -130.0 -67.5))",5.655200,28.492000,42.639000,15.317000,0.311070,5.554500,724.8000,1.5238,0.4150
80,"POLYGON ((-120.0 -67.5, -110.0 -67.5, -110.0 -62.5, -120.0 -62.5, -120.0 -67.5))",6.374800,25.695000,44.641000,15.403000,0.187280,5.089200,457.1400,1.0326,0.2809
81,"POLYGON ((-110.0 -67.5, -100.0 -67.5, -100.0 -62.5, -110.0 -62.5, -110.0 -67.5))",5.294900,28.433000,43.657000,15.876000,0.000000,4.419900,318.2000,0.5701,0.1546
82,"POLYGON ((-100.0 -67.5, -90.0 -67.5, -90.0 -62.5, -100.0 -62.5, -100.0 -67.5))",4.348400,28.280000,44.599000,16.441000,0.220670,3.993500,232.5200,0.3504,0.0947
83,"POLYGON ((-90.0 -67.5, -80.0 -67.5, -80.0 -62.5, -90.0 -62.5, -90.0 -67.5))",6.090800,26.082000,44.552000,16.317000,0.104670,4.091100,176.0400,0.2570,0.0692
84,"POLYGON ((-80.0 -67.5, -70.0 -67.5, -70.0 -62.5, -80.0 -62.5, -80.0 -67.5))",3.988300,25.699000,44.891000,16.243000,0.411530,4.683500,277.1300,0.4331,0.1172
85,"POLYGON ((-70.0 -67.5, -60.0 -67.5, -60.0 -62.5, -70.0 -62.5, -70.0 -67.5))",4.114100,28.609000,43.670000,16.839000,0.341050,3.803300,214.6600,0.3505,0.0947
86,"POLYGON ((-60.0 -67.5, -50.0 -67.5, -50.0 -62.5, -60.0 -62.5, -60.0 -67.5))",6.698700,25.746000,45.157000,16.069000,0.354780,4.076100,60.5780,0.4139,0.1120
87,"POLYGON ((-50.0 -67.5, -40.0 -67.5, -40.0 -62.5, -50.0 -62.5, -50.0 -67.5))",4.890100,27.311000,43.724000,17.115000,0.328800,4.855200,214.9300,0.4777,0.1294
88,"POLYGON ((-40.0 -67.5, -30.0 -67.5, -30.0 -62.5, -40.0 -62.5, -40.0 -67.5))",6.270100,27.993000,44.623000,15.275000,0.289020,4.836200,179.8800,0.5555,0.1507
89,"POLYGON ((-30.0 -67.5, -20.0 -67.5, -20.0 -62.5, -30.0 -62.5, -30.0 -67.5))",5.486300,28.506000,41.947000,18.238000,0.282400,4.644600,191.4700,0.6050,0.1642
90,"POLYGON ((-20.0 -67.5, -10.0 -67.5, -10.0 -62.5, -20.0 -62.5, -20.0 -67.5))",6.295200,28.644000,43.075000,16.848000,0.051422,4.274400,363.0700,0.5356,0.1452
91,"POLYGON ((-10.0 -67.5, 0.0 -67.5, 0.0 -62.5, -10.0 -62.5, -10.0 -67.5))",5.063400,28.497000,42.974000,16.362000,0.198490,4.390700,318.9100,0.3150,0.0850
92,"POLYGON ((0.0 -67.5, 10.0 -67.5, 10.0 -62.5, 0.0 -62.5, 0.0 -67.5))",7.836300,25.727000,43.577000,16.583000,0.000000,4.084700,138.6700,0.5259,0.1426
93,"POLYGON ((10.0 -67.5, 20.0 -67.5, 20.0 -62.5, 10.0 -62.5, 10.0 -67.5))",7.273900,24.270000,45.414000,15.060000,0.290940,4.631500,223.5700,0.5550,0.1505
94,"POLYGON ((20.0 -67.5, 30.0 -67.5, 30.0 -62.5, 20.0 -62.5, 20.0 -67.5))",7.137000,26.461000,41.477000,17.146000,0.664100,4.328700,253.2600,0.5973,0.1621
95,"POLYGON ((30.0 -67.5, 40.0 -67.5, 40.0 -62.5, 30.0 -62.5, 30.0 -67.5))",3.961500,30.550000,42.995000,15.955000,0.580480,4.134200,277.8600,0.5090,0.1379
96,"POLYGON ((40.0 -67.5, 50.0 -67.5, 50.0 -62.5, 40.0 -62.5, 40.0 -67.5))",7.868000,25.290000,43.398000,16.853000,0.163590,4.577600,165.7500,0.5009,0.1358
97,"POLYGON ((50.0 -67.5, 60.0 -67.5, 60.0 -62.5, 50.0 -62.5, 50.0 -67.5))",5.885500,26.798000,44.517000,16.450000,0.471380,4.803800,118.9200,0.5050,0.1369
98,"POLYGON ((60.0 -67.5, 70.0 -67.5, 70.0 -62.5, 60.0 -62.5, 60.0 -67.5))",4.330100,27.330000,44.952000,16.146000,0.477000,4.501200,167.2700,0.5867,0.1592
99,"POLYGON ((70.0 -67.5, 80.0 -67.5, 80.0 -62.5, 70.0 -62.5, 70.0 -67.5))",5.903000,27.972000,42.354000,16.276000,0.550710,4.973700,293.9500,0.5933,0.1610
100,"POLYGON ((80.0 -67.5, 90.0 -67.5, 90.0 -62.5, 80.0 -62.5, 80.0 -67.5))",7.465400,23.604000,45.248000,16.053000,0.604260,5.831500,235.7200,0.7927,0.2154
101,"POLYGON ((90.0 -67.5, 100.0 -67.5, 100.0 -62.5, 90.0 -62.5, 90.0 -67.5))",5.895700,25.885000,43.094000,16.949000,0.792100,5.546200,327.3900,0.6242,0.1694
102,"POLYGON ((100.0 -67.5, 110.0 -67.5, 110.0 -62.5, 100.0 -62.5, 100.0 -67.5))",7.972300,23.951000,44.977000,17.122000,0.438100,5.459100,227.3800,0.7100,0.1928
103,"POLYGON ((110.0 -67.5, 120.0 -67.5, 120.0 -62.5, 110.0 -62.5, 110.0 -67.5))",4.360000,28.573000,45.200000,16.109000,0.396350,5.139600,346.6400,0.5374,0.1457
104,"POLYGON ((120.0 -67.5, 130.0 -67.5, 130.0 -62.5, 120.0 -62.5, 120.0 -67.5))",6.041700,27.255000,45.464000,16.644000,0.177970,5.069000,342.7000,0.6936,0.1884
105,"POLYGON ((130.0 -67.5, 140.0 -67.5, 140.0 -62.5, 130.0 -62.5, 130.0 -67.5))",5.501100,30.147000,43.531000,16.829000,0.256190,4.894800,416.4100,0.8757,0.2381
106,"POLYGON ((140.0 -67.5, 150.0 -67.5, 150.0 -62.5, 140.0 -62.5, 140.0 -67.5))",5.996500,25.229000,46.787000,17.338000,0.302660,5.883400,585.9300,1.4178,0.3861
107,"POLYGON ((150.0 -67.5, 160.0 -67.5, 160.0 -62.5, 150.0 -62.5, 150.0 -67.5))",7.502200,24.864000,45.334000,16.997000,0.088491,7.604100,864.8800,1.9487,0.5310
108,"POLYGON ((160.0 -67.5, 170.0 -67.5, 170.0 -62.5, 160.0 -62.5, 160.0 -67.5))",7.180000,21.520000,45.118000,17.792000,0.647450,7.769600,1012.9000,2.2678,0.6181
109,"POLYGON ((170.0 -67.5, 180.0 -67.5, 180.0 -62.5, 170.0 -62.5, 170.0 -67.5))",8.957400,21.214000,46.158000,15.899000,0.337540,7.718600,1032.2000,2.4475,0.6672
110,"POLYGON ((-180.0 -62.5, -171.0 -62.5, -171.0 -57.5, -180.0 -57.5, -180.0 -62.5))",9.246200,18.989000,45.712000,15.364000,0.509740,9.289800,879.6900,2.0569,0.5605
111,"POLYGON ((-171.0 -62.5, -162.0 -62.5, -162.0 -57.5, -171.0 -57.5, -171.0 -62.5))",6.814900,15.998000,46.854000,16.475000,1.121300,10.660000,846.8300,1.7069,0.4650
112,"POLYGON ((-162.0 -62.5, -153.0 -62.5, -153.0 -57.5, -162.0 -57.5, -162.0 -62.5))",9.779600,17.163000,45.342000,15.577000,1.067000,9.653300,573.6500,1.5008,0.4087
113,"POLYGON ((-153.0 -62.5, -144.0 -62.5, -144.0 -57.5, -153.0 -57.5, -153.0 -62.5))",8.659000,23.893000,43.468000,13.516000,0.556660,8.157800,806.1300,1.8874,0.5143
114,"POLYGON ((-144.0 -62.5, -135.0 -62.5, -135.0 -57.5, -144.0 -57.5, -144.0 -62.5))",8.379700,21.708000,44.407000,14.507000,0.649460,8.231400,822.7400,2.1551,0.5874
115,"POLYGON ((-135.0 -62.5, -126.0 -62.5, -126.0 -57.5, -135.0 -57.5, -135.0 -62.5))",5.646400,19.485000,46.814000,16.792000,0.518970,7.681500,1010.4000,1.8019,0.4909
116,"POLYGON ((-126.0 -62.5, -117.0 -62.5, -117.0 -57.5, -126.0 -57.5, -126.0 -62.5))",4.394100,24.724000,45.421000,15.428000,0.551680,5.864000,627.1600,1.2096,0.3292
117,"POLYGON ((-117.0 -62.5, -108.0 -62.5, -108.0 -57.5, -117.0 -57.5, -117.0 -62.5))",5.512800,26.636000,45.338000,15.282000,0.191550,4.413400,260.0400,0.7181,0.1950
118,"POLYGON ((-108.0 -62.5, -99.0 -62.5, -99.0 -57.5, -108.0 -57.5, -108.0 -62.5))",5.291300,28.358000,46.374000,15.187000,0.001836,3.850900,238.5300,0.3378,0.0912
119,"POLYGON ((-99.0 -62.5, -90.0 -62.5, -90.0 -57.5, -99.0 -57.5, -99.0 -62.5))",4.833600,26.405000,45.622000,16.108000,0.426910,4.548700,184.3300,0.3572,0.0965
120,"POLYGON ((-90.0 -62.5, -81.0 -62.5, -81.0 -57.5, -90.0 -57.5, -90.0 -62.5))",5.926400,26.763000,45.868000,16.021000,0.268530,3.526000,99.5100,0.2813,0.0758
121,"POLYGON ((-81.0 -62.5, -72.0 -62.5, -72.0 -57.5, -81.0 -57.5, -81.0 -62.5))",4.340800,28.077000,45.818000,14.910000,0.521340,4.218000,156.9500,0.2477,0.0666
122,"POLYGON ((-72.0 -62.5, -63.0 -62.5, -63.0 -57.5, -72.0 -57.5, -72.0 -62.5))",4.518000,26.300000,46.579000,16.384000,0.060695,4.642700,265.4800,0.2261,0.0607
123,"POLYGON ((-63.0 -62.5, -54.0 -62.5, -54.0 -57.5, -63.0 -57.5, -63.0 -62.5))",5.147200,27.125000,46.597000,15.067000,0.261170,5.019500,268.2500,0.2683,0.0722
124,"POLYGON ((-54.0 -62.5, -45.0 -62.5, -45.0 -57.5, -54.0 -57.5, -54.0 -62.5))",7.683600,23.974000,45.032000,17.147000,0.218530,5.013800,150.9700,0.2508,0.0675
125,"POLYGON ((-45.0 -62.5, -36.0 -62.5, -36.0 -57.5, -45.0 -57.5, -45.0 -62.5))",7.417400,26.253000,45.698000,16.938000,0.122950,4.516300,233.3100,0.3431,0.0927
126,"POLYGON ((-36.0 -62.5, -27.0 -62.5, -27.0 -57.5, -36.0 -57.5, -36.0 -62.5))",6.338400,27.722000,43.953000,17.481000,0.149010,5.063300,282.3600,0.5368,0.1456
127,"POLYGON ((-27.0 -62.5, -18.0 -62.5, -18.0 -57.5, -27.0 -57.5, -27.0 -62.5))",4.214800,30.130000,43.415000,17.502000,0.168690,4.265900,266.5000,0.7505,0.2039
128,"POLYGON ((-18.0 -62.5, -9.0 -62.5, -9.0 -57.5, -18.0 -57.5, -18.0 -62.5))",6.181600,31.782000,42.077000,15.653000,0.087867,3.363500,174.2000,0.4916,0.1332
129,"POLYGON ((-9.0 -62.5, 0.0 -62.5, 0.0 -57.5, -9.0 -57.5, -9.0 -62.5))",4.312600,26.148000,46.259000,17.218000,0.402790,3.776800,209.0100,0.5046,0.1368
130,"POLYGON ((0.0 -62.5, 9.0 -62.5, 9.0 -57.5, 0.0 -57.5, 0.0 -62.5))",6.441900,26.406000,43.625000,16.660000,0.419340,4.395700,213.7100,0.3158,0.0852
131,"POLYGON ((9.0 -62.5, 18.0 -62.5, 18.0 -57.5, 9.0 -57.5, 9.0 -62.5))",5.570000,28.504000,42.420000,15.848000,0.180950,4.908300,338.9400,0.6472,0.1757
132,"POLYGON ((18.0 -62.5, 27.0 -62.5, 27.0 -57.5, 18.0 -57.5, 18.0 -62.5))",5.389800,29.013000,41.694000,16.443000,0.476560,4.663200,363.2700,0.6072,0.1648
133,"POLYGON ((27.0 -62.5, 36.0 -62.5, 36.0 -57.5, 27.0 -57.5, 27.0 -62.5))",7.319500,30.838000,41.487000,14.851000,0.378180,4.170300,299.6400,0.5050,0.1369
134,"POLYGON ((36.0 -62.5, 45.0 -62.5, 45.0 -57.5, 36.0 -57.5, 36.0 -62.5))",8.066300,32.068000,42.760000,13.864000,0.159610,3.843700,190.4200,0.3617,0.0978
135,"POLYGON ((45.0 -62.5, 54.0 -62.5, 54.0 -57.5, 45.0 -57.5, 45.0 -62.5))",8.199000,28.488000,41.836000,14.896000,0.242130,4.884000,210.8700,0.5932,0.1609
136,"POLYGON ((54.0 -62.5, 63.0 -62.5, 63.0 -57.5, 54.0 -57.5, 54.0 -62.5))",7.440100,30.821000,42.573000,14.971000,0.286360,4.014400,129.0600,0.4095,0.1108
137,"POLYGON ((63.0 -62.5, 72.0 -62.5, 72.0 -57.5, 63.0 -57.5, 63.0 -62.5))",5.273700,29.627000,43.864000,15.042000,0.573260,4.295000,107.9300,0.4733,0.1282
138,"POLYGON ((72.0 -62.5, 81.0 -62.5, 81.0 -57.5, 72.0 -57.5, 72.0 -62.5))",5.571900,23.671000,44.998000,16.599000,0.713360,6.241300,231.3500,0.5314,0.1441
139,"POLYGON ((81.0 -62.5, 90.0 -62.5, 90.0 -57.5, 81.0 -57.5, 81.0 -62.5))",6.623300,23.082000,44.010000,17.362000,0.696290,7.550400,271.2500,0.5417,0.1469
140,"POLYGON ((90.0 -62.5, 99.0 -62.5, 99.0 -57.5, 90.0 -57.5, 90.0 -62.5))",6.059100,23.883000,44.973000,15.938000,0.317970,6.984400,260.7100,0.6925,0.1880
141,"POLYGON ((99.0 -62.5, 108.0 -62.5, 108.0 -57.5, 99.0 -57.5, 99.0 -62.5))",6.002900,27.040000,44.897000,14.579000,0.551520,6.096300,306.7700,0.5193,0.1408
142,"POLYGON ((108.0 -62.5, 117.0 -62.5, 117.0 -57.5, 108.0 -57.5, 108.0 -62.5))",4.399500,23.582000,47.050000,17.374000,0.565780,5.607700,350.5800,0.6474,0.1757
143,"POLYGON ((117.0 -62.5, 126.0 -62.5, 126.0 -57.5, 117.0 -57.5, 117.0 -62.5))",5.500300,31.878000,41.833000,16.960000,0.000000,4.508600,350.0900,0.5534,0.1501
144,"POLYGON ((126.0 -62.5, 135.0 -62.5, 135.0 -57.5, 126.0 -57.5, 126.0 -62.5))",4.633600,30.522000,41.469000,17.745000,0.265680,4.735400,457.0000,0.8024,0.2180
145,"POLYGON ((135.0 -62.5, 144.0 -62.5, 144.0 -57.5, 135.0 -57.5, 135.0 -62.5))",4.971500,27.948000,43.551000,17.963000,0.316300,4.846200,482.9000,1.1660,0.3173
146,"POLYGON ((144.0 -62.5, 153.0 -62.5, 153.0 -57.5, 144.0 -57.5, 144.0 -62.5))",7.623300,26.025000,44.368000,16.210000,0.306840,5.984100,675.6600,1.4390,0.3918
147,"POLYGON ((153.0 -62.5, 162.0 -62.5, 162.0 -57.5, 153.0 -57.5, 153.0 -62.5))",7.707100,24.935000,42.817000,16.565000,0.516070,7.589000,923.5600,1.8865,0.5140
148,"POLYGON ((162.0 -62.5, 171.0 -62.5, 171.0 -57.5, 162.0 -57.5, 162.0 -62.5))",7.741500,23.636000,42.274000,15.962000,0.219830,9.226500,1050.7000,2.2529,0.6140
149,"POLYGON ((171.0 -62.5, 180.0 -62.5, 180.0 -57.5, 171.0 -57.5, 171.0 -62.5))",9.335500,22.756000,46.236000,13.532000,0.105360,8.873000,883.8100,2.3040,0.6280
150,"POLYGON ((-180.0 -57.5, -172.0 -57.5, -172.0 -52.5, -180.0 -52.5, -180.0 -57.5))",8.968900,19.759000,46.353000,13.865000,0.428100,9.662600,703.9600,1.7838,0.4860
151,"POLYGON ((-172.0 -57.5, -164.0 -57.5, -164.0 -52.5, -172.0 -52.5, -172.0 -57.5))",8.545600,20.328000,46.647000,13.368000,1.000900,9.013900,734.6800,1.2744,0.3469
152,"POLYGON ((-164.0 -57.5, -156.0 -57.5, -156.0 -52.5, -164.0 -52.5, -164.0 -57.5))",7.175900,20.529000,43.800000,15.029000,1.142900,9.875600,567.7900,1.3926,0.3792
153,"POLYGON ((-156.0 -57.5, -148.0 -57.5, -148.0 -52.5, -156.0 -52.5, -156.0 -57.5))",7.541800,13.659000,49.859000,15.851000,0.342800,10.858000,687.4300,1.3790,0.3755
154,"POLYGON ((-148.0 -57.5, -140.0 -57.5, -140.0 -52.5, -148.0 -52.5, -148.0 -57.5))",6.693600,16.799000,48.100000,16.036000,0.737410,9.456200,759.9100,1.7020,0.4636
155,"POLYGON ((-140.0 -57.5, -132.0 -57.5, -132.0 -52.5, -140.0 -52.5, -140.0 -57.5))",7.816000,23.349000,45.582000,14.971000,0.377750,6.616900,716.0500,1.7718,0.4827
156,"POLYGON ((-132.0 -57.5, -124.0 -57.5, -124.0 -52.5, -132.0 -52.5, -132.0 -57.5))",8.061100,25.074000,42.546000,16.399000,0.291590,5.357400,528.6900,1.3081,0.3561
157,"POLYGON ((-124.0 -57.5, -116.0 -57.5, -116.0 -52.5, -124.0 -52.5, -124.0 -57.5))",6.466900,24.738000,44.350000,15.476000,0.548730,4.693900,278.2900,0.7718,0.2097
158,"POLYGON ((-116.0 -57.5, -108.0 -57.5, -108.0 -52.5, -116.0 -52.5, -116.0 -57.5))",5.029700,27.643000,43.287000,16.037000,0.434600,4.442300,156.1600,0.4956,0.1343
159,"POLYGON ((-108.0 -57.5, -100.0 -57.5, -100.0 -52.5, -108.0 -52.5, -108.0 -57.5))",3.960600,28.397000,43.759000,17.599000,0.154670,4.500200,259.7400,0.3336,0.0901
160,"POLYGON ((-100.0 -57.5, -92.0 -57.5, -92.0 -52.5, -100.0 -52.5, -100.0 -57.5))",4.709700,27.012000,45.287000,15.014000,0.403650,5.178400,230.4500,0.3536,0.0955
161,"POLYGON ((-92.0 -57.5, -84.0 -57.5, -84.0 -52.5, -92.0 -52.5, -92.0 -57.5))",5.626200,24.614000,46.691000,14.949000,0.686230,4.663900,120.5600,0.1537,0.0410
162,"POLYGON ((-84.0 -57.5, -76.0 -57.5, -76.0 -52.5, -84.0 -52.5, -84.0 -57.5))",3.897400,25.578000,46.852000,17.021000,0.392540,4.726800,177.1400,0.0866,0.0226
163,"POLYGON ((-76.0 -57.5, -68.0 -57.5, -68.0 -52.5, -76.0 -52.5, -76.0 -57.5))",3.419500,28.770000,45.432000,16.418000,0.604210,4.152900,91.2410,0.2532,0.0681
164,"POLYGON ((-68.0 -57.5, -60.0 -57.5, -60.0 -52.5, -68.0 -52.5, -68.0 -57.5))",8.054500,25.923000,43.480000,14.794000,0.318890,6.316600,17.6020,0.2819,0.0760
165,"POLYGON ((-60.0 -57.5, -52.0 -57.5, -52.0 -52.5, -60.0 -52.5, -60.0 -57.5))",6.560500,25.912000,43.776000,14.832000,0.671620,6.639200,152.5500,0.4040,0.1093
166,"POLYGON ((-52.0 -57.5, -44.0 -57.5, -44.0 -52.5, -52.0 -52.5, -52.0 -57.5))",5.214400,24.910000,43.800000,16.685000,0.768630,6.933200,254.5700,0.4326,0.1171
167,"POLYGON ((-44.0 -57.5, -36.0 -57.5, -36.0 -52.5, -44.0 -52.5, -44.0 -57.5))",6.408300,24.370000,44.582000,18.014000,0.447490,6.049600,251.7600,0.2831,0.0763
168,"POLYGON ((-36.0 -57.5, -28.0 -57.5, -28.0 -52.5, -36.0 -52.5, -36.0 -57.5))",5.100000,31.188000,44.652000,15.909000,0.291600,4.811500,423.4900,0.6856,0.1862
169,"POLYGON ((-28.0 -57.5, -20.0 -57.5, -20.0 -52.5, -28.0 -52.5, -28.0 -57.5))",5.362600,25.929000,45.360000,16.949000,0.431480,5.144000,427.3600,0.6634,0.1801
170,"POLYGON ((-20.0 -57.5, -12.0 -57.5, -12.0 -52.5, -20.0 -52.5, -20.0 -57.5))",5.986000,24.506000,46.086000,18.283000,0.365030,4.437800,251.3700,0.5286,0.1433
171,"POLYGON ((-12.0 -57.5, -4.0 -57.5, -4.0 -52.5, -12.0 -52.5, -12.0 -57.5))",7.182500,28.858000,43.927000,15.381000,0.354280,3.827700,185.4200,0.6240,0.1694
172,"POLYGON ((-4.0 -57.5, 4.0 -57.5, 4.0 -52.5, -4.0 -52.5, -4.0 -57.5))",4.598200,30.464000,44.050000,14.834000,0.336250,3.941800,400.9800,0.4644,0.1258
173,"POLYGON ((4.0 -57.5, 12.0 -57.5, 12.0 -52.5, 4.0 -52.5, 4.0 -57.5))",6.816700,26.208000,44.749000,14.180000,0.630360,4.706800,331.4700,0.5363,0.1454
174,"POLYGON ((12.0 -57.5, 20.0 -57.5, 20.0 -52.5, 12.0 -52.5, 12.0 -57.5))",7.496400,25.012000,45.051000,14.795000,0.827290,4.492400,172.4500,0.8637,0.2348
175,"POLYGON ((20.0 -57.5, 28.0 -57.5, 28.0 -52.5, 20.0 -52.5, 20.0 -57.5))",4.832900,25.373000,44.755000,17.628000,0.645200,5.113900,316.9600,0.6721,0.1825
176,"POLYGON ((28.0 -57.5, 36.0 -57.5, 36.0 -52.5, 28.0 -52.5, 28.0 -57.5))",7.221900,25.784000,44.725000,15.493000,0.307450,5.628900,336.7600,0.6236,0.1693
177,"POLYGON ((36.0 -57.5, 44.0 -57.5, 44.0 -52.5, 36.0 -52.5, 36.0 -57.5))",7.317700,28.752000,43.145000,15.339000,0.085326,5.396200,314.3300,0.4178,0.1131
178,"POLYGON ((44.0 -57.5, 52.0 -57.5, 52.0 -52.5, 44.0 -52.5, 44.0 -57.5))",5.172700,28.163000,44.412000,15.302000,0.351110,5.061700,247.2300,0.5090,0.1380
179,"POLYGON ((52.0 -57.5, 60.0 -57.5, 60.0 -52.5, 52.0 -52.5, 52.0 -57.5))",5.480600,29.024000,42.320000,16.156000,0.764480,4.876400,203.8800,0.4600,0.1246
180,"POLYGON ((60.0 -57.5, 68.0 -57.5, 68.0 -52.5, 60.0 -52.5, 60.0 -57.5))",7.137800,25.638000,46.106000,15.393000,0.338340,5.029700,234.2300,0.4017,0.1087
181,"POLYGON ((68.0 -57.5, 76.0 -57.5, 76.0 -52.5, 68.0 -52.5, 68.0 -57.5))",8.860400,25.196000,44.374000,14.273000,0.351980,6.396900,142.6600,0.4301,0.1164
182,"POLYGON ((76.0 -57.5, 84.0 -57.5, 84.0 -52.5, 76.0 -52.5, 76.0 -57.5))",8.060000,22.122000,42.239000,16.912000,0.735160,8.171400,190.1800,0.4795,0.1299
183,"POLYGON ((84.0 -57.5, 92.0 -57.5, 92.0 -52.5, 84.0 -52.5, 84.0 -57.5))",7.138400,28.815000,41.925000,15.362000,0.861500,6.317000,250.4000,0.4512,0.1222
184,"POLYGON ((92.0 -57.5, 100.0 -57.5, 100.0 -52.5, 92.0 -52.5, 92.0 -57.5))",5.073800,25.377000,45.751000,16.263000,0.732740,5.936800,349.6700,0.5041,0.1366
185,"POLYGON ((100.0 -57.5, 108.0 -57.5, 108.0 -52.5, 100.0 -52.5, 100.0 -57.5))",5.508400,25.172000,44.952000,15.885000,0.828480,5.703500,266.8000,0.5276,0.1430
186,"POLYGON ((108.0 -57.5, 116.0 -57.5, 116.0 -52.5, 108.0 -52.5, 108.0 -57.5))",4.336900,31.096000,39.945000,15.556000,0.384570,6.037400,431.6200,0.8089,0.2198
187,"POLYGON ((116.0 -57.5, 124.0 -57.5, 124.0 -52.5, 116.0 -52.5, 116.0 -57.5))",5.351300,24.083000,46.461000,17.337000,0.303110,5.256100,379.0300,0.7294,0.1981
188,"POLYGON ((124.0 -57.5, 132.0 -57.5, 132.0 -52.5, 124.0 -52.5, 124.0 -57.5))",4.355300,26.542000,45.790000,17.390000,0.287230,5.098700,433.1500,0.7336,0.1993
189,"POLYGON ((132.0 -57.5, 140.0 -57.5, 140.0 -52.5, 132.0 -52.5, 132.0 -57.5))",6.955200,27.959000,44.768000,16.409000,0.069558,4.100500,483.8200,0.8795,0.2391
190,"POLYGON ((140.0 -57.5, 148.0 -57.5, 148.0 -52.5, 140.0 -52.5, 140.0 -57.5))",7.610500,25.658000,46.698000,16.708000,0.000000,5.351200,627.6900,1.0321,0.2808
191,"POLYGON ((148.0 -57.5, 156.0 -57.5, 156.0 -52.5, 148.0 -52.5, 148.0 -57.5))",8.128300,25.893000,44.789000,15.363000,0.412420,7.116900,847.6100,1.8885,0.5145
192,"POLYGON ((156.0 -57.5, 164.0 -57.5, 164.0 -52.5, 156.0 -52.5, 156.0 -57.5))",7.279100,20.139000,45.487000,17.183000,1.099800,8.090600,898.3000,2.1248,0.5791
193,"POLYGON ((164.0 -57.5, 172.0 -57.5, 172.0 -52.5, 164.0 -52.5, 164.0 -57.5))",6.237600,20.008000,45.657000,16.946000,0.628750,9.769700,1000.8000,2.1415,0.5836
194,"POLYGON ((172.0 -57.5, 180.0 -57.5, 180.0 -52.5, 172.0 -52.5, 172.0 -57.5))",8.993700,19.529000,46.069000,14.745000,0.689430,9.505200,874.5200,1.8513,0.5044
195,"POLYGON ((-180.0 -52.5, -172.5 -52.5, -172.5 -47.5, -180.0 -47.5, -180.0 -52.5))",9.230300,21.811000,43.741000,15.186000,0.976700,8.876500,808.4400,1.9009,0.5180
196,"POLYGON ((-172.5 -52.5, -165.0 -52.5, -165.0 -47.5, -172.5 -47.5, -172.5 -52.5))",8.803800,22.253000,42.384000,15.358000,0.703960,9.862300,672.9800,1.6391,0.4465
197,"POLYGON ((-165.0 -52.5, -157.5 -52.5, -157.5 -47.5, -165.0 -47.5, -165.0 -52.5))",8.002200,17.880000,45.259000,16.854000,1.125400,10.074000,508.9700,1.2282,0.3343
198,"POLYGON ((-157.5 -52.5, -150.0 -52.5, -150.0 -47.5, -157.5 -47.5, -157.5 -52.5))",4.403000,23.176000,46.069000,14.775000,0.761620,9.743000,739.5800,1.0570,0.2875
199,"POLYGON ((-150.0 -52.5, -142.5 -52.5, -142.5 -47.5, -150.0 -47.5, -150.0 -52.5))",6.900700,20.578000,47.431000,16.204000,0.600310,8.574800,453.7800,1.2403,0.3376
200,"POLYGON ((-142.5 -52.5, -135.0 -52.5, -135.0 -47.5, -142.5 -47.5, -142.5 -52.5))",8.462500,25.018000,48.680000,11.547000,0.000000,6.611000,540.2900,1.2785,0.3480
201,"POLYGON ((-135.0 -52.5, -127.5 -52.5, -127.5 -47.5, -135.0 -47.5, -135.0 -52.5))",5.686400,24.110000,46.297000,15.167000,0.409710,5.504300,467.2700,0.9962,0.2710
202,"POLYGON ((-127.5 -52.5, -120.0 -52.5, -120.0 -47.5, -127.5 -47.5, -127.5 -52.5))",5.036500,27.834000,44.974000,15.664000,0.218020,4.056900,403.6200,0.4989,0.1352
203,"POLYGON ((-120.0 -52.5, -112.5 -52.5, -112.5 -47.5, -120.0 -47.5, -120.0 -52.5))",0.973470,27.741000,47.280000,16.394000,0.178360,3.999500,279.3400,0.3406,0.0920
204,"POLYGON ((-112.5 -52.5, -105.0 -52.5, -105.0 -47.5, -112.5 -47.5, -112.5 -52.5))",4.185700,25.174000,47.587000,16.781000,0.385240,4.399200,175.5700,0.0743,0.0193
205,"POLYGON ((-105.0 -52.5, -97.5 -52.5, -97.5 -47.5, -105.0 -47.5, -105.0 -52.5))",4.570200,25.613000,48.471000,14.646000,0.496600,4.404700,207.8500,0.1327,0.0352
206,"POLYGON ((-97.5 -52.5, -90.0 -52.5, -90.0 -47.5, -97.5 -47.5, -97.5 -52.5))",3.448600,23.499000,47.983000,16.212000,0.437430,5.544800,337.9200,0.1743,0.0466
207,"POLYGON ((-90.0 -52.5, -82.5 -52.5, -82.5 -47.5, -90.0 -47.5, -90.0 -52.5))",6.860000,25.740000,45.835000,14.591000,0.358400,5.011300,68.4710,0.1486,0.0396
208,"POLYGON ((-82.5 -52.5, -75.0 -52.5, -75.0 -47.5, -82.5 -47.5, -82.5 -52.5))",4.706600,29.230000,45.947000,14.766000,0.343370,4.784200,95.8170,0.0663,0.0171
209,"POLYGON ((-75.0 -52.5, -67.5 -52.5, -67.5 -47.5, -75.0 -47.5, -75.0 -52.5))",6.901700,26.387000,43.665000,18.278000,0.178280,5.183500,51.7820,0.0714,0.0185
210,"POLYGON ((-67.5 -52.5, -60.0 -52.5, -60.0 -47.5, -67.5 -47.5, -67.5 -52.5))",6.580700,26.751000,44.636000,14.854000,0.621960,5.613000,116.9700,0.2148,0.0576
211,"POLYGON ((-60.0 -52.5, -52.5 -52.5, -52.5 -47.5, -60.0 -47.5, -60.0 -52.5))",6.307100,25.142000,45.724000,15.144000,0.697400,6.979500,140.1800,0.3508,0.0948
212,"POLYGON ((-52.5 -52.5, -45.0 -52.5, -45.0 -47.5, -52.5 -47.5, -52.5 -52.5))",5.876200,22.207000,46.998000,14.509000,1.178500,8.255700,322.3000,0.4042,0.1093
213,"POLYGON ((-45.0 -52.5, -37.5 -52.5, -37.5 -47.5, -45.0 -47.5, -45.0 -52.5))",6.984000,24.805000,45.348000,16.370000,0.720690,6.379000,400.2300,0.5955,0.1616
214,"POLYGON ((-37.5 -52.5, -30.0 -52.5, -30.0 -47.5, -37.5 -47.5, -37.5 -52.5))",7.633800,26.122000,45.076000,17.561000,0.732060,5.368200,324.9500,0.8947,0.2432
215,"POLYGON ((-30.0 -52.5, -22.5 -52.5, -22.5 -47.5, -30.0 -47.5, -30.0 -52.5))",6.886100,27.514000,45.744000,16.122000,0.254570,4.712900,415.2500,0.8786,0.2389
216,"POLYGON ((-22.5 -52.5, -15.0 -52.5, -15.0 -47.5, -22.5 -47.5, -22.5 -52.5))",7.596900,26.228000,43.043000,18.038000,0.069849,4.456100,291.1700,0.7669,0.2084
217,"POLYGON ((-15.0 -52.5, -7.5 -52.5, -7.5 -47.5, -15.0 -47.5, -15.0 -52.5))",4.809000,24.022000,45.640000,17.006000,0.512030,4.870700,336.2100,0.7161,0.1945
218,"POLYGON ((-7.5 -52.5, 0.0 -52.5, 0.0 -47.5, -7.5 -47.5, -7.5 -52.5))",8.036200,26.345000,42.525000,15.773000,0.523660,4.555600,207.8600,0.5419,0.1469
219,"POLYGON ((0.0 -52.5, 7.5 -52.5, 7.5 -47.5, 0.0 -47.5, 0.0 -52.5))",5.360200,24.290000,44.596000,17.022000,0.444840,5.604500,386.5600,0.6072,0.1648
220,"POLYGON ((7.5 -52.5, 15.0 -52.5, 15.0 -47.5, 7.5 -47.5, 7.5 -52.5))",7.712300,23.455000,44.398000,16.847000,0.282630,5.266400,444.8900,0.8460,0.2300
221,"POLYGON ((15.0 -52.5, 22.5 -52.5, 22.5 -47.5, 15.0 -47.5, 15.0 -52.5))",5.416500,25.372000,46.794000,16.306000,0.483810,5.181200,427.6500,0.6527,0.1772
222,"POLYGON ((22.5 -52.5, 30.0 -52.5, 30.0 -47.5, 22.5 -47.5, 22.5 -52.5))",9.707700,21.964000,46.894000,15.380000,0.459510,4.983200,124.2900,0.6946,0.1886
223,"POLYGON ((30.0 -52.5, 37.5 -52.5, 37.5 -47.5, 30.0 -47.5, 30.0 -52.5))",6.836500,27.470000,43.941000,15.636000,0.348170,4.966500,162.0100,0.6507,0.1767
224,"POLYGON ((37.5 -52.5, 45.0 -52.5, 45.0 -47.5, 37.5 -47.5, 37.5 -52.5))",2.922000,27.574000,42.219000,18.580000,0.518480,5.355700,328.0200,0.4554,0.1233
225,"POLYGON ((45.0 -52.5, 52.5 -52.5, 52.5 -47.5, 45.0 -47.5, 45.0 -52.5))",3.990700,24.659000,44.797000,18.249000,0.400260,5.706100,325.0200,0.4598,0.1245
226,"POLYGON ((52.5 -52.5, 60.0 -52.5, 60.0 -47.5, 52.5 -47.5, 52.5 -52.5))",6.487900,27.432000,44.810000,15.909000,0.031752,5.020000,231.3300,0.2373,0.0638
227,"POLYGON ((60.0 -52.5, 67.5 -52.5, 67.5 -47.5, 60.0 -47.5, 60.0 -52.5))",5.849400,23.889000,44.127000,16.625000,0.886430,5.889800,220.2900,0.5524,0.1498
228,"POLYGON ((67.5 -52.5, 75.0 -52.5, 75.0 -47.5, 67.5 -47.5, 67.5 -52.5))",8.077700,21.991000,45.084000,14.935000,0.768170,7.195100,233.7500,0.4806,0.1302
229,"POLYGON ((75.0 -52.5, 82.5 -52.5, 82.5 -47.5, 75.0 -47.5, 75.0 -52.5))",6.392000,21.850000,44.509000,15.525000,0.932160,8.285800,245.0400,0.5320,0.1442
230,"POLYGON ((82.5 -52.5, 90.0 -52.5, 90.0 -47.5, 82.5 -47.5, 82.5 -52.5))",6.422800,24.126000,44.744000,14.276000,0.805620,8.641800,262.2400,0.3902,0.1055
231,"POLYGON ((90.0 -52.5, 97.5 -52.5, 97.5 -47.5, 90.0 -47.5, 90.0 -52.5))",7.665700,21.718000,44.555000,18.577000,0.597550,6.782400,210.5000,0.3582,0.0968
232,"POLYGON ((97.5 -52.5, 105.0 -52.5, 105.0 -47.5, 97.5 -47.5, 97.5 -52.5))",3.953000,27.137000,47.380000,14.438000,1.043200,6.070100,293.6000,0.3245,0.0876
233,"POLYGON ((105.0 -52.5, 112.5 -52.5, 112.5 -47.5, 105.0 -47.5, 105.0 -52.5))",6.712000,31.017000,42.450000,14.127000,0.100890,5.340400,442.8700,0.6072,0.1648
234,"POLYGON ((112.5 -52.5, 120.0 -52.5, 120.0 -47.5, 112.5 -47.5, 112.5 -52.5))",4.939500,29.060000,43.482000,16.652000,0.438380,5.166500,295.4000,0.6312,0.1713
235,"POLYGON ((120.0 -52.5, 127.5 -52.5, 127.5 -47.5, 120.0 -47.5, 120.0 -52.5))",4.426200,25.276000,47.689000,16.214000,0.580490,5.069000,347.0800,0.6434,0.1746
236,"POLYGON ((127.5 -52.5, 135.0 -52.5, 135.0 -47.5, 127.5 -47.5, 127.5 -52.5))",5.490100,26.174000,43.788000,18.310000,0.407820,5.263600,422.0900,0.9211,0.2505
237,"POLYGON ((135.0 -52.5, 142.5 -52.5, 142.5 -47.5, 135.0 -47.5, 135.0 -52.5))",5.660000,25.911000,46.312000,18.429000,0.148130,5.457900,474.8000,0.8926,0.2427
238,"POLYGON ((142.5 -52.5, 150.0 -52.5, 150.0 -47.5, 142.5 -47.5, 142.5 -52.5))",8.965800,23.958000,44.825000,16.602000,0.601080,5.882100,577.9500,1.4612,0.3979
239,"POLYGON ((150.0 -52.5, 157.5 -52.5, 157.5 -47.5, 150.0 -47.5, 150.0 -52.5))",8.372400,22.104000,45.520000,16.868000,0.600940,7.095300,884.9100,2.0310,0.5535
240,"POLYGON ((157.5 -52.5, 165.0 -52.5, 165.0 -47.5, 157.5 -47.5, 157.5 -52.5))",9.738400,24.166000,44.032000,14.462000,0.770890,8.028700,1110.3000,2.6595,0.7251
241,"POLYGON ((165.0 -52.5, 172.5 -52.5, 172.5 -47.5, 165.0 -47.5, 165.0 -52.5))",7.359100,20.282000,46.381000,16.575000,0.581240,8.765500,1188.9000,2.3645,0.6445
242,"POLYGON ((172.5 -52.5, 180.0 -52.5, 180.0 -47.5, 172.5 -47.5, 172.5 -52.5))",9.790000,22.905000,43.855000,15.135000,0.294310,8.218300,897.7700,1.9325,0.5266
243,"POLYGON ((-180.0 -47.5, -174.0 -47.5, -174.0 -42.5, -180.0 -42.5, -180.0 -47.5))",7.918700,13.782000,50.231000,16.091000,0.615390,10.779000,1140.8000,2.4195,0.6595
244,"POLYGON ((-174.0 -47.5, -168.0 -47.5, -168.0 -42.5, -174.0 -42.5, -174.0 -47.5))",9.476200,20.923000,47.015000,12.039000,0.538520,9.536300,799.3800,2.0341,0.5543
245,"POLYGON ((-168.0 -47.5, -162.0 -47.5, -162.0 -42.5, -168.0 -42.5, -168.0 -47.5))",9.438900,24.038000,44.027000,10.518000,1.166900,10.410000,630.9500,1.2298,0.3347
246,"POLYGON ((-162.0 -47.5, -156.0 -47.5, -156.0 -42.5, -162.0 -42.5, -162.0 -47.5))",7.021700,15.109000,48.658000,17.113000,0.969970,10.677000,557.8300,1.1609,0.3159
247,"POLYGON ((-156.0 -47.5, -150.0 -47.5, -150.0 -42.5, -156.0 -42.5, -156.0 -47.5))",7.678800,22.696000,43.771000,14.741000,1.058400,8.733100,561.5800,1.1050,0.3007
248,"POLYGON ((-150.0 -47.5, -144.0 -47.5, -144.0 -42.5, -150.0 -42.5, -150.0 -47.5))",6.985800,18.041000,49.690000,15.080000,0.931100,8.766400,505.5500,1.0398,0.2829
249,"POLYGON ((-144.0 -47.5, -138.0 -47.5, -138.0 -42.5, -144.0 -42.5, -144.0 -47.5))",6.469700,22.715000,46.460000,15.472000,0.213550,7.389300,618.5500,0.9488,0.2580
250,"POLYGON ((-138.0 -47.5, -132.0 -47.5, -132.0 -42.5, -138.0 -42.5, -138.0 -47.5))",4.488900,26.996000,46.396000,14.676000,0.305260,4.988000,514.9500,0.7164,0.1946
251,"POLYGON ((-132.0 -47.5, -126.0 -47.5, -126.0 -42.5, -132.0 -42.5, -132.0 -47.5))",3.622000,27.014000,44.938000,17.250000,0.220380,3.990300,283.1600,0.5328,0.1445
252,"POLYGON ((-126.0 -47.5, -120.0 -47.5, -120.0 -42.5, -126.0 -42.5, -126.0 -47.5))",3.679100,26.777000,45.324000,16.440000,0.515430,4.021100,137.5800,0.2647,0.0713
253,"POLYGON ((-120.0 -47.5, -114.0 -47.5, -114.0 -42.5, -120.0 -42.5, -120.0 -47.5))",5.382200,29.945000,42.101000,16.018000,0.307080,3.534900,150.8600,0.1638,0.0437
254,"POLYGON ((-114.0 -47.5, -108.0 -47.5, -108.0 -42.5, -114.0 -42.5, -114.0 -47.5))",2.331800,27.330000,45.148000,17.980000,0.047965,3.896500,253.6000,0.1321,0.0351
255,"POLYGON ((-108.0 -47.5, -102.0 -47.5, -102.0 -42.5, -108.0 -42.5, -108.0 -47.5))",6.214900,27.691000,44.080000,16.329000,0.190280,4.558900,84.1540,0.1126,0.0297
256,"POLYGON ((-102.0 -47.5, -96.0 -47.5, -96.0 -42.5, -102.0 -42.5, -102.0 -47.5))",5.988800,25.607000,46.529000,15.307000,0.184120,5.071700,159.1800,0.0153,0.0032
257,"POLYGON ((-96.0 -47.5, -90.0 -47.5, -90.0 -42.5, -96.0 -42.5, -96.0 -47.5))",4.737600,23.022000,46.651000,15.801000,0.823850,6.200900,148.6400,0.2346,0.0630
258,"POLYGON ((-90.0 -47.5, -84.0 -47.5, -84.0 -42.5, -90.0 -42.5, -90.0 -47.5))",5.426100,26.035000,44.085000,15.893000,0.577210,5.454500,0.0000,0.0327,0.0079
259,"POLYGON ((-84.0 -47.5, -78.0 -47.5, -78.0 -42.5, -84.0 -42.5, -84.0 -47.5))",5.429600,28.877000,46.466000,12.894000,0.416330,4.454200,161.9200,0.0595,0.0152
260,"POLYGON ((-78.0 -47.5, -72.0 -47.5, -72.0 -42.5, -78.0 -42.5, -78.0 -47.5))",4.505000,27.517000,45.647000,15.318000,0.856900,4.903400,0.0000,0.1343,0.0357
261,"POLYGON ((-72.0 -47.5, -66.0 -47.5, -66.0 -42.5, -72.0 -42.5, -72.0 -47.5))",4.005200,26.663000,45.303000,17.734000,0.620530,5.150800,208.1500,0.0943,0.0247
262,"POLYGON ((-66.0 -47.5, -60.0 -47.5, -60.0 -42.5, -66.0 -42.5, -66.0 -47.5))",5.449300,27.729000,44.027000,15.073000,0.569050,6.202500,112.1100,0.4108,0.1111
263,"POLYGON ((-60.0 -47.5, -54.0 -47.5, -54.0 -42.5, -60.0 -42.5, -60.0 -47.5))",3.144000,25.304000,46.487000,15.128000,0.527670,7.911500,408.9200,0.4035,0.1092
264,"POLYGON ((-54.0 -47.5, -48.0 -47.5, -48.0 -42.5, -54.0 -42.5, -54.0 -47.5))",8.727700,21.922000,43.676000,15.618000,0.865030,8.071600,219.5500,0.5382,0.1459
265,"POLYGON ((-48.0 -47.5, -42.0 -47.5, -42.0 -42.5, -48.0 -42.5, -48.0 -47.5))",8.050900,24.359000,39.463000,18.623000,0.661620,7.837700,390.3300,0.6456,0.1752
266,"POLYGON ((-42.0 -47.5, -36.0 -47.5, -36.0 -42.5, -42.0 -42.5, -42.0 -47.5))",7.083100,26.815000,44.668000,15.230000,0.542000,6.670900,489.4200,0.8689,0.2362
267,"POLYGON ((-36.0 -47.5, -30.0 -47.5, -30.0 -42.5, -36.0 -42.5, -36.0 -47.5))",6.230000,28.817000,44.955000,16.541000,0.348730,4.997600,392.4500,0.9426,0.2563
268,"POLYGON ((-30.0 -47.5, -24.0 -47.5, -24.0 -42.5, -30.0 -42.5, -30.0 -47.5))",8.036300,33.527000,41.455000,13.464000,0.564670,4.631400,484.6500,0.9921,0.2698
269,"POLYGON ((-24.0 -47.5, -18.0 -47.5, -18.0 -42.5, -24.0 -42.5, -24.0 -47.5))",8.999100,26.725000,42.921000,15.543000,0.572350,4.746500,368.4200,1.1081,0.3015
270,"POLYGON ((-18.0 -47.5, -12.0 -47.5, -12.0 -42.5, -18.0 -42.5, -18.0 -47.5))",8.126500,21.925000,44.476000,18.917000,0.439980,4.717400,172.0800,0.5748,0.1559
271,"POLYGON ((-12.0 -47.5, -6.0 -47.5, -6.0 -42.5, -12.0 -42.5, -12.0 -47.5))",4.085300,32.011000,41.723000,15.245000,0.392930,4.030900,210.5000,0.4495,0.1217
272,"POLYGON ((-6.0 -47.5, 0.0 -47.5, 0.0 -42.5, -6.0 -42.5, -6.0 -47.5))",9.520600,21.886000,46.944000,15.274000,0.096258,5.113000,287.4900,0.2896,0.0781
273,"POLYGON ((0.0 -47.5, 6.0 -47.5, 6.0 -42.5, 0.0 -42.5, 0.0 -47.5))",5.857400,24.079000,45.343000,16.501000,0.758330,5.147200,375.2000,0.8131,0.2210
274,"POLYGON ((6.0 -47.5, 12.0 -47.5, 12.0 -42.5, 6.0 -42.5, 6.0 -47.5))",8.920200,21.844000,43.429000,17.452000,0.643290,5.264300,230.3500,0.7220,0.1961
275,"POLYGON ((12.0 -47.5, 18.0 -47.5, 18.0 -42.5, 12.0 -42.5, 12.0 -47.5))",6.776600,26.022000,42.480000,16.600000,0.232870,5.604700,393.6900,0.9747,0.2651
276,"POLYGON ((18.0 -47.5, 24.0 -47.5, 24.0 -42.5, 18.0 -42.5, 18.0 -47.5))",6.572900,22.891000,46.303000,16.604000,0.667260,5.849000,257.1700,0.8532,0.2319
277,"POLYGON ((24.0 -47.5, 30.0 -47.5, 30.0 -42.5, 24.0 -42.5, 24.0 -47.5))",7.588400,22.110000,48.247000,17.300000,0.143500,5.309600,433.2200,0.5931,0.1609
278,"POLYGON ((30.0 -47.5, 36.0 -47.5, 36.0 -42.5, 30.0 -42.5, 30.0 -47.5))",6.101700,27.228000,45.024000,16.817000,0.519420,4.274600,303.8800,0.7421,0.2016
279,"POLYGON ((36.0 -47.5, 42.0 -47.5, 42.0 -42.5, 36.0 -42.5, 36.0 -47.5))",4.627000,27.365000,45.534000,16.694000,0.396690,4.586900,318.8400,0.4550,0.1232
280,"POLYGON ((42.0 -47.5, 48.0 -47.5, 48.0 -42.5, 42.0 -42.5, 42.0 -47.5))",7.438900,25.642000,46.957000,14.488000,0.267250,4.131700,72.0820,0.4348,0.1177
281,"POLYGON ((48.0 -47.5, 54.0 -47.5, 54.0 -42.5, 48.0 -42.5, 48.0 -47.5))",8.369400,29.826000,44.245000,13.340000,0.258810,4.357600,166.1400,0.3417,0.0923
282,"POLYGON ((54.0 -47.5, 60.0 -47.5, 60.0 -42.5, 54.0 -42.5, 54.0 -47.5))",4.631500,23.857000,48.626000,17.454000,0.019039,5.299400,326.3600,0.1823,0.0488
283,"POLYGON ((60.0 -47.5, 66.0 -47.5, 66.0 -42.5, 60.0 -42.5, 60.0 -47.5))",8.777400,25.016000,43.853000,17.059000,0.329990,5.185900,0.0000,0.2500,0.0672
284,"POLYGON ((66.0 -47.5, 72.0 -47.5, 72.0 -42.5, 66.0 -42.5, 66.0 -47.5))",7.274000,24.139000,45.725000,14.606000,0.478540,5.846300,240.1400,0.2942,0.0793
285,"POLYGON ((72.0 -47.5, 78.0 -47.5, 78.0 -42.5, 72.0 -42.5, 72.0 -47.5))",7.173700,21.318000,45.958000,17.081000,0.568200,7.174200,222.0400,0.3103,0.0837
286,"POLYGON ((78.0 -47.5, 84.0 -47.5, 84.0 -42.5, 78.0 -42.5, 78.0 -47.5))",4.990800,24.070000,44.713000,16.212000,0.644660,7.971000,375.0000,0.3394,0.0917
287,"POLYGON ((84.0 -47.5, 90.0 -47.5, 90.0 -42.5, 84.0 -42.5, 84.0 -47.5))",5.708700,24.742000,44.661000,16.300000,0.759030,8.282700,412.7100,0.2526,0.0680
288,"POLYGON ((90.0 -47.5, 96.0 -47.5, 96.0 -42.5, 90.0 -42.5, 90.0 -47.5))",5.761200,27.709000,45.810000,12.357000,0.622200,8.018500,365.5500,0.2957,0.0797
289,"POLYGON ((96.0 -47.5, 102.0 -47.5, 102.0 -42.5, 96.0 -42.5, 96.0 -47.5))",7.736100,26.056000,45.046000,13.132000,0.835960,7.248500,211.3600,0.3927,0.1062
290,"POLYGON ((102.0 -47.5, 108.0 -47.5, 108.0 -42.5, 102.0 -42.5, 102.0 -47.5))",5.327000,25.411000,46.595000,15.259000,0.571610,7.114000,235.4200,0.5366,0.1455
291,"POLYGON ((108.0 -47.5, 114.0 -47.5, 114.0 -42.5, 108.0 -42.5, 108.0 -47.5))",7.293500,25.181000,46.714000,14.189000,0.738160,5.779800,252.5500,0.6597,0.1791
292,"POLYGON ((114.0 -47.5, 120.0 -47.5, 120.0 -42.5, 114.0 -42.5, 114.0 -47.5))",6.798100,24.445000,45.768000,16.573000,0.595910,5.574100,264.0800,0.5403,0.1465
293,"POLYGON ((120.0 -47.5, 126.0 -47.5, 126.0 -42.5, 120.0 -42.5, 120.0 -47.5))",4.410300,25.633000,46.143000,17.089000,0.197020,5.835200,353.6100,0.5514,0.1495
294,"POLYGON ((126.0 -47.5, 132.0 -47.5, 132.0 -42.5, 126.0 -42.5, 126.0 -47.5))",7.494300,25.288000,45.400000,15.788000,0.375210,4.891300,450.0000,0.6338,0.1720
295,"POLYGON ((132.0 -47.5, 138.0 -47.5, 138.0 -42.5, 132.0 -42.5, 132.0 -47.5))",9.008700,27.031000,44.485000,14.131000,0.485420,4.967500,272.6200,0.8302,0.2256
296,"POLYGON ((138.0 -47.5, 144.0 -47.5, 144.0 -42.5, 138.0 -42.5, 138.0 -47.5))",5.691800,25.176000,45.259000,16.764000,0.337100,6.145300,467.0200,1.0216,0.2779
297,"POLYGON ((144.0 -47.5, 150.0 -47.5, 150.0 -42.5, 144.0 -42.5, 144.0 -47.5))",3.721200,27.536000,44.319000,16.388000,0.960040,5.606100,672.0100,1.2180,0.3315
298,"POLYGON ((150.0 -47.5, 156.0 -47.5, 156.0 -42.5, 150.0 -42.5, 150.0 -47.5))",5.519100,24.366000,47.447000,15.906000,0.355430,7.021500,878.0100,1.9368,0.5278
299,"POLYGON ((156.0 -47.5, 162.0 -47.5, 162.0 -42.5, 156.0 -42.5, 156.0 -47.5))",9.436600,23.665000,44.289000,14.044000,0.735420,7.800800,1068.4000,2.7750,0.7566
300,"POLYGON ((162.0 -47.5, 168.0 -47.5, 168.0 -42.5, 162.0 -42.5, 162.0 -47.5))",8.075000,22.014000,45.960000,14.949000,0.647560,9.031900,1255.2000,2.9543,0.8055
301,"POLYGON ((168.0 -47.5, 174.0 -47.5, 174.0 -42.5, 168.0 -42.5, 168.0 -47.5))",8.966700,19.032000,48.134000,14.192000,0.630740,9.296100,1081.4000,2.6516,0.7229
302,"POLYGON ((174.0 -47.5, 180.0 -47.5, 180.0 -42.5, 174.0 -42.5, 174.0 -47.5))",9.422100,19.086000,47.960000,13.823000,0.537950,9.186900,1002.3000,2.2292,0.6076
303,"POLYGON ((-180.0 -42.5, -174.0 -42.5, -174.0 -37.5, -180.0 -37.5, -180.0 -42.5))",7.514100,13.853000,51.343000,15.654000,1.111200,10.199000,966.4800,2.4282,0.6619
304,"POLYGON ((-174.0 -42.5, -168.0 -42.5, -168.0 -37.5, -174.0 -37.5, -174.0 -42.5))",9.435500,17.348000,46.482000,14.856000,0.646010,9.985900,905.0800,2.1830,0.5950
305,"POLYGON ((-168.0 -42.5, -162.0 -42.5, -162.0 -37.5, -168.0 -37.5, -168.0 -42.5))",8.792900,17.870000,46.343000,16.065000,0.562440,10.741000,645.7600,1.5207,0.4142
306,"POLYGON ((-162.0 -42.5, -156.0 -42.5, -156.0 -37.5, -162.0 -37.5, -162.0 -42.5))",9.384000,19.493000,46.815000,13.778000,0.529380,9.697500,541.1600,1.0331,0.2810
307,"POLYGON ((-156.0 -42.5, -150.0 -42.5, -150.0 -37.5, -156.0 -37.5, -156.0 -42.5))",9.934300,19.233000,49.177000,13.494000,0.513840,8.007300,435.3600,0.7535,0.2047
308,"POLYGON ((-150.0 -42.5, -144.0 -42.5, -144.0 -37.5, -150.0 -37.5, -150.0 -42.5))",6.666600,20.305000,47.355000,15.731000,0.530890,7.511200,698.4100,0.7749,0.2106
309,"POLYGON ((-144.0 -42.5, -138.0 -42.5, -138.0 -37.5, -144.0 -37.5, -144.0 -42.5))",7.404500,22.190000,46.741000,14.830000,0.623490,6.658800,509.6000,1.0328,0.2809
310,"POLYGON ((-138.0 -42.5, -132.0 -42.5, -132.0 -37.5, -138.0 -37.5, -138.0 -42.5))",6.346800,23.703000,44.463000,17.315000,0.524650,5.006100,263.8800,0.5891,0.1598
311,"POLYGON ((-132.0 -42.5, -126.0 -42.5, -126.0 -37.5, -132.0 -37.5, -132.0 -42.5))",3.941700,27.096000,45.981000,16.748000,0.232670,3.579600,252.9800,0.4641,0.1257
312,"POLYGON ((-126.0 -42.5, -120.0 -42.5, -120.0 -37.5, -126.0 -37.5, -126.0 -42.5))",5.420200,26.376000,43.962000,17.116000,0.127310,4.351500,50.9960,0.1794,0.0480
313,"POLYGON ((-120.0 -42.5, -114.0 -42.5, -114.0 -37.5, -120.0 -37.5, -120.0 -42.5))",6.846300,28.407000,43.294000,15.629000,0.000000,4.191200,129.2800,0.1389,0.0369
314,"POLYGON ((-114.0 -42.5, -108.0 -42.5, -108.0 -37.5, -114.0 -37.5, -114.0 -42.5))",5.434600,25.041000,44.476000,17.258000,0.447650,4.104800,177.3800,0.2995,0.0808
315,"POLYGON ((-108.0 -42.5, -102.0 -42.5, -102.0 -37.5, -108.0 -37.5, -108.0 -42.5))",4.364300,23.590000,43.899000,19.471000,0.671060,5.184900,209.9500,0.3979,0.1076
316,"POLYGON ((-102.0 -42.5, -96.0 -42.5, -96.0 -37.5, -102.0 -37.5, -102.0 -42.5))",4.125200,27.709000,46.684000,15.826000,0.386360,4.307500,220.6100,0.1754,0.0469
317,"POLYGON ((-96.0 -42.5, -90.0 -42.5, -90.0 -37.5, -96.0 -37.5, -96.0 -42.5))",4.758100,25.281000,47.683000,16.014000,0.174950,5.244500,224.5300,0.0037,0.0000
318,"POLYGON ((-90.0 -42.5, -84.0 -42.5, -84.0 -37.5, -90.0 -37.5, -90.0 -42.5))",2.623800,29.202000,43.589000,15.837000,0.655830,4.900900,117.5500,0.0892,0.0234
319,"POLYGON ((-84.0 -42.5, -78.0 -42.5, -78.0 -37.5, -84.0 -37.5, -84.0 -42.5))",3.940300,27.804000,47.542000,13.431000,0.384830,4.646900,82.7810,0.1839,0.0492
320,"POLYGON ((-78.0 -42.5, -72.0 -42.5, -72.0 -37.5, -78.0 -37.5, -78.0 -42.5))",5.686400,25.679000,45.772000,15.116000,0.376140,5.195000,133.3300,0.1448,0.0385
321,"POLYGON ((-72.0 -42.5, -66.0 -42.5, -66.0 -37.5, -72.0 -37.5, -72.0 -42.5))",5.612800,25.662000,45.067000,16.080000,0.648470,5.588600,107.6100,0.3972,0.1074
322,"POLYGON ((-66.0 -42.5, -60.0 -42.5, -60.0 -37.5, -66.0 -37.5, -66.0 -42.5))",5.546100,24.765000,45.995000,16.277000,0.503750,6.464200,183.2100,0.4185,0.1133
323,"POLYGON ((-60.0 -42.5, -54.0 -42.5, -54.0 -37.5, -60.0 -37.5, -60.0 -42.5))",5.768500,27.293000,44.470000,15.705000,0.497080,6.445500,245.4200,0.6708,0.1821
324,"POLYGON ((-54.0 -42.5, -48.0 -42.5, -48.0 -37.5, -54.0 -37.5, -54.0 -42.5))",6.647800,24.906000,44.476000,15.340000,0.883920,6.528400,393.9400,1.0012,0.2723
325,"POLYGON ((-48.0 -42.5, -42.0 -42.5, -42.0 -37.5, -48.0 -37.5, -48.0 -42.5))",8.396600,24.465000,41.270000,17.443000,0.730200,7.435700,421.0000,1.0683,0.2906
326,"POLYGON ((-42.0 -42.5, -36.0 -42.5, -36.0 -37.5, -42.0 -37.5, -42.0 -42.5))",8.129600,24.585000,42.216000,18.198000,0.886420,6.885200,397.3900,1.1954,0.3253
327,"POLYGON ((-36.0 -42.5, -30.0 -42.5, -30.0 -37.5, -36.0 -37.5, -36.0 -42.5))",8.881900,27.478000,44.171000,14.874000,0.591120,5.562000,608.8500,1.1088,0.3017
328,"POLYGON ((-30.0 -42.5, -24.0 -42.5, -24.0 -37.5, -30.0 -37.5, -30.0 -42.5))",7.674100,27.969000,43.313000,16.349000,0.420430,5.269400,701.3400,1.4229,0.3875
329,"POLYGON ((-24.0 -42.5, -18.0 -42.5, -18.0 -37.5, -24.0 -37.5, -24.0 -42.5))",8.901900,23.149000,42.964000,17.367000,0.811070,6.186400,518.1400,1.2667,0.3448
330,"POLYGON ((-18.0 -42.5, -12.0 -42.5, -12.0 -37.5, -18.0 -37.5, -18.0 -42.5))",6.654100,22.874000,43.437000,19.585000,0.795600,5.467100,497.0500,1.0279,0.2796
331,"POLYGON ((-12.0 -42.5, -6.0 -42.5, -6.0 -37.5, -12.0 -37.5, -12.0 -42.5))",7.498300,29.840000,39.050000,16.764000,0.671590,4.122700,386.3300,0.6753,0.1834
332,"POLYGON ((-6.0 -42.5, 0.0 -42.5, 0.0 -37.5, -6.0 -37.5, -6.0 -42.5))",6.531100,28.111000,43.836000,14.557000,0.640250,4.780000,378.7300,0.7082,0.1923
333,"POLYGON ((0.0 -42.5, 6.0 -42.5, 6.0 -37.5, 0.0 -37.5, 0.0 -42.5))",7.154000,21.446000,45.441000,18.258000,0.589470,5.491600,406.1100,0.7560,0.2054
334,"POLYGON ((6.0 -42.5, 12.0 -42.5, 12.0 -37.5, 6.0 -37.5, 6.0 -42.5))",8.437300,23.802000,44.820000,14.306000,0.370060,6.510000,370.8500,0.7578,0.2059
335,"POLYGON ((12.0 -42.5, 18.0 -42.5, 18.0 -37.5, 12.0 -37.5, 12.0 -42.5))",9.288800,24.128000,43.110000,16.913000,0.306440,5.156200,534.7500,1.0539,0.2867
336,"POLYGON ((18.0 -42.5, 24.0 -42.5, 24.0 -37.5, 18.0 -37.5, 18.0 -42.5))",7.447400,23.205000,44.401000,15.629000,0.990780,6.040400,426.7000,1.1338,0.3085
337,"POLYGON ((24.0 -42.5, 30.0 -42.5, 30.0 -37.5, 24.0 -37.5, 24.0 -42.5))",8.171800,23.875000,44.024000,17.582000,0.549320,5.685600,385.6600,0.8254,0.2243
338,"POLYGON ((30.0 -42.5, 36.0 -42.5, 36.0 -37.5, 30.0 -37.5, 30.0 -42.5))",5.448800,27.483000,43.066000,18.405000,0.357300,5.276900,406.3100,0.9058,0.2463
339,"POLYGON ((36.0 -42.5, 42.0 -42.5, 42.0 -37.5, 36.0 -37.5, 36.0 -42.5))",5.351800,28.498000,46.646000,14.744000,0.326290,4.620400,254.3200,0.7877,0.2140
340,"POLYGON ((42.0 -42.5, 48.0 -42.5, 48.0 -37.5, 42.0 -37.5, 42.0 -42.5))",7.974600,25.492000,46.025000,15.490000,0.056875,4.539900,195.7700,0.5891,0.1598
341,"POLYGON ((48.0 -42.5, 54.0 -42.5, 54.0 -37.5, 48.0 -37.5, 48.0 -42.5))",8.681300,32.208000,41.500000,13.555000,0.018587,4.319500,172.6000,0.5701,0.1546
342,"POLYGON ((54.0 -42.5, 60.0 -42.5, 60.0 -37.5, 54.0 -37.5, 54.0 -42.5))",6.430800,25.550000,44.254000,17.750000,0.063532,5.355600,210.9000,0.4259,0.1153
343,"POLYGON ((60.0 -42.5, 66.0 -42.5, 66.0 -37.5, 60.0 -37.5, 60.0 -42.5))",8.798000,25.265000,44.896000,13.549000,0.403560,5.531100,177.9200,0.3535,0.0955
344,"POLYGON ((66.0 -42.5, 72.0 -42.5, 72.0 -37.5, 66.0 -37.5, 66.0 -42.5))",6.469800,24.136000,46.754000,14.949000,0.972910,5.082900,162.2000,0.2811,0.0757
345,"POLYGON ((72.0 -42.5, 78.0 -42.5, 78.0 -37.5, 72.0 -37.5, 72.0 -42.5))",8.448800,24.539000,45.221000,14.704000,0.165890,6.011400,191.2000,0.3736,0.1010
346,"POLYGON ((78.0 -42.5, 84.0 -42.5, 84.0 -37.5, 78.0 -37.5, 78.0 -42.5))",8.846600,24.472000,43.283000,15.064000,0.309450,7.268600,289.8000,0.5585,0.1515
347,"POLYGON ((84.0 -42.5, 90.0 -42.5, 90.0 -37.5, 84.0 -37.5, 84.0 -42.5))",9.307700,17.142000,47.311000,16.353000,0.809810,8.985800,267.6400,0.4164,0.1127
348,"POLYGON ((90.0 -42.5, 96.0 -42.5, 96.0 -37.5, 90.0 -37.5, 90.0 -42.5))",6.315200,24.594000,43.811000,14.890000,1.036100,8.551700,486.4500,0.5007,0.1357
349,"POLYGON ((96.0 -42.5, 102.0 -42.5, 102.0 -37.5, 96.0 -37.5, 96.0 -42.5))",7.416800,25.075000,45.969000,13.102000,0.753970,7.842500,167.8200,0.5049,0.1368
350,"POLYGON ((102.0 -42.5, 108.0 -42.5, 108.0 -37.5, 102.0 -37.5, 102.0 -42.5))",8.307400,21.913000,47.513000,15.066000,0.413250,7.208000,275.8200,0.4621,0.1252
351,"POLYGON ((108.0 -42.5, 114.0 -42.5, 114.0 -37.5, 108.0 -37.5, 108.0 -42.5))",5.131700,25.321000,44.750000,17.652000,0.559340,6.161500,350.4300,0.3458,0.0934
352,"POLYGON ((114.0 -42.5, 120.0 -42.5, 120.0 -37.5, 114.0 -37.5, 114.0 -42.5))",3.782000,24.246000,48.013000,16.726000,0.572220,5.131200,317.1500,0.3959,0.1071
353,"POLYGON ((120.0 -42.5, 126.0 -42.5, 126.0 -37.5, 120.0 -37.5, 120.0 -42.5))",8.654900,26.734000,44.622000,14.822000,0.000000,5.470100,144.2100,0.4185,0.1132
354,"POLYGON ((126.0 -42.5, 132.0 -42.5, 132.0 -37.5, 126.0 -37.5, 126.0 -42.5))",7.286600,26.796000,43.404000,16.440000,0.242380,5.177000,403.6100,0.4609,0.1248
355,"POLYGON ((132.0 -42.5, 138.0 -42.5, 138.0 -37.5, 132.0 -37.5, 132.0 -42.5))",5.814800,26.159000,44.584000,15.793000,0.686580,5.427600,416.4500,0.7428,0.2018
356,"POLYGON ((138.0 -42.5, 144.0 -42.5, 144.0 -37.5, 138.0 -37.5, 138.0 -42.5))",7.338900,28.412000,42.322000,16.266000,0.353000,5.177800,336.5900,0.8528,0.2318
357,"POLYGON ((144.0 -42.5, 150.0 -42.5, 150.0 -37.5, 144.0 -37.5, 144.0 -42.5))",7.438000,25.355000,45.109000,15.937000,0.315570,5.283600,411.5000,0.8925,0.2427
358,"POLYGON ((150.0 -42.5, 156.0 -42.5, 156.0 -37.5, 150.0 -37.5, 150.0 -42.5))",8.922700,24.648000,43.096000,17.939000,0.332750,6.241300,594.6600,1.5077,0.4106
359,"POLYGON ((156.0 -42.5, 162.0 -42.5, 162.0 -37.5, 156.0 -37.5, 156.0 -42.5))",9.447000,22.522000,42.333000,17.692000,0.811580,7.327000,1019.0000,2.5147,0.6855
360,"POLYGON ((162.0 -42.5, 168.0 -42.5, 168.0 -37.5, 162.0 -37.5, 162.0 -42.5))",8.442000,19.207000,45.504000,16.460000,0.790550,9.477400,1281.0000,3.2122,0.8759
361,"POLYGON ((168.0 -42.5, 174.0 -42.5, 174.0 -37.5, 168.0 -37.5, 168.0 -42.5))",9.370100,26.419000,43.921000,11.966000,0.514410,8.006800,1277.2000,3.0168,0.8226
362,"POLYGON ((174.0 -42.5, 180.0 -42.5, 180.0 -37.5, 174.0 -37.5, 174.0 -42.5))",8.847800,17.743000,46.315000,15.767000,0.967570,9.474600,925.8400,2.2562,0.6149
363,"POLYGON ((-180.0 -37.5, -174.0 -37.5, -174.0 -32.5, -180.0 -32.5, -180.0 -37.5))",5.994200,19.689000,46.355000,16.323000,0.951460,9.413300,1146.3000,2.3813,0.6491
364,"POLYGON ((-174.0 -37.5, -168.0 -37.5, -168.0 -32.5, -174.0 -32.5, -174.0 -37.5))",9.025700,22.038000,43.276000,15.849000,0.526180,9.409000,851.7300,2.0661,0.5631
365,"POLYGON ((-168.0 -37.5, -162.0 -37.5, -162.0 -32.5, -168.0 -32.5, -168.0 -37.5))",11.003000,23.400000,44.042000,12.693000,0.558460,8.632900,632.2500,1.5743,0.4288
366,"POLYGON ((-162.0 -37.5, -156.0 -37.5, -156.0 -32.5, -162.0 -32.5, -162.0 -37.5))",9.954100,19.658000,46.750000,16.128000,0.416850,7.774200,503.0100,0.9864,0.2683
367,"POLYGON ((-156.0 -37.5, -150.0 -37.5, -150.0 -32.5, -156.0 -32.5, -156.0 -37.5))",11.519000,12.724000,49.639000,15.913000,0.240940,8.564100,345.8600,0.8739,0.2376
368,"POLYGON ((-150.0 -37.5, -144.0 -37.5, -144.0 -32.5, -150.0 -32.5, -150.0 -37.5))",7.056200,19.902000,48.446000,16.321000,0.200700,7.041800,462.8700,0.9318,0.2534
369,"POLYGON ((-144.0 -37.5, -138.0 -37.5, -138.0 -32.5, -144.0 -32.5, -144.0 -37.5))",4.953000,25.607000,46.002000,16.499000,0.466890,5.351300,545.1200,0.7838,0.2130
370,"POLYGON ((-138.0 -37.5, -132.0 -37.5, -132.0 -32.5, -138.0 -32.5, -138.0 -37.5))",5.502400,29.333000,43.470000,15.007000,0.361070,3.925200,303.2500,0.3344,0.0903
371,"POLYGON ((-132.0 -37.5, -126.0 -37.5, -126.0 -32.5, -132.0 -32.5, -132.0 -37.5))",7.778100,28.487000,45.290000,13.313000,0.073772,3.233700,108.5900,0.2896,0.0781
372,"POLYGON ((-126.0 -37.5, -120.0 -37.5, -120.0 -32.5, -126.0 -32.5, -126.0 -37.5))",2.301500,26.114000,46.236000,16.903000,0.448280,4.431700,220.1300,0.3554,0.0960
373,"POLYGON ((-120.0 -37.5, -114.0 -37.5, -114.0 -32.5, -120.0 -32.5, -120.0 -37.5))",4.887600,24.911000,46.494000,16.265000,0.172910,4.240200,252.8300,0.4057,0.1098
374,"POLYGON ((-114.0 -37.5, -108.0 -37.5, -108.0 -32.5, -114.0 -32.5, -114.0 -37.5))",3.929500,27.825000,44.456000,16.348000,0.380290,4.104300,258.6300,0.7102,0.1929
375,"POLYGON ((-108.0 -37.5, -102.0 -37.5, -102.0 -32.5, -108.0 -32.5, -108.0 -37.5))",4.312700,29.019000,42.565000,17.059000,0.459990,4.326500,275.0400,0.6161,0.1672
376,"POLYGON ((-102.0 -37.5, -96.0 -37.5, -96.0 -32.5, -102.0 -32.5, -102.0 -37.5))",3.518000,25.103000,46.351000,17.855000,0.323790,4.629200,371.6600,0.1661,0.0443
377,"POLYGON ((-96.0 -37.5, -90.0 -37.5, -90.0 -32.5, -96.0 -32.5, -96.0 -37.5))",4.180000,27.895000,44.431000,15.867000,0.521400,4.121500,113.4300,0.1480,0.0394
378,"POLYGON ((-90.0 -37.5, -84.0 -37.5, -84.0 -32.5, -90.0 -32.5, -90.0 -37.5))",5.108600,19.977000,48.485000,16.462000,0.612870,5.112800,62.5570,0.0037,0.0000
379,"POLYGON ((-84.0 -37.5, -78.0 -37.5, -78.0 -32.5, -84.0 -32.5, -84.0 -37.5))",5.492700,27.724000,43.591000,15.180000,0.550090,4.402100,72.8980,0.1800,0.0481
380,"POLYGON ((-78.0 -37.5, -72.0 -37.5, -72.0 -32.5, -78.0 -32.5, -78.0 -37.5))",3.594900,29.885000,44.880000,16.135000,0.613240,3.839000,330.4100,0.2157,0.0579
381,"POLYGON ((-72.0 -37.5, -66.0 -37.5, -66.0 -32.5, -72.0 -32.5, -72.0 -37.5))",6.722000,27.314000,42.899000,15.440000,0.578440,5.502500,193.3100,0.4980,0.1350
382,"POLYGON ((-66.0 -37.5, -60.0 -37.5, -60.0 -32.5, -66.0 -32.5, -66.0 -37.5))",8.070100,24.542000,44.719000,15.892000,0.543540,6.121000,397.3700,0.7339,0.1994
383,"POLYGON ((-60.0 -37.5, -54.0 -37.5, -54.0 -32.5, -60.0 -32.5, -60.0 -37.5))",6.198900,24.829000,44.547000,16.648000,0.836030,6.179600,375.0100,0.7151,0.1942
384,"POLYGON ((-54.0 -37.5, -48.0 -37.5, -48.0 -32.5, -54.0 -32.5, -54.0 -37.5))",7.036100,23.096000,45.514000,17.615000,0.656670,6.296700,405.4200,1.1740,0.3195
385,"POLYGON ((-48.0 -37.5, -42.0 -37.5, -42.0 -32.5, -48.0 -32.5, -48.0 -37.5))",9.454100,20.090000,45.252000,16.568000,0.445190,8.027300,460.6100,1.2580,0.3424
386,"POLYGON ((-42.0 -37.5, -36.0 -37.5, -36.0 -32.5, -42.0 -32.5, -42.0 -37.5))",4.704700,19.953000,47.189000,19.164000,1.424900,8.139700,747.4100,1.4353,0.3908
387,"POLYGON ((-36.0 -37.5, -30.0 -37.5, -30.0 -32.5, -36.0 -32.5, -36.0 -37.5))",6.427900,25.349000,43.353000,16.737000,1.508500,7.549300,1065.5000,1.5683,0.4271
388,"POLYGON ((-30.0 -37.5, -24.0 -37.5, -24.0 -32.5, -30.0 -32.5, -30.0 -37.5))",6.383300,21.872000,44.931000,18.789000,1.390800,7.728700,986.7900,1.8745,0.5107
389,"POLYGON ((-24.0 -37.5, -18.0 -37.5, -18.0 -32.5, -24.0 -32.5, -24.0 -37.5))",6.522600,24.658000,42.855000,20.056000,0.897470,6.836600,971.1600,2.1062,0.5740
390,"POLYGON ((-18.0 -37.5, -12.0 -37.5, -12.0 -32.5, -18.0 -32.5, -18.0 -37.5))",11.218000,20.654000,46.730000,17.250000,0.474670,6.212400,840.9800,1.8596,0.5067
391,"POLYGON ((-12.0 -37.5, -6.0 -37.5, -6.0 -32.5, -12.0 -32.5, -12.0 -37.5))",8.087400,24.311000,43.590000,17.255000,0.961750,5.846600,746.9600,1.4287,0.3890
392,"POLYGON ((-6.0 -37.5, 0.0 -37.5, 0.0 -32.5, -6.0 -32.5, -6.0 -37.5))",8.311500,22.883000,46.322000,16.953000,0.165790,5.532000,536.4300,1.0252,0.2789
393,"POLYGON ((0.0 -37.5, 6.0 -37.5, 6.0 -32.5, 0.0 -32.5, 0.0 -37.5))",10.223000,22.043000,42.526000,16.878000,0.684760,5.688000,437.6600,1.0126,0.2754
394,"POLYGON ((6.0 -37.5, 12.0 -37.5, 12.0 -32.5, 6.0 -32.5, 6.0 -37.5))",7.531200,26.282000,43.396000,15.422000,0.614540,5.475600,593.8700,1.0714,0.2915
395,"POLYGON ((12.0 -37.5, 18.0 -37.5, 18.0 -32.5, 12.0 -32.5, 12.0 -37.5))",8.568200,23.298000,45.001000,15.546000,0.682870,5.646100,560.7300,1.2473,0.3395
396,"POLYGON ((18.0 -37.5, 24.0 -37.5, 24.0 -32.5, 18.0 -32.5, 18.0 -37.5))",9.927300,23.927000,44.351000,15.684000,0.548010,5.618600,415.0200,1.1346,0.3088
397,"POLYGON ((24.0 -37.5, 30.0 -37.5, 30.0 -32.5, 24.0 -32.5, 24.0 -37.5))",8.571100,24.186000,44.684000,16.342000,0.807230,5.069400,337.9400,1.0331,0.2810
398,"POLYGON ((30.0 -37.5, 36.0 -37.5, 36.0 -32.5, 30.0 -32.5, 30.0 -37.5))",6.337200,19.841000,47.724000,19.515000,0.307460,6.112400,405.2900,1.0196,0.2774
399,"POLYGON ((36.0 -37.5, 42.0 -37.5, 42.0 -32.5, 36.0 -32.5, 36.0 -37.5))",9.395900,24.404000,44.965000,15.819000,0.034681,5.944800,447.7100,0.8788,0.2389
400,"POLYGON ((42.0 -37.5, 48.0 -37.5, 48.0 -32.5, 42.0 -32.5, 42.0 -37.5))",8.700000,23.540000,45.153000,15.652000,0.061278,6.064700,424.5700,0.7704,0.2093
401,"POLYGON ((48.0 -37.5, 54.0 -37.5, 54.0 -32.5, 48.0 -32.5, 48.0 -37.5))",8.455500,26.491000,44.569000,14.903000,0.099276,4.728000,245.6800,0.6006,0.1630
402,"POLYGON ((54.0 -37.5, 60.0 -37.5, 60.0 -32.5, 54.0 -32.5, 54.0 -37.5))",6.527000,27.036000,42.477000,15.913000,0.578310,5.104100,273.4700,0.2903,0.0783
403,"POLYGON ((60.0 -37.5, 66.0 -37.5, 66.0 -32.5, 60.0 -32.5, 60.0 -37.5))",7.368300,24.534000,46.591000,13.922000,0.254300,5.379900,191.5600,0.3858,0.1043
404,"POLYGON ((66.0 -37.5, 72.0 -37.5, 72.0 -32.5, 66.0 -32.5, 66.0 -37.5))",8.818300,24.231000,45.256000,14.829000,0.494880,4.860300,157.1400,0.3426,0.0925
405,"POLYGON ((72.0 -37.5, 78.0 -37.5, 78.0 -32.5, 72.0 -32.5, 72.0 -37.5))",6.769900,21.838000,46.567000,16.475000,0.228780,6.066900,466.0900,0.5082,0.1378
406,"POLYGON ((78.0 -37.5, 84.0 -37.5, 84.0 -32.5, 78.0 -32.5, 78.0 -37.5))",9.230200,23.966000,45.656000,15.761000,0.334130,5.695100,290.3800,0.6136,0.1665
407,"POLYGON ((84.0 -37.5, 90.0 -37.5, 90.0 -32.5, 84.0 -32.5, 84.0 -37.5))",9.121900,22.203000,47.537000,13.025000,0.726150,7.085900,401.5400,0.8203,0.2230
408,"POLYGON ((90.0 -37.5, 96.0 -37.5, 96.0 -32.5, 90.0 -32.5, 90.0 -37.5))",10.879000,20.301000,44.602000,13.865000,0.776700,8.578900,349.5800,0.8301,0.2256
409,"POLYGON ((96.0 -37.5, 102.0 -37.5, 102.0 -32.5, 96.0 -32.5, 96.0 -37.5))",9.311500,25.899000,44.622000,13.095000,0.468880,7.391500,410.3800,0.7026,0.1908
410,"POLYGON ((102.0 -37.5, 108.0 -37.5, 108.0 -32.5, 102.0 -32.5, 102.0 -37.5))",8.025700,22.565000,46.453000,15.949000,0.785430,6.389000,259.7300,0.4953,0.1342
411,"POLYGON ((108.0 -37.5, 114.0 -37.5, 114.0 -32.5, 108.0 -32.5, 108.0 -37.5))",6.512500,26.943000,44.186000,16.802000,0.380040,5.286600,323.0700,0.4793,0.1298
412,"POLYGON ((114.0 -37.5, 120.0 -37.5, 120.0 -32.5, 114.0 -32.5, 114.0 -37.5))",4.858100,26.092000,45.761000,16.762000,0.522490,5.019900,441.3200,0.3464,0.0936
413,"POLYGON ((120.0 -37.5, 126.0 -37.5, 126.0 -32.5, 120.0 -32.5, 120.0 -37.5))",8.486100,26.025000,45.252000,14.678000,0.139770,5.241400,254.5500,0.4403,0.1192
414,"POLYGON ((126.0 -37.5, 132.0 -37.5, 132.0 -32.5, 126.0 -32.5, 126.0 -37.5))",4.303000,23.619000,49.477000,15.355000,0.367760,5.416600,426.8500,0.5705,0.1547
415,"POLYGON ((132.0 -37.5, 138.0 -37.5, 138.0 -32.5, 132.0 -32.5, 132.0 -37.5))",5.573000,26.152000,44.285000,16.867000,0.473000,4.920000,462.0900,0.5222,0.1416
416,"POLYGON ((138.0 -37.5, 144.0 -37.5, 144.0 -32.5, 138.0 -32.5, 138.0 -37.5))",7.548600,21.067000,47.258000,15.899000,0.576240,5.949500,349.2800,0.8103,0.2202
417,"POLYGON ((144.0 -37.5, 150.0 -37.5, 150.0 -32.5, 144.0 -32.5, 144.0 -37.5))",8.199300,21.234000,47.535000,14.906000,0.246970,5.693400,406.5500,0.9349,0.2542
418,"POLYGON ((150.0 -37.5, 156.0 -37.5, 156.0 -32.5, 150.0 -32.5, 150.0 -37.5))",4.966300,21.958000,46.056000,17.067000,0.743550,6.924600,709.4100,1.4689,0.4000
419,"POLYGON ((156.0 -37.5, 162.0 -37.5, 162.0 -32.5, 156.0 -32.5, 156.0 -37.5))",7.663100,20.494000,47.445000,15.921000,0.310240,7.381400,774.8200,1.9419,0.5291
420,"POLYGON ((162.0 -37.5, 168.0 -37.5, 168.0 -32.5, 162.0 -32.5, 162.0 -37.5))",9.954200,18.117000,44.241000,17.096000,0.864660,8.609800,897.5500,2.1068,0.5742
421,"POLYGON ((168.0 -37.5, 174.0 -37.5, 174.0 -32.5, 168.0 -32.5, 168.0 -37.5))",8.952900,17.082000,46.537000,15.652000,0.905440,10.012000,1158.2000,2.8203,0.7689
422,"POLYGON ((174.0 -37.5, 180.0 -37.5, 180.0 -32.5, 174.0 -32.5, 174.0 -37.5))",10.329000,17.789000,48.847000,14.826000,0.548920,8.384800,1049.8000,2.5271,0.6889
423,"POLYGON ((-180.0 -32.5, -175.0 -32.5, -175.0 -27.5, -180.0 -27.5, -180.0 -32.5))",8.154000,21.648000,43.291000,16.000000,0.393400,9.830500,1198.9000,2.5192,0.6868
424,"POLYGON ((-175.0 -32.5, -170.0 -32.5, -170.0 -27.5, -175.0 -27.5, -175.0 -32.5))",6.432400,26.375000,42.538000,14.895000,0.714930,8.766600,954.4600,2.3389,0.6375
425,"POLYGON ((-170.0 -32.5, -165.0 -32.5, -165.0 -27.5, -170.0 -27.5, -170.0 -32.5))",9.757000,22.106000,45.168000,13.298000,1.250200,8.055400,950.2100,2.1182,0.5773
426,"POLYGON ((-165.0 -32.5, -160.0 -32.5, -160.0 -27.5, -165.0 -27.5, -165.0 -32.5))",5.695400,23.876000,44.141000,16.796000,0.706540,7.960000,789.5600,1.4464,0.3939
427,"POLYGON ((-160.0 -32.5, -155.0 -32.5, -155.0 -27.5, -160.0 -27.5, -160.0 -32.5))",9.186800,19.372000,47.224000,15.981000,0.450180,7.629100,571.1700,1.0851,0.2952
428,"POLYGON ((-155.0 -32.5, -150.0 -32.5, -150.0 -27.5, -155.0 -27.5, -155.0 -32.5))",8.274400,22.599000,45.707000,15.123000,0.432660,7.096600,464.7100,1.0201,0.2775
429,"POLYGON ((-150.0 -32.5, -145.0 -32.5, -145.0 -27.5, -150.0 -27.5, -150.0 -32.5))",5.166900,22.268000,45.554000,18.180000,0.508320,6.471800,616.8500,0.9421,0.2562
430,"POLYGON ((-145.0 -32.5, -140.0 -32.5, -140.0 -27.5, -145.0 -27.5, -145.0 -32.5))",6.072600,25.993000,47.233000,16.151000,0.142850,4.917700,413.9800,0.7567,0.2056
431,"POLYGON ((-140.0 -32.5, -135.0 -32.5, -135.0 -27.5, -140.0 -27.5, -140.0 -32.5))",7.750500,21.479000,47.023000,16.754000,0.070108,4.881100,299.9500,0.5990,0.1625
432,"POLYGON ((-135.0 -32.5, -130.0 -32.5, -130.0 -27.5, -135.0 -27.5, -135.0 -32.5))",2.281200,30.162000,44.024000,14.879000,0.539830,4.102100,284.2700,0.6664,0.1809
433,"POLYGON ((-130.0 -32.5, -125.0 -32.5, -125.0 -27.5, -130.0 -27.5, -130.0 -32.5))",2.512800,25.798000,47.195000,16.947000,0.488930,3.827900,294.7000,0.4396,0.1190
434,"POLYGON ((-125.0 -32.5, -120.0 -32.5, -120.0 -27.5, -125.0 -27.5, -125.0 -32.5))",1.837900,23.407000,48.700000,18.875000,0.000000,4.643200,318.1900,0.1737,0.0464
435,"POLYGON ((-120.0 -32.5, -115.0 -32.5, -115.0 -27.5, -120.0 -27.5, -120.0 -32.5))",3.539700,26.999000,42.766000,18.574000,0.549900,4.402300,208.8800,0.4475,0.1212
436,"POLYGON ((-115.0 -32.5, -110.0 -32.5, -110.0 -27.5, -115.0 -27.5, -115.0 -32.5))",2.144100,24.531000,45.787000,19.334000,0.501200,4.174100,379.8900,0.6900,0.1874
437,"POLYGON ((-110.0 -32.5, -105.0 -32.5, -105.0 -27.5, -110.0 -27.5, -110.0 -32.5))",5.221100,29.500000,44.947000,15.735000,0.207130,3.481800,329.9500,0.4701,0.1273
438,"POLYGON ((-105.0 -32.5, -100.0 -32.5, -100.0 -27.5, -105.0 -27.5, -105.0 -32.5))",1.485400,28.218000,43.486000,19.007000,0.698080,4.311300,322.5800,0.4321,0.1170
439,"POLYGON ((-100.0 -32.5, -95.0 -32.5, -95.0 -27.5, -100.0 -27.5, -100.0 -32.5))",4.575200,25.108000,43.824000,16.241000,0.661760,5.407500,226.8300,0.3260,0.0880
440,"POLYGON ((-95.0 -32.5, -90.0 -32.5, -90.0 -27.5, -95.0 -27.5, -95.0 -32.5))",2.659100,23.456000,47.324000,18.021000,0.466690,4.594200,277.0300,0.1899,0.0508
441,"POLYGON ((-90.0 -32.5, -85.0 -32.5, -85.0 -27.5, -90.0 -27.5, -90.0 -32.5))",4.457100,23.401000,47.440000,14.796000,0.651460,4.866300,0.0000,0.3541,0.0957
442,"POLYGON ((-85.0 -32.5, -80.0 -32.5, -80.0 -27.5, -85.0 -27.5, -85.0 -32.5))",4.957500,27.311000,43.974000,16.292000,0.374810,4.187100,191.7300,0.1894,0.0507
443,"POLYGON ((-80.0 -32.5, -75.0 -32.5, -75.0 -27.5, -80.0 -27.5, -80.0 -32.5))",6.216900,25.603000,47.520000,13.461000,0.728250,5.102300,156.2300,0.2372,0.0638
444,"POLYGON ((-75.0 -32.5, -70.0 -32.5, -70.0 -27.5, -75.0 -27.5, -75.0 -32.5))",5.115900,27.297000,47.225000,14.820000,0.339690,4.664200,332.4900,0.5280,0.1431
445,"POLYGON ((-70.0 -32.5, -65.0 -32.5, -65.0 -27.5, -70.0 -27.5, -70.0 -32.5))",3.564800,26.684000,46.450000,16.519000,0.350760,5.110300,396.2700,0.6369,0.1729
446,"POLYGON ((-65.0 -32.5, -60.0 -32.5, -60.0 -27.5, -65.0 -27.5, -65.0 -32.5))",7.044600,18.431000,50.815000,18.086000,0.160420,5.881000,363.8800,1.0551,0.2870
447,"POLYGON ((-60.0 -32.5, -55.0 -32.5, -55.0 -27.5, -60.0 -27.5, -60.0 -32.5))",5.566200,25.286000,44.734000,19.993000,0.222150,5.253400,581.2400,1.2563,0.3420
448,"POLYGON ((-55.0 -32.5, -50.0 -32.5, -50.0 -27.5, -55.0 -27.5, -55.0 -32.5))",6.761800,28.723000,43.590000,15.048000,0.491810,5.387500,589.8100,1.3734,0.3739
449,"POLYGON ((-50.0 -32.5, -45.0 -32.5, -45.0 -27.5, -50.0 -27.5, -50.0 -32.5))",7.810300,23.745000,44.336000,14.878000,0.957120,7.231200,635.6100,1.5519,0.4227
450,"POLYGON ((-45.0 -32.5, -40.0 -32.5, -40.0 -27.5, -45.0 -27.5, -45.0 -32.5))",9.322200,19.443000,44.952000,15.998000,1.296000,8.649200,693.5000,1.4503,0.3949
451,"POLYGON ((-40.0 -32.5, -35.0 -32.5, -35.0 -27.5, -40.0 -27.5, -40.0 -32.5))",9.851400,23.425000,39.768000,17.244000,1.370500,9.431900,832.9400,1.5004,0.4086
452,"POLYGON ((-35.0 -32.5, -30.0 -32.5, -30.0 -27.5, -35.0 -27.5, -35.0 -32.5))",4.939200,24.740000,40.382000,16.736000,3.077600,9.659200,1145.4000,2.0440,0.5570
453,"POLYGON ((-30.0 -32.5, -25.0 -32.5, -25.0 -27.5, -30.0 -27.5, -30.0 -32.5))",5.848600,22.210000,41.615000,18.141000,2.920700,10.074000,1532.2000,2.5073,0.6835
454,"POLYGON ((-25.0 -32.5, -20.0 -32.5, -20.0 -27.5, -25.0 -27.5, -25.0 -32.5))",9.324500,24.281000,43.435000,13.504000,1.837700,9.568000,1509.4000,2.8245,0.7701
455,"POLYGON ((-20.0 -32.5, -15.0 -32.5, -15.0 -27.5, -20.0 -27.5, -20.0 -32.5))",8.836400,22.385000,40.617000,16.997000,2.192700,10.225000,1561.0000,3.2648,0.8903
456,"POLYGON ((-15.0 -32.5, -10.0 -32.5, -10.0 -27.5, -15.0 -27.5, -15.0 -32.5))",9.419400,26.522000,40.818000,13.957000,1.734600,8.052800,1338.2000,3.0650,0.8357
457,"POLYGON ((-10.0 -32.5, -5.0 -32.5, -5.0 -27.5, -10.0 -27.5, -10.0 -32.5))",10.592000,20.382000,41.589000,20.888000,1.236900,8.134200,1176.5000,2.4313,0.6627
458,"POLYGON ((-5.0 -32.5, 0.0 -32.5, 0.0 -27.5, -5.0 -27.5, -5.0 -32.5))",8.820300,32.359000,39.490000,14.210000,0.984730,5.372900,891.3800,1.9834,0.5405
459,"POLYGON ((0.0 -32.5, 5.0 -32.5, 5.0 -27.5, 0.0 -27.5, 0.0 -32.5))",11.190000,23.625000,43.568000,15.882000,0.000000,6.081700,585.0000,1.4297,0.3893
460,"POLYGON ((5.0 -32.5, 10.0 -32.5, 10.0 -27.5, 5.0 -27.5, 5.0 -32.5))",9.988300,27.066000,41.776000,13.761000,0.548360,5.507700,556.9300,1.5247,0.4153
461,"POLYGON ((10.0 -32.5, 15.0 -32.5, 15.0 -27.5, 10.0 -27.5, 10.0 -32.5))",10.137000,23.332000,44.370000,15.458000,0.346050,5.336200,564.9900,1.4497,0.3948
462,"POLYGON ((15.0 -32.5, 20.0 -32.5, 20.0 -27.5, 15.0 -27.5, 15.0 -32.5))",10.938000,25.258000,41.778000,15.351000,0.214240,5.453500,587.2900,1.5481,0.4216
463,"POLYGON ((20.0 -32.5, 25.0 -32.5, 25.0 -27.5, 20.0 -27.5, 20.0 -32.5))",8.710400,22.187000,46.527000,16.830000,0.271560,5.833300,542.7000,1.1996,0.3265
464,"POLYGON ((25.0 -32.5, 30.0 -32.5, 30.0 -27.5, 25.0 -27.5, 25.0 -32.5))",5.722400,24.888000,47.778000,13.865000,0.818700,5.560600,436.3300,1.1904,0.3240
465,"POLYGON ((30.0 -32.5, 35.0 -32.5, 35.0 -27.5, 30.0 -27.5, 30.0 -32.5))",6.691700,24.092000,45.848000,16.675000,0.522580,5.589300,507.5200,0.9853,0.2680
466,"POLYGON ((35.0 -32.5, 40.0 -32.5, 40.0 -27.5, 35.0 -27.5, 35.0 -32.5))",9.266400,27.953000,44.171000,15.776000,0.116070,4.922900,341.8200,1.1611,0.3160
467,"POLYGON ((40.0 -32.5, 45.0 -32.5, 45.0 -27.5, 40.0 -27.5, 40.0 -32.5))",7.949100,24.334000,46.798000,15.690000,0.162420,5.583500,365.4800,0.9538,0.2594
468,"POLYGON ((45.0 -32.5, 50.0 -32.5, 50.0 -27.5, 45.0 -27.5, 45.0 -32.5))",8.846300,22.537000,47.653000,15.648000,0.269450,5.457700,335.2000,0.8012,0.2177
469,"POLYGON ((50.0 -32.5, 55.0 -32.5, 55.0 -27.5, 50.0 -27.5, 50.0 -32.5))",7.859000,20.498000,47.589000,16.954000,0.509570,5.576300,117.4200,0.6483,0.1760
470,"POLYGON ((55.0 -32.5, 60.0 -32.5, 60.0 -27.5, 55.0 -27.5, 55.0 -32.5))",7.069300,24.452000,46.584000,15.902000,0.304290,5.332400,175.5700,0.1695,0.0453
471,"POLYGON ((60.0 -32.5, 65.0 -32.5, 65.0 -27.5, 60.0 -27.5, 60.0 -32.5))",7.489000,22.098000,44.051000,16.698000,0.583500,6.201400,191.6500,0.4465,0.1209
472,"POLYGON ((65.0 -32.5, 70.0 -32.5, 70.0 -27.5, 65.0 -27.5, 65.0 -32.5))",9.630300,19.440000,44.493000,18.351000,0.541150,5.504200,212.1300,0.4283,0.1159
473,"POLYGON ((70.0 -32.5, 75.0 -32.5, 75.0 -27.5, 70.0 -27.5, 70.0 -32.5))",11.246000,24.673000,41.884000,13.381000,0.622840,5.589400,226.0300,0.6162,0.1672
474,"POLYGON ((75.0 -32.5, 80.0 -32.5, 80.0 -27.5, 75.0 -27.5, 75.0 -32.5))",6.726600,23.623000,47.029000,15.362000,0.220500,5.862600,317.7500,0.6126,0.1662
475,"POLYGON ((80.0 -32.5, 85.0 -32.5, 85.0 -27.5, 80.0 -27.5, 80.0 -32.5))",9.747700,22.563000,42.674000,18.685000,0.175300,5.690700,294.1800,0.7182,0.1951
476,"POLYGON ((85.0 -32.5, 90.0 -32.5, 90.0 -27.5, 85.0 -27.5, 85.0 -32.5))",9.327800,25.813000,44.183000,14.471000,0.343070,6.578900,587.8500,0.7642,0.2076
477,"POLYGON ((90.0 -32.5, 95.0 -32.5, 95.0 -27.5, 90.0 -27.5, 90.0 -32.5))",4.763500,24.921000,47.091000,15.100000,0.668230,6.377100,681.6000,0.8706,0.2367
478,"POLYGON ((95.0 -32.5, 100.0 -32.5, 100.0 -27.5, 95.0 -27.5, 95.0 -32.5))",10.294000,18.230000,46.471000,17.557000,0.464150,7.155300,393.1000,0.7762,0.2109
479,"POLYGON ((100.0 -32.5, 105.0 -32.5, 105.0 -27.5, 100.0 -27.5, 100.0 -32.5))",7.038800,24.316000,44.400000,15.980000,0.595390,6.872200,519.8700,0.6461,0.1754
480,"POLYGON ((105.0 -32.5, 110.0 -32.5, 110.0 -27.5, 105.0 -27.5, 105.0 -32.5))",10.292000,19.315000,47.986000,14.558000,0.653260,6.903500,128.9900,0.5335,0.1446
481,"POLYGON ((110.0 -32.5, 115.0 -32.5, 115.0 -27.5, 110.0 -27.5, 110.0 -32.5))",5.142100,25.761000,43.262000,16.406000,0.857200,6.929900,229.4800,0.4645,0.1258
482,"POLYGON ((115.0 -32.5, 120.0 -32.5, 120.0 -27.5, 115.0 -27.5, 115.0 -32.5))",6.838300,25.640000,44.300000,17.374000,0.346070,5.845900,231.1200,0.3984,0.1077
483,"POLYGON ((120.0 -32.5, 125.0 -32.5, 125.0 -27.5, 120.0 -27.5, 120.0 -32.5))",7.721300,25.438000,42.510000,17.730000,0.586030,5.457500,133.6200,0.5924,0.1607
484,"POLYGON ((125.0 -32.5, 130.0 -32.5, 130.0 -27.5, 125.0 -27.5, 125.0 -32.5))",5.848600,28.112000,45.600000,13.699000,0.474740,5.139600,252.3400,0.4959,0.1344
485,"POLYGON ((130.0 -32.5, 135.0 -32.5, 135.0 -27.5, 130.0 -27.5, 130.0 -32.5))",5.101300,27.385000,45.222000,15.193000,0.234960,5.772700,394.5500,0.5920,0.1606
486,"POLYGON ((135.0 -32.5, 140.0 -32.5, 140.0 -27.5, 135.0 -27.5, 135.0 -32.5))",4.201300,25.533000,47.652000,15.836000,0.474690,4.471800,384.1000,0.7292,0.1981
487,"POLYGON ((140.0 -32.5, 145.0 -32.5, 145.0 -27.5, 140.0 -27.5, 140.0 -32.5))",8.162400,20.379000,44.804000,18.680000,0.192210,5.153000,370.2900,0.8892,0.2417
488,"POLYGON ((145.0 -32.5, 150.0 -32.5, 150.0 -27.5, 145.0 -27.5, 145.0 -32.5))",8.649400,22.919000,47.063000,13.925000,0.181230,5.715500,380.0700,0.9454,0.2571
489,"POLYGON ((150.0 -32.5, 155.0 -32.5, 155.0 -27.5, 150.0 -27.5, 150.0 -32.5))",7.136900,26.359000,44.776000,16.197000,0.177900,5.110300,599.0400,0.9503,0.2584
490,"POLYGON ((155.0 -32.5, 160.0 -32.5, 160.0 -27.5, 155.0 -27.5, 155.0 -32.5))",7.395800,22.130000,46.577000,15.848000,0.000000,6.973000,560.8300,1.5139,0.4123
491,"POLYGON ((160.0 -32.5, 165.0 -32.5, 165.0 -27.5, 160.0 -27.5, 160.0 -32.5))",11.155000,20.477000,46.325000,13.953000,0.453300,7.339900,685.2000,1.7042,0.4642
492,"POLYGON ((165.0 -32.5, 170.0 -32.5, 170.0 -27.5, 165.0 -27.5, 165.0 -32.5))",8.805600,17.862000,46.020000,15.636000,0.232920,9.392100,1002.8000,2.3340,0.6362
493,"POLYGON ((170.0 -32.5, 175.0 -32.5, 175.0 -27.5, 170.0 -27.5, 170.0 -32.5))",5.919900,17.492000,47.411000,18.190000,0.708640,10.298000,1474.8000,3.1344,0.8547
494,"POLYGON ((175.0 -32.5, 180.0 -32.5, 180.0 -27.5, 175.0 -27.5, 175.0 -32.5))",10.629000,18.296000,48.933000,15.444000,0.525560,8.322000,1217.0000,3.0126,0.8214
495,"POLYGON ((-180.0 -27.5, -175.0 -27.5, -175.0 -22.5, -180.0 -22.5, -180.0 -27.5))",7.451800,17.607000,46.679000,17.710000,0.664290,8.213100,1069.6000,2.4624,0.6712
496,"POLYGON ((-175.0 -27.5, -170.0 -27.5, -170.0 -22.5, -175.0 -22.5, -175.0 -27.5))",9.972000,18.193000,44.449000,18.574000,0.009390,7.184400,896.5000,2.2843,0.6226
497,"POLYGON ((-170.0 -27.5, -165.0 -27.5, -165.0 -22.5, -170.0 -22.5, -170.0 -27.5))",6.592500,22.282000,48.059000,14.031000,0.590590,6.784000,1005.6000,2.0507,0.5588
498,"POLYGON ((-165.0 -27.5, -160.0 -27.5, -160.0 -22.5, -165.0 -22.5, -165.0 -27.5))",4.892400,22.281000,50.346000,13.933000,0.625770,6.506800,808.7200,1.5132,0.4121
499,"POLYGON ((-160.0 -27.5, -155.0 -27.5, -155.0 -22.5, -160.0 -22.5, -160.0 -27.5))",5.339600,29.827000,43.683000,14.528000,0.307750,5.637600,725.2800,0.9218,0.2507
500,"POLYGON ((-155.0 -27.5, -150.0 -27.5, -150.0 -22.5, -155.0 -22.5, -155.0 -27.5))",9.816000,20.337000,44.775000,16.390000,0.000000,6.854400,409.6000,1.1288,0.3072
501,"POLYGON ((-150.0 -27.5, -145.0 -27.5, -145.0 -22.5, -150.0 -22.5, -150.0 -27.5))",5.966100,24.457000,45.183000,16.036000,0.214570,6.351600,432.8700,0.9985,0.2716
502,"POLYGON ((-145.0 -27.5, -140.0 -27.5, -140.0 -22.5, -145.0 -22.5, -145.0 -27.5))",5.235000,24.934000,45.599000,16.519000,0.366390,5.388100,446.6700,0.7612,0.2068
503,"POLYGON ((-140.0 -27.5, -135.0 -27.5, -135.0 -22.5, -140.0 -22.5, -140.0 -27.5))",3.681400,25.607000,43.253000,17.579000,0.273490,5.250500,524.3200,0.6501,0.1765
504,"POLYGON ((-135.0 -27.5, -130.0 -27.5, -130.0 -22.5, -135.0 -22.5, -135.0 -27.5))",4.593500,27.371000,43.942000,16.636000,0.074841,4.445400,398.0500,0.5532,0.1500
505,"POLYGON ((-130.0 -27.5, -125.0 -27.5, -125.0 -22.5, -130.0 -22.5, -130.0 -27.5))",6.818500,28.844000,42.647000,15.466000,0.070528,4.185500,193.7300,0.1866,0.0499
506,"POLYGON ((-125.0 -27.5, -120.0 -27.5, -120.0 -22.5, -125.0 -22.5, -125.0 -27.5))",5.229700,28.369000,43.631000,15.358000,0.478630,3.948800,215.3000,0.3052,0.0823
507,"POLYGON ((-120.0 -27.5, -115.0 -27.5, -115.0 -22.5, -120.0 -22.5, -120.0 -27.5))",4.643500,23.747000,47.513000,17.628000,0.190570,3.968600,181.0800,0.3853,0.1042
508,"POLYGON ((-115.0 -27.5, -110.0 -27.5, -110.0 -22.5, -115.0 -22.5, -115.0 -27.5))",3.958300,25.992000,43.760000,18.244000,0.431430,4.089600,329.8200,0.1991,0.0534
509,"POLYGON ((-110.0 -27.5, -105.0 -27.5, -105.0 -22.5, -110.0 -22.5, -110.0 -27.5))",6.538700,23.825000,46.484000,17.731000,0.000000,3.500000,173.2600,0.0944,0.0248
510,"POLYGON ((-105.0 -27.5, -100.0 -27.5, -100.0 -22.5, -105.0 -22.5, -105.0 -27.5))",5.283000,25.466000,45.054000,18.189000,0.357310,3.799500,69.2980,0.2609,0.0702
511,"POLYGON ((-100.0 -27.5, -95.0 -27.5, -95.0 -22.5, -100.0 -22.5, -100.0 -27.5))",6.088200,31.346000,43.574000,12.273000,0.308800,4.627500,226.6700,0.3112,0.0840
512,"POLYGON ((-95.0 -27.5, -90.0 -27.5, -90.0 -22.5, -95.0 -22.5, -95.0 -27.5))",3.597100,20.722000,46.140000,18.609000,0.765710,5.689200,251.8100,0.3568,0.0964
513,"POLYGON ((-90.0 -27.5, -85.0 -27.5, -85.0 -22.5, -90.0 -22.5, -90.0 -27.5))",4.569000,25.926000,44.509000,17.062000,0.467790,4.605500,139.4700,0.1368,0.0363
514,"POLYGON ((-85.0 -27.5, -80.0 -27.5, -80.0 -22.5, -85.0 -22.5, -85.0 -27.5))",4.533200,26.230000,45.590000,16.205000,0.553100,4.417900,131.0100,0.1509,0.0402
515,"POLYGON ((-80.0 -27.5, -75.0 -27.5, -75.0 -22.5, -80.0 -22.5, -80.0 -27.5))",2.745000,29.989000,47.649000,14.293000,0.343660,3.943000,373.3800,0.0426,0.0106
516,"POLYGON ((-75.0 -27.5, -70.0 -27.5, -70.0 -22.5, -75.0 -22.5, -75.0 -27.5))",6.772200,29.584000,42.654000,15.899000,0.233280,4.381700,228.3200,0.5154,0.1397
517,"POLYGON ((-70.0 -27.5, -65.0 -27.5, -65.0 -22.5, -70.0 -22.5, -70.0 -27.5))",5.561500,22.991000,48.582000,17.635000,0.406510,5.012600,347.6500,0.6532,0.1773
518,"POLYGON ((-65.0 -27.5, -60.0 -27.5, -60.0 -22.5, -65.0 -22.5, -65.0 -27.5))",8.954100,25.469000,44.840000,16.197000,0.075746,5.174700,446.4300,1.0464,0.2847
519,"POLYGON ((-60.0 -27.5, -55.0 -27.5, -55.0 -22.5, -60.0 -22.5, -60.0 -27.5))",8.296900,23.090000,44.050000,17.438000,0.795020,6.219900,550.9000,1.7643,0.4807
520,"POLYGON ((-55.0 -27.5, -50.0 -27.5, -50.0 -22.5, -55.0 -22.5, -55.0 -27.5))",3.164400,28.043000,42.430000,17.275000,0.994530,7.034000,1095.4000,2.1059,0.5739
521,"POLYGON ((-50.0 -27.5, -45.0 -27.5, -45.0 -22.5, -50.0 -22.5, -50.0 -27.5))",9.031600,24.197000,39.666000,16.529000,1.295500,7.733600,998.0100,2.2863,0.6232
522,"POLYGON ((-45.0 -27.5, -40.0 -27.5, -40.0 -22.5, -45.0 -22.5, -45.0 -27.5))",8.007400,15.529000,40.445000,14.969000,2.276600,14.288000,1044.8000,1.8160,0.4948
523,"POLYGON ((-40.0 -27.5, -35.0 -27.5, -35.0 -22.5, -40.0 -22.5, -40.0 -27.5))",8.323000,12.578000,41.989000,15.878000,2.883800,15.217000,1046.0000,2.2049,0.6009
524,"POLYGON ((-35.0 -27.5, -30.0 -27.5, -30.0 -22.5, -35.0 -22.5, -35.0 -27.5))",12.086000,17.544000,39.260000,15.966000,2.588800,12.670000,1321.4000,2.5045,0.6827
525,"POLYGON ((-30.0 -27.5, -25.0 -27.5, -25.0 -22.5, -30.0 -22.5, -30.0 -27.5))",7.407400,15.100000,43.661000,18.208000,3.475000,13.420000,1917.5000,3.4904,0.9519
526,"POLYGON ((-25.0 -27.5, -20.0 -27.5, -20.0 -22.5, -25.0 -22.5, -25.0 -27.5))",12.105000,12.471000,40.232000,17.064000,4.234900,13.350000,1965.7000,4.5046,1.2287
527,"POLYGON ((-20.0 -27.5, -15.0 -27.5, -15.0 -22.5, -20.0 -22.5, -20.0 -27.5))",6.030800,14.281000,44.789000,16.796000,2.669600,15.974000,2229.4000,4.5880,1.2515
528,"POLYGON ((-15.0 -27.5, -10.0 -27.5, -10.0 -22.5, -15.0 -22.5, -15.0 -27.5))",7.700000,15.641000,39.572000,15.726000,3.618400,14.359000,2074.1000,4.3760,1.1936
529,"POLYGON ((-10.0 -27.5, -5.0 -27.5, -5.0 -22.5, -10.0 -22.5, -10.0 -27.5))",8.519800,19.274000,42.105000,17.249000,2.820100,10.354000,1856.1000,3.7778,1.0303
530,"POLYGON ((-5.0 -27.5, 0.0 -27.5, 0.0 -22.5, -5.0 -22.5, -5.0 -27.5))",4.865900,31.250000,40.047000,15.305000,1.176900,8.314000,1633.1000,2.8498,0.7770
531,"POLYGON ((0.0 -27.5, 5.0 -27.5, 5.0 -22.5, 0.0 -22.5, 0.0 -27.5))",10.174000,22.423000,45.214000,17.259000,0.249980,6.324000,1079.2000,2.0867,0.5687
532,"POLYGON ((5.0 -27.5, 10.0 -27.5, 10.0 -22.5, 5.0 -22.5, 5.0 -27.5))",7.462000,20.391000,46.169000,18.372000,0.322230,6.364500,851.3800,2.1348,0.5818
533,"POLYGON ((10.0 -27.5, 15.0 -27.5, 15.0 -22.5, 10.0 -22.5, 10.0 -27.5))",7.611400,19.344000,45.357000,18.160000,0.842090,6.403100,805.6200,2.0055,0.5465
534,"POLYGON ((15.0 -27.5, 20.0 -27.5, 20.0 -22.5, 15.0 -22.5, 15.0 -27.5))",7.386800,23.905000,44.179000,17.092000,0.526790,6.364000,607.5600,1.6439,0.4478
535,"POLYGON ((20.0 -27.5, 25.0 -27.5, 25.0 -22.5, 20.0 -22.5, 20.0 -27.5))",8.324500,24.812000,45.138000,15.660000,0.543930,5.964100,630.0700,1.4899,0.4057
536,"POLYGON ((25.0 -27.5, 30.0 -27.5, 30.0 -22.5, 25.0 -22.5, 25.0 -27.5))",10.093000,28.775000,43.589000,14.227000,0.148240,4.723800,570.3000,1.2095,0.3292
537,"POLYGON ((30.0 -27.5, 35.0 -27.5, 35.0 -22.5, 30.0 -22.5, 30.0 -27.5))",6.379300,23.812000,46.108000,17.464000,0.634310,6.217500,653.2300,1.3789,0.3755
538,"POLYGON ((35.0 -27.5, 40.0 -27.5, 40.0 -22.5, 35.0 -22.5, 35.0 -27.5))",9.396700,17.552000,46.646000,19.949000,0.550760,7.387400,550.7300,1.3669,0.3722
539,"POLYGON ((40.0 -27.5, 45.0 -27.5, 45.0 -22.5, 40.0 -22.5, 40.0 -27.5))",10.106000,25.858000,44.545000,12.878000,0.919640,5.999900,488.4800,1.1968,0.3257
540,"POLYGON ((45.0 -27.5, 50.0 -27.5, 50.0 -22.5, 45.0 -22.5, 45.0 -27.5))",9.577300,21.681000,43.653000,16.258000,0.349070,6.871200,296.6000,0.9491,0.2581
541,"POLYGON ((50.0 -27.5, 55.0 -27.5, 55.0 -22.5, 50.0 -22.5, 50.0 -27.5))",8.999100,24.558000,41.964000,17.377000,0.236230,6.327900,406.0800,0.7405,0.2012
542,"POLYGON ((55.0 -27.5, 60.0 -27.5, 60.0 -22.5, 55.0 -22.5, 55.0 -27.5))",5.956700,23.790000,45.031000,15.545000,1.124900,6.844800,276.5800,0.4341,0.1175
543,"POLYGON ((60.0 -27.5, 65.0 -27.5, 65.0 -22.5, 60.0 -22.5, 60.0 -27.5))",8.783600,22.684000,48.001000,15.192000,0.503990,4.957500,256.6700,0.3922,0.1061
544,"POLYGON ((65.0 -27.5, 70.0 -27.5, 70.0 -22.5, 65.0 -22.5, 65.0 -27.5))",9.598300,20.830000,44.623000,16.139000,0.165000,7.720300,343.3500,0.5525,0.1498
545,"POLYGON ((70.0 -27.5, 75.0 -27.5, 75.0 -22.5, 70.0 -22.5, 70.0 -27.5))",7.721800,18.396000,45.099000,19.382000,0.292060,7.638300,396.4400,0.6095,0.1654
546,"POLYGON ((75.0 -27.5, 80.0 -27.5, 80.0 -22.5, 75.0 -22.5, 75.0 -27.5))",9.117400,23.745000,44.570000,16.569000,0.142350,5.956400,253.7300,0.6096,0.1654
547,"POLYGON ((80.0 -27.5, 85.0 -27.5, 85.0 -22.5, 80.0 -22.5, 80.0 -27.5))",6.942400,24.089000,47.113000,15.609000,0.473700,4.588400,416.3800,0.9029,0.2455
548,"POLYGON ((85.0 -27.5, 90.0 -27.5, 90.0 -22.5, 85.0 -22.5, 85.0 -27.5))",10.604000,24.426000,43.371000,16.150000,0.728700,5.190200,373.4100,0.9385,0.2552
549,"POLYGON ((90.0 -27.5, 95.0 -27.5, 95.0 -22.5, 90.0 -22.5, 90.0 -27.5))",9.045800,22.481000,44.594000,16.521000,0.311510,5.516600,388.7400,0.8867,0.2411
550,"POLYGON ((95.0 -27.5, 100.0 -27.5, 100.0 -22.5, 95.0 -22.5, 95.0 -27.5))",8.649800,25.794000,46.683000,13.581000,0.370660,5.211600,376.2700,0.6589,0.1789
551,"POLYGON ((100.0 -27.5, 105.0 -27.5, 105.0 -22.5, 100.0 -22.5, 100.0 -27.5))",8.545500,24.096000,44.092000,14.632000,0.629050,6.669000,332.5600,0.6231,0.1691
552,"POLYGON ((105.0 -27.5, 110.0 -27.5, 110.0 -22.5, 105.0 -22.5, 105.0 -27.5))",7.121400,23.136000,46.002000,14.772000,0.501210,7.210400,364.2200,0.4297,0.1163
553,"POLYGON ((110.0 -27.5, 115.0 -27.5, 115.0 -22.5, 110.0 -22.5, 110.0 -27.5))",7.462300,27.080000,43.181000,16.694000,0.437640,5.608400,154.6800,0.4706,0.1275
554,"POLYGON ((115.0 -27.5, 120.0 -27.5, 120.0 -22.5, 115.0 -22.5, 115.0 -27.5))",8.031300,24.970000,45.206000,14.548000,0.810420,5.220400,369.5200,0.4617,0.1250
555,"POLYGON ((120.0 -27.5, 125.0 -27.5, 125.0 -22.5, 120.0 -22.5, 120.0 -27.5))",5.961200,23.576000,46.951000,16.847000,0.425400,5.878500,292.6100,0.5109,0.1385
556,"POLYGON ((125.0 -27.5, 130.0 -27.5, 130.0 -22.5, 125.0 -22.5, 125.0 -27.5))",3.910400,21.774000,46.093000,19.133000,0.613940,5.870800,165.4700,0.5336,0.1447
557,"POLYGON ((130.0 -27.5, 135.0 -27.5, 135.0 -22.5, 130.0 -22.5, 130.0 -27.5))",7.906300,23.372000,43.759000,17.944000,0.387380,4.509500,252.6000,0.6440,0.1748
558,"POLYGON ((135.0 -27.5, 140.0 -27.5, 140.0 -22.5, 135.0 -22.5, 135.0 -27.5))",6.978700,23.429000,47.800000,15.434000,0.326970,4.315600,288.0000,0.6315,0.1714
559,"POLYGON ((140.0 -27.5, 145.0 -27.5, 145.0 -22.5, 140.0 -22.5, 140.0 -27.5))",8.352300,24.121000,44.525000,15.926000,0.253020,4.201700,293.4900,0.6886,0.1870
560,"POLYGON ((145.0 -27.5, 150.0 -27.5, 150.0 -22.5, 145.0 -22.5, 145.0 -27.5))",4.511500,28.896000,41.800000,18.717000,0.383760,5.114200,495.7900,0.6928,0.1881
561,"POLYGON ((150.0 -27.5, 155.0 -27.5, 155.0 -22.5, 150.0 -22.5, 150.0 -27.5))",5.766900,32.739000,41.109000,15.068000,0.315110,4.623500,747.8500,0.8608,0.2340
562,"POLYGON ((155.0 -27.5, 160.0 -27.5, 160.0 -22.5, 155.0 -22.5, 155.0 -27.5))",9.111300,23.447000,46.864000,15.049000,0.108530,5.672300,489.0800,1.2961,0.3528
563,"POLYGON ((160.0 -27.5, 165.0 -27.5, 165.0 -22.5, 160.0 -22.5, 160.0 -27.5))",9.804500,23.347000,44.980000,16.149000,0.463490,6.252400,788.8200,1.6081,0.4380
564,"POLYGON ((165.0 -27.5, 170.0 -27.5, 170.0 -22.5, 165.0 -22.5, 165.0 -27.5))",6.907500,22.132000,45.780000,15.759000,0.788980,7.741800,901.8700,2.1527,0.5867
565,"POLYGON ((170.0 -27.5, 175.0 -27.5, 175.0 -22.5, 170.0 -22.5, 170.0 -27.5))",6.867600,25.502000,44.875000,14.335000,0.383880,7.405500,1072.3000,2.6319,0.7175
566,"POLYGON ((175.0 -27.5, 180.0 -27.5, 180.0 -22.5, 175.0 -22.5, 175.0 -27.5))",9.781600,18.796000,45.605000,18.396000,0.459770,7.902900,1057.0000,2.6421,0.7203
567,"POLYGON ((-180.0 -22.5, -175.0 -22.5, -175.0 -17.5, -180.0 -17.5, -180.0 -22.5))",5.781000,20.754000,47.959000,16.551000,0.794700,6.726000,841.5100,1.6556,0.4510
568,"POLYGON ((-175.0 -22.5, -170.0 -22.5, -170.0 -17.5, -175.0 -17.5, -175.0 -22.5))",7.976800,23.553000,45.389000,16.218000,0.000000,5.830000,695.3300,1.6298,0.4439
569,"POLYGON ((-170.0 -22.5, -165.0 -22.5, -165.0 -17.5, -170.0 -17.5, -170.0 -22.5))",5.268500,18.041000,47.370000,19.657000,0.000000,6.544100,704.3400,1.1763,0.3201
570,"POLYGON ((-165.0 -22.5, -160.0 -22.5, -160.0 -17.5, -165.0 -17.5, -165.0 -22.5))",3.577600,28.320000,44.071000,16.977000,0.420650,4.746600,615.7000,0.9052,0.2461
571,"POLYGON ((-160.0 -22.5, -155.0 -22.5, -155.0 -17.5, -160.0 -17.5, -160.0 -22.5))",8.722500,23.719000,42.680000,17.463000,0.408150,4.820400,261.4000,0.7847,0.2132
572,"POLYGON ((-155.0 -22.5, -150.0 -22.5, -150.0 -17.5, -155.0 -17.5, -155.0 -22.5))",5.709000,20.872000,46.075000,18.490000,0.193650,6.319200,377.7200,0.7745,0.2104
573,"POLYGON ((-150.0 -22.5, -145.0 -22.5, -145.0 -17.5, -150.0 -17.5, -150.0 -22.5))",5.652000,22.186000,47.475000,17.579000,0.250600,4.685400,382.4900,0.8211,0.2232
574,"POLYGON ((-145.0 -22.5, -140.0 -22.5, -140.0 -17.5, -145.0 -17.5, -145.0 -22.5))",6.691300,28.155000,41.819000,16.209000,0.398220,4.724900,349.8900,0.6250,0.1696
575,"POLYGON ((-140.0 -22.5, -135.0 -22.5, -135.0 -17.5, -140.0 -17.5, -140.0 -22.5))",5.255400,27.152000,45.157000,14.533000,0.221810,4.749500,207.2200,0.5815,0.1577
576,"POLYGON ((-135.0 -22.5, -130.0 -22.5, -130.0 -17.5, -135.0 -17.5, -135.0 -22.5))",5.437100,26.673000,45.902000,14.825000,0.299410,3.762200,341.7000,0.6482,0.1759
577,"POLYGON ((-130.0 -22.5, -125.0 -22.5, -125.0 -17.5, -130.0 -17.5, -130.0 -22.5))",1.573200,31.044000,40.958000,15.246000,0.682310,4.794500,251.0200,0.6083,0.1651
578,"POLYGON ((-125.0 -22.5, -120.0 -22.5, -120.0 -17.5, -125.0 -17.5, -125.0 -22.5))",3.301500,29.181000,45.429000,14.957000,0.223530,3.130400,316.8100,0.5280,0.1431
579,"POLYGON ((-120.0 -22.5, -115.0 -22.5, -115.0 -17.5, -120.0 -17.5, -120.0 -22.5))",3.459500,25.900000,47.696000,14.939000,0.408740,4.460900,157.0300,0.4231,0.1145
580,"POLYGON ((-115.0 -22.5, -110.0 -22.5, -110.0 -17.5, -115.0 -17.5, -115.0 -22.5))",9.275700,27.017000,40.265000,15.938000,0.161970,3.918000,75.2350,0.1998,0.0536
581,"POLYGON ((-110.0 -22.5, -105.0 -22.5, -105.0 -17.5, -110.0 -17.5, -110.0 -22.5))",7.379800,27.689000,41.774000,14.716000,0.260370,3.992300,127.3500,0.1074,0.0283
582,"POLYGON ((-105.0 -22.5, -100.0 -22.5, -100.0 -17.5, -105.0 -17.5, -105.0 -22.5))",3.550400,29.638000,44.261000,16.204000,0.158500,4.045000,239.9900,0.2732,0.0736
583,"POLYGON ((-100.0 -22.5, -95.0 -22.5, -95.0 -17.5, -100.0 -17.5, -100.0 -22.5))",2.402100,23.863000,45.333000,14.845000,1.424800,6.157300,412.8400,0.4513,0.1222
584,"POLYGON ((-95.0 -22.5, -90.0 -22.5, -90.0 -17.5, -95.0 -17.5, -95.0 -22.5))",3.720700,20.167000,46.423000,15.359000,1.115100,6.837300,313.3800,0.3836,0.1037
585,"POLYGON ((-90.0 -22.5, -85.0 -22.5, -85.0 -17.5, -90.0 -17.5, -90.0 -22.5))",1.932100,28.635000,43.335000,15.870000,0.992190,4.493100,263.1000,0.2551,0.0686
586,"POLYGON ((-85.0 -22.5, -80.0 -22.5, -80.0 -17.5, -85.0 -17.5, -85.0 -22.5))",5.365100,24.769000,44.766000,15.772000,0.659700,5.012100,175.2400,0.2819,0.0760
587,"POLYGON ((-80.0 -22.5, -75.0 -22.5, -75.0 -17.5, -80.0 -17.5, -80.0 -22.5))",8.280600,23.909000,45.988000,14.624000,0.604900,5.445300,0.0000,0.5424,0.1471
588,"POLYGON ((-75.0 -22.5, -70.0 -22.5, -70.0 -17.5, -75.0 -17.5, -75.0 -22.5))",7.783300,28.627000,46.948000,13.232000,0.026275,4.585300,215.2300,0.6733,0.1828
589,"POLYGON ((-70.0 -22.5, -65.0 -22.5, -65.0 -17.5, -70.0 -17.5, -70.0 -22.5))",7.816300,27.469000,44.956000,14.226000,0.366420,5.157300,449.4500,1.0823,0.2945
590,"POLYGON ((-65.0 -22.5, -60.0 -22.5, -60.0 -17.5, -65.0 -17.5, -65.0 -22.5))",5.900600,30.845000,41.830000,15.513000,0.960300,5.194900,930.9200,1.9377,0.5280
591,"POLYGON ((-60.0 -22.5, -55.0 -22.5, -55.0 -17.5, -60.0 -17.5, -60.0 -22.5))",8.342200,26.392000,43.714000,16.151000,0.329040,6.850700,1219.6000,2.7784,0.7575
592,"POLYGON ((-55.0 -22.5, -50.0 -22.5, -50.0 -17.5, -55.0 -17.5, -55.0 -22.5))",8.446500,22.119000,44.235000,16.992000,1.000700,8.498300,1337.0000,3.2014,0.8730
593,"POLYGON ((-50.0 -22.5, -45.0 -22.5, -45.0 -17.5, -50.0 -17.5, -50.0 -22.5))",8.478700,22.553000,43.275000,18.136000,1.283900,8.944700,1435.4000,3.2032,0.8735
594,"POLYGON ((-45.0 -22.5, -40.0 -22.5, -40.0 -17.5, -45.0 -17.5, -45.0 -22.5))",10.523000,19.505000,37.565000,13.771000,2.603800,13.209000,1319.6000,3.1462,0.8579
595,"POLYGON ((-40.0 -22.5, -35.0 -22.5, -35.0 -17.5, -40.0 -17.5, -40.0 -22.5))",8.659400,14.037000,43.288000,14.783000,2.104700,15.301000,1352.1000,2.6948,0.7347
596,"POLYGON ((-35.0 -22.5, -30.0 -22.5, -30.0 -17.5, -35.0 -17.5, -35.0 -22.5))",10.319000,11.547000,43.642000,17.677000,3.113300,15.375000,1865.4000,3.6251,0.9887
597,"POLYGON ((-30.0 -22.5, -25.0 -22.5, -25.0 -17.5, -30.0 -17.5, -30.0 -22.5))",9.577000,18.627000,44.189000,16.411000,2.402000,13.789000,2403.8000,4.6599,1.2712
598,"POLYGON ((-25.0 -22.5, -20.0 -22.5, -20.0 -17.5, -25.0 -17.5, -25.0 -22.5))",11.092000,16.620000,41.831000,17.912000,3.098900,14.446000,2431.9000,5.7737,1.5752
599,"POLYGON ((-20.0 -22.5, -15.0 -22.5, -15.0 -17.5, -20.0 -17.5, -20.0 -22.5))",9.272200,14.808000,37.573000,18.244000,4.189200,16.546000,2548.2000,5.7918,1.5802
600,"POLYGON ((-15.0 -22.5, -10.0 -22.5, -10.0 -17.5, -15.0 -17.5, -15.0 -22.5))",9.779300,15.244000,41.000000,18.845000,2.916500,14.044000,2252.7000,5.5586,1.5165
601,"POLYGON ((-10.0 -22.5, -5.0 -22.5, -5.0 -17.5, -10.0 -17.5, -10.0 -22.5))",8.549100,19.812000,43.533000,16.174000,1.706800,12.624000,2261.8000,4.9910,1.3615
602,"POLYGON ((-5.0 -22.5, 0.0 -22.5, 0.0 -17.5, -5.0 -17.5, -5.0 -22.5))",15.701000,22.714000,42.268000,14.573000,1.008100,7.079600,1374.3000,3.6539,0.9965
603,"POLYGON ((0.0 -22.5, 5.0 -22.5, 5.0 -17.5, 0.0 -17.5, 0.0 -22.5))",9.351700,23.015000,43.610000,17.737000,0.347680,7.231900,1279.7000,3.1329,0.8543
604,"POLYGON ((5.0 -22.5, 10.0 -22.5, 10.0 -17.5, 5.0 -17.5, 5.0 -22.5))",9.966200,20.726000,43.500000,19.116000,0.642320,6.108800,1136.7000,2.6602,0.7252
605,"POLYGON ((10.0 -22.5, 15.0 -22.5, 15.0 -17.5, 10.0 -17.5, 10.0 -22.5))",7.789400,24.678000,44.463000,16.531000,0.720180,5.303500,936.3200,2.1635,0.5897
606,"POLYGON ((15.0 -22.5, 20.0 -22.5, 20.0 -17.5, 15.0 -17.5, 15.0 -22.5))",10.118000,24.078000,45.358000,15.581000,0.228220,5.617800,627.5500,1.5365,0.4185
607,"POLYGON ((20.0 -22.5, 25.0 -22.5, 25.0 -17.5, 20.0 -17.5, 20.0 -22.5))",8.029900,29.976000,42.994000,14.130000,0.380290,4.973700,562.2600,1.5506,0.4223
608,"POLYGON ((25.0 -22.5, 30.0 -22.5, 30.0 -17.5, 25.0 -17.5, 25.0 -22.5))",9.789300,24.537000,43.361000,14.761000,1.096700,5.999400,401.9500,1.4574,0.3969
609,"POLYGON ((30.0 -22.5, 35.0 -22.5, 35.0 -17.5, 30.0 -17.5, 30.0 -22.5))",11.448000,20.457000,41.669000,15.762000,0.864520,8.645500,459.6100,1.4725,0.4010
610,"POLYGON ((35.0 -22.5, 40.0 -22.5, 40.0 -17.5, 35.0 -17.5, 35.0 -22.5))",7.334800,22.222000,41.490000,17.443000,0.944190,9.322900,576.2000,1.4372,0.3913
611,"POLYGON ((40.0 -22.5, 45.0 -22.5, 45.0 -17.5, 40.0 -17.5, 40.0 -22.5))",6.780400,16.320000,49.353000,16.414000,0.889370,8.871100,661.7600,1.3321,0.3627
612,"POLYGON ((45.0 -22.5, 50.0 -22.5, 50.0 -17.5, 45.0 -17.5, 45.0 -22.5))",6.334600,24.367000,44.530000,14.386000,0.588090,9.271400,600.1200,1.0154,0.2762
613,"POLYGON ((50.0 -22.5, 55.0 -22.5, 55.0 -17.5, 50.0 -17.5, 50.0 -22.5))",8.500100,18.007000,42.323000,15.247000,1.588100,10.880000,523.1200,0.7907,0.2149
614,"POLYGON ((55.0 -22.5, 60.0 -22.5, 60.0 -17.5, 55.0 -17.5, 55.0 -22.5))",9.212100,23.592000,44.722000,14.654000,0.626030,8.439700,456.4400,0.6691,0.1817
615,"POLYGON ((60.0 -22.5, 65.0 -22.5, 65.0 -17.5, 60.0 -17.5, 60.0 -22.5))",10.155000,22.109000,44.917000,13.712000,0.375150,8.241400,438.7500,0.9117,0.2479
616,"POLYGON ((65.0 -22.5, 70.0 -22.5, 70.0 -17.5, 65.0 -17.5, 65.0 -22.5))",11.141000,21.125000,45.023000,14.327000,0.478000,8.087600,464.5300,1.1767,0.3202
617,"POLYGON ((70.0 -22.5, 75.0 -22.5, 75.0 -17.5, 70.0 -17.5, 70.0 -22.5))",8.262400,18.496000,44.701000,19.085000,0.278150,7.854100,574.9600,0.9674,0.2631
618,"POLYGON ((75.0 -22.5, 80.0 -22.5, 80.0 -17.5, 75.0 -17.5, 75.0 -22.5))",8.970400,24.664000,43.426000,16.629000,0.626490,4.947800,346.0900,0.8290,0.2253
619,"POLYGON ((80.0 -22.5, 85.0 -22.5, 85.0 -17.5, 80.0 -17.5, 80.0 -22.5))",8.866800,23.824000,43.608000,17.060000,0.461790,5.496400,239.9200,0.8939,0.2430
620,"POLYGON ((85.0 -22.5, 90.0 -22.5, 90.0 -17.5, 85.0 -17.5, 85.0 -22.5))",8.899500,25.585000,42.763000,15.834000,0.735840,5.407400,340.0900,0.8392,0.2281
621,"POLYGON ((90.0 -22.5, 95.0 -22.5, 95.0 -17.5, 90.0 -17.5, 90.0 -22.5))",7.948700,23.639000,44.250000,16.482000,0.445460,5.353800,300.4000,0.5660,0.1535
622,"POLYGON ((95.0 -22.5, 100.0 -22.5, 100.0 -17.5, 95.0 -17.5, 95.0 -22.5))",8.832500,22.252000,45.480000,17.191000,0.322590,5.233700,230.4400,0.5339,0.1448
623,"POLYGON ((100.0 -22.5, 105.0 -22.5, 105.0 -17.5, 100.0 -17.5, 100.0 -22.5))",4.863000,27.833000,44.819000,14.386000,0.730030,5.358100,342.3300,0.5570,0.1511
624,"POLYGON ((105.0 -22.5, 110.0 -22.5, 110.0 -17.5, 105.0 -17.5, 105.0 -22.5))",9.079300,24.148000,47.243000,13.399000,0.344910,5.840600,207.8200,0.5866,0.1591
625,"POLYGON ((110.0 -22.5, 115.0 -22.5, 115.0 -17.5, 110.0 -17.5, 110.0 -22.5))",5.978200,26.792000,41.113000,17.471000,0.686010,6.792400,435.5400,0.4279,0.1158
626,"POLYGON ((115.0 -22.5, 120.0 -22.5, 120.0 -17.5, 115.0 -17.5, 115.0 -22.5))",8.112300,22.506000,47.097000,16.430000,0.153720,5.813400,189.1700,0.3182,0.0859
627,"POLYGON ((120.0 -22.5, 125.0 -22.5, 125.0 -17.5, 120.0 -17.5, 120.0 -22.5))",6.872900,27.458000,45.391000,15.116000,0.000000,4.958500,392.3800,0.3542,0.0957
628,"POLYGON ((125.0 -22.5, 130.0 -22.5, 130.0 -17.5, 125.0 -17.5, 125.0 -22.5))",4.645700,20.413000,45.908000,17.209000,0.421230,6.710900,399.1300,0.4887,0.1324
629,"POLYGON ((130.0 -22.5, 135.0 -22.5, 135.0 -17.5, 130.0 -17.5, 130.0 -22.5))",5.932000,25.909000,44.571000,15.251000,0.187120,4.936600,250.2700,0.5582,0.1514
630,"POLYGON ((135.0 -22.5, 140.0 -22.5, 140.0 -17.5, 135.0 -17.5, 135.0 -22.5))",7.968500,23.843000,44.822000,15.562000,0.195110,4.612500,303.2900,0.5452,0.1479
631,"POLYGON ((140.0 -22.5, 145.0 -22.5, 145.0 -17.5, 140.0 -17.5, 140.0 -22.5))",9.228600,22.697000,45.283000,16.550000,0.000000,4.768200,269.6000,0.8300,0.2256
632,"POLYGON ((145.0 -22.5, 150.0 -22.5, 150.0 -17.5, 145.0 -17.5, 145.0 -22.5))",5.281800,23.368000,49.278000,16.730000,0.220970,4.443700,486.6100,0.7492,0.2035
633,"POLYGON ((150.0 -22.5, 155.0 -22.5, 155.0 -17.5, 150.0 -17.5, 150.0 -22.5))",7.517600,25.643000,45.529000,16.124000,0.000000,4.324900,525.5700,1.0909,0.2968
634,"POLYGON ((155.0 -22.5, 160.0 -22.5, 160.0 -17.5, 155.0 -17.5, 155.0 -22.5))",5.909400,29.364000,44.933000,13.923000,0.027466,5.496600,605.1300,1.1839,0.3222
635,"POLYGON ((160.0 -22.5, 165.0 -22.5, 165.0 -17.5, 160.0 -17.5, 160.0 -22.5))",6.485400,21.852000,48.446000,16.399000,0.389690,6.261200,588.8200,1.6372,0.4460
636,"POLYGON ((165.0 -22.5, 170.0 -22.5, 170.0 -17.5, 165.0 -17.5, 165.0 -22.5))",4.772300,20.783000,47.403000,19.478000,0.519630,6.588400,680.2100,1.3148,0.3579
637,"POLYGON ((170.0 -22.5, 175.0 -22.5, 175.0 -17.5, 170.0 -17.5, 170.0 -22.5))",5.739800,22.108000,48.903000,16.352000,0.267600,6.010400,723.5000,1.5737,0.4286
638,"POLYGON ((175.0 -22.5, 180.0 -22.5, 180.0 -17.5, 175.0 -17.5, 175.0 -22.5))",6.615400,26.063000,46.240000,15.073000,0.000000,5.986400,922.8500,1.5772,0.4296
639,"POLYGON ((-180.0 -17.5, -175.0 -17.5, -175.0 -12.5, -180.0 -12.5, -180.0 -17.5))",7.131500,23.327000,44.515000,17.523000,0.531050,5.273900,431.6000,1.0516,0.2861
640,"POLYGON ((-175.0 -17.5, -170.0 -17.5, -170.0 -12.5, -175.0 -12.5, -175.0 -17.5))",7.120500,23.732000,43.837000,17.001000,0.181330,5.366200,265.3000,1.0448,0.2842
641,"POLYGON ((-170.0 -17.5, -165.0 -17.5, -165.0 -12.5, -170.0 -12.5, -170.0 -17.5))",5.935300,23.518000,44.847000,16.875000,0.260290,4.981800,375.9100,0.7538,0.2048
642,"POLYGON ((-165.0 -17.5, -160.0 -17.5, -160.0 -12.5, -165.0 -12.5, -165.0 -17.5))",4.604900,22.096000,47.827000,18.352000,0.117670,4.948800,241.2400,0.6160,0.1672
643,"POLYGON ((-160.0 -17.5, -155.0 -17.5, -155.0 -12.5, -160.0 -12.5, -160.0 -17.5))",2.591100,28.842000,41.408000,17.673000,0.320580,5.152700,360.3800,0.5860,0.1590
644,"POLYGON ((-155.0 -17.5, -150.0 -17.5, -150.0 -12.5, -155.0 -12.5, -155.0 -17.5))",6.042100,25.720000,45.236000,14.211000,0.440900,4.535300,290.9900,0.4641,0.1257
645,"POLYGON ((-150.0 -17.5, -145.0 -17.5, -145.0 -12.5, -150.0 -12.5, -150.0 -17.5))",3.638700,21.876000,47.676000,16.781000,0.477360,4.725800,431.5200,0.5408,0.1467
646,"POLYGON ((-145.0 -17.5, -140.0 -17.5, -140.0 -12.5, -145.0 -12.5, -145.0 -17.5))",4.274000,27.310000,44.470000,15.339000,0.298100,4.300200,305.7100,0.5254,0.1424
647,"POLYGON ((-140.0 -17.5, -135.0 -17.5, -135.0 -12.5, -140.0 -12.5, -140.0 -17.5))",4.196400,25.658000,43.243000,18.388000,0.215350,4.730800,293.8600,0.5474,0.1484
648,"POLYGON ((-135.0 -17.5, -130.0 -17.5, -130.0 -12.5, -135.0 -12.5, -135.0 -17.5))",3.088000,32.372000,44.619000,12.694000,0.309910,4.023000,186.2800,0.3884,0.1050
649,"POLYGON ((-130.0 -17.5, -125.0 -17.5, -125.0 -12.5, -130.0 -12.5, -130.0 -17.5))",8.478500,24.466000,46.061000,14.821000,0.068186,3.745600,27.7860,0.3583,0.0968
650,"POLYGON ((-125.0 -17.5, -120.0 -17.5, -120.0 -12.5, -125.0 -12.5, -125.0 -17.5))",4.445500,26.058000,44.559000,16.992000,0.170160,4.666300,162.1200,0.3969,0.1074
651,"POLYGON ((-120.0 -17.5, -115.0 -17.5, -115.0 -12.5, -120.0 -12.5, -120.0 -17.5))",3.498700,25.138000,44.558000,19.022000,0.442600,3.699100,207.7800,0.4811,0.1303
652,"POLYGON ((-115.0 -17.5, -110.0 -17.5, -110.0 -12.5, -115.0 -12.5, -115.0 -17.5))",4.115700,28.331000,41.920000,17.326000,0.152890,4.914200,245.2900,0.2513,0.0676
653,"POLYGON ((-110.0 -17.5, -105.0 -17.5, -105.0 -12.5, -110.0 -12.5, -110.0 -17.5))",4.835400,24.130000,44.448000,17.599000,0.075325,4.565300,177.7800,0.2930,0.0790
654,"POLYGON ((-105.0 -17.5, -100.0 -17.5, -100.0 -12.5, -105.0 -12.5, -105.0 -17.5))",4.650900,27.607000,42.855000,16.169000,0.412880,4.274100,309.5700,0.2582,0.0695
655,"POLYGON ((-100.0 -17.5, -95.0 -17.5, -95.0 -12.5, -100.0 -12.5, -100.0 -17.5))",4.397300,24.604000,45.555000,15.913000,0.518470,4.999900,252.8600,0.3388,0.0915
656,"POLYGON ((-95.0 -17.5, -90.0 -17.5, -90.0 -12.5, -95.0 -12.5, -95.0 -17.5))",3.903300,23.703000,47.214000,15.310000,0.733950,5.226900,429.5100,0.1636,0.0437
657,"POLYGON ((-90.0 -17.5, -85.0 -17.5, -85.0 -12.5, -90.0 -12.5, -90.0 -17.5))",3.083000,28.175000,44.101000,15.496000,0.646840,4.930500,263.1500,0.3890,0.1052
658,"POLYGON ((-85.0 -17.5, -80.0 -17.5, -80.0 -12.5, -85.0 -12.5, -85.0 -17.5))",4.926800,25.045000,46.480000,14.717000,0.535700,5.557000,150.0500,0.3142,0.0848
659,"POLYGON ((-80.0 -17.5, -75.0 -17.5, -75.0 -12.5, -80.0 -12.5, -80.0 -17.5))",5.482900,28.458000,44.927000,14.613000,0.449120,4.966000,388.8900,0.4313,0.1167
660,"POLYGON ((-75.0 -17.5, -70.0 -17.5, -70.0 -12.5, -75.0 -12.5, -75.0 -17.5))",5.852400,25.773000,45.267000,17.266000,0.188240,5.211800,511.4700,0.9433,0.2565
661,"POLYGON ((-70.0 -17.5, -65.0 -17.5, -65.0 -12.5, -70.0 -12.5, -70.0 -17.5))",9.804200,24.922000,43.082000,15.984000,0.226220,6.059800,603.1700,1.4429,0.3929
662,"POLYGON ((-65.0 -17.5, -60.0 -17.5, -60.0 -12.5, -65.0 -12.5, -65.0 -17.5))",7.930800,26.390000,45.155000,16.254000,0.544380,5.946300,1008.8000,2.5690,0.7004
663,"POLYGON ((-60.0 -17.5, -55.0 -17.5, -55.0 -12.5, -60.0 -12.5, -60.0 -17.5))",9.007600,25.423000,41.258000,15.170000,1.086100,9.000500,1484.7000,3.6894,1.0062
664,"POLYGON ((-55.0 -17.5, -50.0 -17.5, -50.0 -12.5, -55.0 -12.5, -55.0 -17.5))",8.887500,19.913000,41.150000,17.149000,1.721200,12.427000,1852.3000,4.4152,1.2043
665,"POLYGON ((-50.0 -17.5, -45.0 -17.5, -45.0 -12.5, -50.0 -12.5, -50.0 -17.5))",9.898800,16.029000,44.137000,19.285000,1.356600,12.108000,1992.1000,4.9781,1.3580
666,"POLYGON ((-45.0 -17.5, -40.0 -17.5, -40.0 -12.5, -45.0 -12.5, -45.0 -17.5))",9.182500,23.198000,42.346000,14.356000,2.177300,12.229000,2071.2000,4.9388,1.3473
667,"POLYGON ((-40.0 -17.5, -35.0 -17.5, -35.0 -12.5, -40.0 -12.5, -40.0 -17.5))",7.649000,19.732000,38.258000,15.024000,3.231100,16.147000,1779.9000,4.0084,1.0933
668,"POLYGON ((-35.0 -17.5, -30.0 -17.5, -30.0 -12.5, -35.0 -12.5, -35.0 -17.5))",10.533000,14.966000,37.889000,14.186000,3.457100,19.026000,1789.8000,4.0398,1.1019
669,"POLYGON ((-30.0 -17.5, -25.0 -17.5, -25.0 -12.5, -30.0 -12.5, -30.0 -17.5))",11.484000,14.458000,37.892000,16.819000,3.630700,17.625000,2119.7000,4.8753,1.3300
670,"POLYGON ((-25.0 -17.5, -20.0 -17.5, -20.0 -12.5, -25.0 -12.5, -25.0 -17.5))",10.052000,18.498000,37.375000,17.137000,3.557700,16.124000,2599.9000,6.0586,1.6530
671,"POLYGON ((-20.0 -17.5, -15.0 -17.5, -15.0 -12.5, -20.0 -12.5, -20.0 -17.5))",12.723000,14.328000,39.037000,17.820000,2.284600,17.683000,2446.7000,6.8768,1.8764
672,"POLYGON ((-15.0 -17.5, -10.0 -17.5, -10.0 -12.5, -15.0 -12.5, -15.0 -17.5))",7.686400,20.931000,38.230000,14.906000,3.541100,14.159000,2787.8000,7.1196,1.9426
673,"POLYGON ((-10.0 -17.5, -5.0 -17.5, -5.0 -12.5, -10.0 -12.5, -10.0 -17.5))",9.326600,18.749000,39.066000,19.270000,2.189800,13.716000,2591.1000,6.7940,1.8538
674,"POLYGON ((-5.0 -17.5, 0.0 -17.5, 0.0 -12.5, -5.0 -12.5, -5.0 -17.5))",9.095300,26.886000,39.285000,16.197000,0.792530,10.133000,2073.1000,4.7860,1.3056
675,"POLYGON ((0.0 -17.5, 5.0 -17.5, 5.0 -12.5, 0.0 -12.5, 0.0 -17.5))",8.950900,25.651000,42.884000,17.150000,0.733840,6.422300,1608.7000,3.7330,1.0181
676,"POLYGON ((5.0 -17.5, 10.0 -17.5, 10.0 -12.5, 5.0 -12.5, 5.0 -17.5))",9.632500,24.769000,39.765000,18.151000,0.647830,6.494400,1263.1000,2.7638,0.7535
677,"POLYGON ((10.0 -17.5, 15.0 -17.5, 15.0 -12.5, 10.0 -12.5, 10.0 -17.5))",6.927200,22.288000,46.557000,18.119000,0.189970,5.423700,1059.3000,2.1982,0.5991
678,"POLYGON ((15.0 -17.5, 20.0 -17.5, 20.0 -12.5, 15.0 -12.5, 15.0 -17.5))",5.877600,27.580000,44.646000,15.780000,1.008300,5.084400,747.7100,1.4956,0.4073
679,"POLYGON ((20.0 -17.5, 25.0 -17.5, 25.0 -12.5, 20.0 -12.5, 20.0 -17.5))",6.094000,28.883000,43.601000,15.840000,1.017400,4.904800,612.8000,0.9315,0.2533
680,"POLYGON ((25.0 -17.5, 30.0 -17.5, 30.0 -12.5, 25.0 -12.5, 25.0 -17.5))",9.721500,21.696000,44.376000,15.775000,0.999370,6.890400,621.9500,1.2427,0.3383
681,"POLYGON ((30.0 -17.5, 35.0 -17.5, 35.0 -12.5, 30.0 -12.5, 30.0 -17.5))",11.129000,18.729000,40.683000,13.136000,2.090600,10.024000,452.0800,1.3463,0.3665
682,"POLYGON ((35.0 -17.5, 40.0 -17.5, 40.0 -12.5, 35.0 -12.5, 35.0 -17.5))",9.651400,16.147000,43.674000,14.836000,1.732000,10.836000,566.4600,1.2824,0.3491
683,"POLYGON ((40.0 -17.5, 45.0 -17.5, 45.0 -12.5, 40.0 -12.5, 40.0 -17.5))",9.155700,24.219000,44.181000,15.144000,0.718550,8.890100,617.3700,1.0227,0.2782
684,"POLYGON ((45.0 -17.5, 50.0 -17.5, 50.0 -12.5, 45.0 -12.5, 45.0 -17.5))",9.572400,18.566000,45.152000,16.209000,1.382000,9.848700,563.1000,1.0359,0.2818
685,"POLYGON ((50.0 -17.5, 55.0 -17.5, 55.0 -12.5, 50.0 -12.5, 50.0 -17.5))",10.546000,14.112000,45.198000,14.893000,1.475500,11.468000,595.5300,1.3794,0.3756
686,"POLYGON ((55.0 -17.5, 60.0 -17.5, 60.0 -12.5, 55.0 -12.5, 55.0 -17.5))",8.249800,24.322000,42.868000,13.631000,1.113000,9.933000,714.8600,1.2588,0.3427
687,"POLYGON ((60.0 -17.5, 65.0 -17.5, 65.0 -12.5, 60.0 -12.5, 60.0 -17.5))",11.137000,17.892000,46.013000,14.869000,1.276100,8.080500,581.3000,1.5524,0.4228
688,"POLYGON ((65.0 -17.5, 70.0 -17.5, 70.0 -12.5, 65.0 -12.5, 65.0 -17.5))",10.024000,17.492000,43.681000,18.644000,0.574240,8.544500,680.5600,1.6861,0.4593
689,"POLYGON ((70.0 -17.5, 75.0 -17.5, 75.0 -12.5, 70.0 -12.5, 70.0 -17.5))",8.161400,18.893000,47.550000,15.384000,0.848800,8.031700,728.2900,1.2995,0.3538
690,"POLYGON ((75.0 -17.5, 80.0 -17.5, 80.0 -12.5, 75.0 -12.5, 75.0 -17.5))",6.514800,23.047000,45.717000,17.945000,0.305890,6.626000,657.5400,0.9305,0.2530
691,"POLYGON ((80.0 -17.5, 85.0 -17.5, 85.0 -12.5, 80.0 -12.5, 80.0 -17.5))",9.731800,25.357000,43.358000,15.393000,0.191140,5.562700,296.9800,0.6880,0.1868
692,"POLYGON ((85.0 -17.5, 90.0 -17.5, 90.0 -12.5, 85.0 -12.5, 85.0 -17.5))",9.032300,25.690000,43.648000,16.011000,0.320570,5.626300,457.0000,0.5764,0.1564
693,"POLYGON ((90.0 -17.5, 95.0 -17.5, 95.0 -12.5, 90.0 -12.5, 90.0 -17.5))",6.252000,24.113000,46.437000,17.128000,0.065370,5.426600,369.7100,0.5386,0.1460
694,"POLYGON ((95.0 -17.5, 100.0 -17.5, 100.0 -12.5, 95.0 -12.5, 95.0 -17.5))",9.762800,28.775000,42.636000,12.873000,0.207770,4.754100,301.8100,0.5645,0.1531
695,"POLYGON ((100.0 -17.5, 105.0 -17.5, 105.0 -12.5, 100.0 -12.5, 100.0 -17.5))",5.092300,20.758000,49.279000,15.734000,1.027100,5.766600,420.5800,0.5490,0.1489
696,"POLYGON ((105.0 -17.5, 110.0 -17.5, 110.0 -12.5, 105.0 -12.5, 105.0 -17.5))",8.321400,25.429000,45.741000,14.653000,0.244130,5.361500,143.8200,0.5805,0.1575
697,"POLYGON ((110.0 -17.5, 115.0 -17.5, 115.0 -12.5, 110.0 -12.5, 110.0 -17.5))",7.415000,23.849000,44.349000,17.054000,0.261430,6.125800,192.7400,0.6470,0.1756
698,"POLYGON ((115.0 -17.5, 120.0 -17.5, 120.0 -12.5, 115.0 -12.5, 115.0 -17.5))",8.045900,22.487000,44.872000,16.620000,0.489280,6.329900,302.0900,0.3872,0.1047
699,"POLYGON ((120.0 -17.5, 125.0 -17.5, 125.0 -12.5, 120.0 -12.5, 120.0 -17.5))",7.685000,27.802000,42.612000,16.691000,0.090039,5.141900,322.1200,0.3898,0.1054
700,"POLYGON ((125.0 -17.5, 130.0 -17.5, 130.0 -12.5, 125.0 -12.5, 125.0 -17.5))",6.466900,26.981000,45.891000,15.526000,0.000000,5.290700,245.8500,0.3737,0.1010
701,"POLYGON ((130.0 -17.5, 135.0 -17.5, 135.0 -12.5, 130.0 -12.5, 130.0 -17.5))",7.825800,23.115000,45.310000,15.776000,0.420770,5.007900,164.4000,0.5658,0.1535
702,"POLYGON ((135.0 -17.5, 140.0 -17.5, 140.0 -12.5, 135.0 -12.5, 135.0 -17.5))",6.482700,25.234000,46.397000,14.863000,0.154240,4.538500,326.2500,0.6307,0.1712
703,"POLYGON ((140.0 -17.5, 145.0 -17.5, 145.0 -12.5, 140.0 -12.5, 140.0 -17.5))",7.319700,21.216000,47.411000,15.874000,0.420020,5.410500,316.9800,0.6869,0.1865
704,"POLYGON ((145.0 -17.5, 150.0 -17.5, 150.0 -12.5, 145.0 -12.5, 145.0 -17.5))",5.897600,22.745000,46.672000,19.857000,0.137180,4.909300,490.8100,0.5062,0.1372
705,"POLYGON ((150.0 -17.5, 155.0 -17.5, 155.0 -12.5, 150.0 -12.5, 150.0 -17.5))",5.650400,26.565000,43.177000,17.338000,0.283800,5.611100,530.7600,1.0955,0.2981
706,"POLYGON ((155.0 -17.5, 160.0 -17.5, 160.0 -12.5, 155.0 -12.5, 155.0 -17.5))",3.091400,26.172000,46.199000,17.232000,0.366060,5.167600,742.3000,1.2515,0.3407
707,"POLYGON ((160.0 -17.5, 165.0 -17.5, 165.0 -12.5, 160.0 -12.5, 160.0 -17.5))",8.635300,20.719000,45.805000,20.752000,0.298980,5.406400,559.4600,1.0869,0.2957
708,"POLYGON ((165.0 -17.5, 170.0 -17.5, 170.0 -12.5, 165.0 -12.5, 165.0 -17.5))",4.163600,23.371000,45.519000,20.436000,0.315190,5.197000,484.2000,0.8464,0.2301
709,"POLYGON ((170.0 -17.5, 175.0 -17.5, 175.0 -12.5, 170.0 -12.5, 170.0 -17.5))",6.294000,28.606000,44.423000,14.938000,0.252760,4.738000,533.7200,0.9242,0.2513
710,"POLYGON ((175.0 -17.5, 180.0 -17.5, 180.0 -12.5, 175.0 -12.5, 175.0 -17.5))",6.915700,24.649000,46.209000,16.570000,0.329030,5.025300,433.0600,0.9501,0.2584
711,"POLYGON ((-180.0 -12.5, -175.0 -12.5, -175.0 -7.5, -180.0 -7.5, -180.0 -12.5))",3.189100,24.212000,48.073000,17.326000,0.527990,4.306200,541.2800,0.5953,0.1615
712,"POLYGON ((-175.0 -12.5, -170.0 -12.5, -170.0 -7.5, -175.0 -7.5, -175.0 -12.5))",3.610800,31.813000,44.977000,15.570000,0.000000,3.206100,376.4400,0.4925,0.1334
713,"POLYGON ((-170.0 -12.5, -165.0 -12.5, -165.0 -7.5, -170.0 -7.5, -170.0 -12.5))",3.811700,24.564000,46.946000,15.074000,0.240830,5.040900,502.8000,0.4277,0.1158
714,"POLYGON ((-165.0 -12.5, -160.0 -12.5, -160.0 -7.5, -165.0 -7.5, -165.0 -12.5))",6.424600,26.172000,46.906000,13.148000,0.274500,3.979900,151.2300,0.4594,0.1244
715,"POLYGON ((-160.0 -12.5, -155.0 -12.5, -155.0 -7.5, -160.0 -7.5, -160.0 -12.5))",2.660900,25.818000,46.591000,16.829000,0.251240,4.383900,288.9500,0.5716,0.1551
716,"POLYGON ((-155.0 -12.5, -150.0 -12.5, -150.0 -7.5, -155.0 -7.5, -155.0 -12.5))",3.886100,26.917000,45.589000,16.946000,0.175700,4.214000,381.1000,0.4235,0.1146
717,"POLYGON ((-150.0 -12.5, -145.0 -12.5, -145.0 -7.5, -150.0 -7.5, -150.0 -12.5))",4.178500,25.851000,44.113000,14.808000,0.530730,4.961500,419.7800,0.6868,0.1865
718,"POLYGON ((-145.0 -12.5, -140.0 -12.5, -140.0 -7.5, -145.0 -7.5, -145.0 -12.5))",4.719200,24.335000,46.506000,17.433000,0.000000,4.288500,339.3300,0.3917,0.1059
719,"POLYGON ((-140.0 -12.5, -135.0 -12.5, -135.0 -7.5, -140.0 -7.5, -140.0 -12.5))",4.316100,24.445000,46.907000,17.708000,0.114260,3.686700,375.2500,0.4872,0.1320
720,"POLYGON ((-135.0 -12.5, -130.0 -12.5, -130.0 -7.5, -135.0 -7.5, -135.0 -12.5))",2.275500,29.008000,44.409000,16.108000,0.403160,4.168500,347.6300,0.4667,0.1264
721,"POLYGON ((-130.0 -12.5, -125.0 -12.5, -125.0 -7.5, -130.0 -7.5, -130.0 -12.5))",10.052000,28.758000,41.889000,11.899000,0.457140,3.656700,141.9400,0.4030,0.1090
722,"POLYGON ((-125.0 -12.5, -120.0 -12.5, -120.0 -7.5, -125.0 -7.5, -125.0 -12.5))",2.564900,27.267000,41.159000,19.768000,0.598640,4.422800,241.0700,0.4985,0.1351
723,"POLYGON ((-120.0 -12.5, -115.0 -12.5, -115.0 -7.5, -120.0 -7.5, -120.0 -12.5))",4.069700,24.736000,44.973000,17.988000,0.369260,4.406300,362.6900,0.3936,0.1065
724,"POLYGON ((-115.0 -12.5, -110.0 -12.5, -110.0 -7.5, -115.0 -7.5, -115.0 -12.5))",3.117000,27.211000,43.653000,15.619000,0.620180,4.750400,286.6700,0.3525,0.0952
725,"POLYGON ((-110.0 -12.5, -105.0 -12.5, -105.0 -7.5, -110.0 -7.5, -110.0 -12.5))",3.606100,24.544000,45.058000,16.568000,0.393440,4.430700,137.7800,0.2863,0.0772
726,"POLYGON ((-105.0 -12.5, -100.0 -12.5, -100.0 -7.5, -105.0 -7.5, -105.0 -12.5))",5.530500,31.272000,41.600000,14.756000,0.263820,3.587600,112.6300,0.2119,0.0568
727,"POLYGON ((-100.0 -12.5, -95.0 -12.5, -95.0 -7.5, -100.0 -7.5, -100.0 -12.5))",3.828800,23.322000,46.412000,18.795000,0.374580,4.794500,243.1800,0.2963,0.0799
728,"POLYGON ((-95.0 -12.5, -90.0 -12.5, -90.0 -7.5, -95.0 -7.5, -95.0 -12.5))",5.786700,25.075000,45.467000,15.853000,0.681840,4.182700,136.9600,0.2770,0.0746
729,"POLYGON ((-90.0 -12.5, -85.0 -12.5, -85.0 -7.5, -90.0 -7.5, -90.0 -12.5))",0.755000,28.476000,44.200000,16.151000,0.796090,4.826100,338.2600,0.2872,0.0774
730,"POLYGON ((-85.0 -12.5, -80.0 -12.5, -80.0 -7.5, -85.0 -7.5, -85.0 -12.5))",5.291900,25.165000,46.469000,14.280000,0.440090,5.428000,420.6400,0.4969,0.1346
731,"POLYGON ((-80.0 -12.5, -75.0 -12.5, -75.0 -7.5, -80.0 -7.5, -80.0 -12.5))",5.011000,29.746000,44.750000,14.931000,0.610300,4.674900,488.1500,0.7309,0.1985
732,"POLYGON ((-75.0 -12.5, -70.0 -12.5, -70.0 -7.5, -75.0 -7.5, -75.0 -12.5))",6.637200,27.878000,43.141000,16.333000,0.450700,5.589000,523.0200,1.0678,0.2905
733,"POLYGON ((-70.0 -12.5, -65.0 -12.5, -65.0 -7.5, -70.0 -7.5, -70.0 -12.5))",4.559700,25.330000,44.036000,16.923000,0.780170,6.986000,725.5500,1.8603,0.5069
734,"POLYGON ((-65.0 -12.5, -60.0 -12.5, -60.0 -7.5, -65.0 -7.5, -65.0 -12.5))",6.707400,19.448000,46.657000,18.977000,1.191500,8.513400,1315.3000,2.6121,0.7121
735,"POLYGON ((-60.0 -12.5, -55.0 -12.5, -55.0 -7.5, -60.0 -7.5, -60.0 -12.5))",9.438700,16.853000,42.404000,16.451000,2.042000,12.841000,1635.1000,3.6022,0.9824
736,"POLYGON ((-55.0 -12.5, -50.0 -12.5, -50.0 -7.5, -55.0 -7.5, -55.0 -12.5))",8.451900,15.165000,42.231000,12.175000,2.931600,16.190000,1834.7000,4.1919,1.1434
737,"POLYGON ((-50.0 -12.5, -45.0 -12.5, -45.0 -7.5, -50.0 -7.5, -50.0 -12.5))",9.256500,9.419500,39.814000,17.931000,2.891100,18.595000,2023.0000,4.7777,1.3033
738,"POLYGON ((-45.0 -12.5, -40.0 -12.5, -40.0 -7.5, -45.0 -7.5, -45.0 -12.5))",7.257800,11.288000,37.628000,17.732000,4.210300,19.264000,2133.5000,4.6423,1.2664
739,"POLYGON ((-40.0 -12.5, -35.0 -12.5, -35.0 -7.5, -40.0 -7.5, -40.0 -12.5))",7.831900,11.501000,40.387000,16.203000,3.647500,19.094000,1944.2000,4.5889,1.2518
740,"POLYGON ((-35.0 -12.5, -30.0 -12.5, -30.0 -7.5, -35.0 -7.5, -35.0 -12.5))",7.748800,10.520000,40.637000,15.950000,3.504000,21.282000,2346.4000,4.7447,1.2943
741,"POLYGON ((-30.0 -12.5, -25.0 -12.5, -25.0 -7.5, -30.0 -7.5, -30.0 -12.5))",10.584000,14.198000,36.843000,14.006000,3.983000,20.526000,2173.0000,5.9173,1.6144
742,"POLYGON ((-25.0 -12.5, -20.0 -12.5, -20.0 -7.5, -25.0 -7.5, -25.0 -12.5))",7.590200,20.026000,35.236000,13.326000,3.948900,18.080000,2509.3000,6.5075,1.7756
743,"POLYGON ((-20.0 -12.5, -15.0 -12.5, -15.0 -7.5, -20.0 -7.5, -20.0 -12.5))",13.463000,13.893000,40.578000,17.338000,2.698100,15.702000,2884.0000,8.4798,2.3140
744,"POLYGON ((-15.0 -12.5, -10.0 -12.5, -10.0 -7.5, -15.0 -7.5, -15.0 -12.5))",12.331000,14.928000,39.963000,18.590000,2.378600,15.260000,3066.2000,8.5706,2.3388
745,"POLYGON ((-10.0 -12.5, -5.0 -12.5, -5.0 -7.5, -10.0 -7.5, -10.0 -12.5))",11.155000,22.540000,39.895000,17.051000,1.518300,12.383000,2976.7000,8.4977,2.3189
746,"POLYGON ((-5.0 -12.5, 0.0 -12.5, 0.0 -7.5, -5.0 -7.5, -5.0 -12.5))",11.128000,22.522000,41.490000,16.530000,1.522500,9.205500,2438.4000,6.1132,1.6679
747,"POLYGON ((0.0 -12.5, 5.0 -12.5, 5.0 -7.5, 0.0 -7.5, 0.0 -12.5))",10.561000,23.708000,41.082000,17.842000,1.044300,6.657700,1786.3000,4.3927,1.1982
748,"POLYGON ((5.0 -12.5, 10.0 -12.5, 10.0 -7.5, 5.0 -7.5, 5.0 -12.5))",11.586000,21.909000,43.454000,15.879000,0.467290,7.223100,1302.6000,3.1951,0.8713
749,"POLYGON ((10.0 -12.5, 15.0 -12.5, 15.0 -7.5, 10.0 -7.5, 10.0 -12.5))",7.081400,22.802000,43.026000,16.903000,0.629140,6.920500,1024.3000,2.7678,0.7546
750,"POLYGON ((15.0 -12.5, 20.0 -12.5, 20.0 -7.5, 15.0 -7.5, 15.0 -12.5))",8.241300,24.392000,44.308000,18.367000,0.566470,5.543000,678.9600,1.6857,0.4592
751,"POLYGON ((20.0 -12.5, 25.0 -12.5, 25.0 -7.5, 20.0 -7.5, 20.0 -12.5))",8.353000,22.338000,44.555000,16.282000,0.925310,7.046200,580.7700,1.1686,0.3180
752,"POLYGON ((25.0 -12.5, 30.0 -12.5, 30.0 -7.5, 25.0 -7.5, 25.0 -12.5))",11.706000,23.183000,40.540000,13.712000,1.652800,7.681000,469.0200,1.3051,0.3553
753,"POLYGON ((30.0 -12.5, 35.0 -12.5, 35.0 -7.5, 30.0 -7.5, 30.0 -12.5))",9.473300,23.033000,42.915000,12.525000,1.580500,9.118500,542.2200,1.4003,0.3813
754,"POLYGON ((35.0 -12.5, 40.0 -12.5, 40.0 -7.5, 35.0 -7.5, 35.0 -12.5))",9.082300,20.383000,46.108000,15.249000,0.912420,9.253300,652.2300,1.5200,0.4140
755,"POLYGON ((40.0 -12.5, 45.0 -12.5, 45.0 -7.5, 40.0 -7.5, 40.0 -12.5))",8.389400,18.835000,43.454000,15.502000,1.628700,11.443000,599.7500,1.4438,0.3932
756,"POLYGON ((45.0 -12.5, 50.0 -12.5, 50.0 -7.5, 45.0 -7.5, 45.0 -12.5))",11.756000,17.785000,39.929000,14.537000,1.970900,11.747000,621.0400,1.2953,0.3526
757,"POLYGON ((50.0 -12.5, 55.0 -12.5, 55.0 -7.5, 50.0 -7.5, 50.0 -12.5))",9.522100,17.843000,43.982000,13.740000,1.345300,12.475000,809.1300,1.1429,0.3110
758,"POLYGON ((55.0 -12.5, 60.0 -12.5, 60.0 -7.5, 55.0 -7.5, 55.0 -12.5))",13.134000,20.538000,41.277000,15.441000,0.665460,10.531000,608.3300,1.3668,0.3721
759,"POLYGON ((60.0 -12.5, 65.0 -12.5, 65.0 -7.5, 60.0 -7.5, 60.0 -12.5))",10.456000,26.276000,45.131000,13.192000,0.142820,6.537000,680.1500,1.3883,0.3780
760,"POLYGON ((65.0 -12.5, 70.0 -12.5, 70.0 -7.5, 65.0 -7.5, 65.0 -12.5))",9.598200,23.487000,41.743000,16.744000,0.549910,7.363900,745.2600,1.7233,0.4695
761,"POLYGON ((70.0 -12.5, 75.0 -12.5, 75.0 -7.5, 70.0 -7.5, 70.0 -12.5))",9.915800,21.145000,48.300000,14.540000,0.554850,6.261100,720.3500,1.2407,0.3377
762,"POLYGON ((75.0 -12.5, 80.0 -12.5, 80.0 -7.5, 75.0 -7.5, 75.0 -12.5))",11.213000,27.308000,43.299000,12.485000,0.423970,6.154900,259.5800,1.0674,0.2904
763,"POLYGON ((80.0 -12.5, 85.0 -12.5, 85.0 -7.5, 80.0 -7.5, 80.0 -12.5))",4.824400,26.282000,44.422000,16.493000,0.682390,6.157900,517.2200,1.0195,0.2773
764,"POLYGON ((85.0 -12.5, 90.0 -12.5, 90.0 -7.5, 85.0 -7.5, 85.0 -12.5))",8.216200,21.943000,46.525000,15.280000,0.771950,6.686000,353.2000,1.1314,0.3079
765,"POLYGON ((90.0 -12.5, 95.0 -12.5, 95.0 -7.5, 90.0 -7.5, 90.0 -12.5))",8.912500,22.856000,43.665000,18.989000,0.220100,5.898100,305.2800,0.6751,0.1833
766,"POLYGON ((95.0 -12.5, 100.0 -12.5, 100.0 -7.5, 95.0 -7.5, 95.0 -12.5))",7.238600,26.283000,44.930000,15.549000,0.000000,5.705400,515.6300,0.5798,0.1573
767,"POLYGON ((100.0 -12.5, 105.0 -12.5, 105.0 -7.5, 100.0 -7.5, 100.0 -12.5))",8.758700,27.190000,42.921000,14.003000,0.434720,5.074400,186.7100,0.6392,0.1735
768,"POLYGON ((105.0 -12.5, 110.0 -12.5, 110.0 -7.5, 105.0 -7.5, 105.0 -12.5))",7.831600,21.926000,44.955000,17.279000,0.425600,5.842100,196.5700,0.4905,0.1329
769,"POLYGON ((110.0 -12.5, 115.0 -12.5, 115.0 -7.5, 110.0 -7.5, 110.0 -12.5))",6.210400,20.406000,46.236000,16.623000,0.405240,7.456100,242.3200,0.6310,0.1713
770,"POLYGON ((115.0 -12.5, 120.0 -12.5, 120.0 -7.5, 115.0 -7.5, 115.0 -12.5))",7.939000,23.602000,45.522000,15.082000,0.477500,6.140500,213.7300,0.2969,0.0801
771,"POLYGON ((120.0 -12.5, 125.0 -12.5, 125.0 -7.5, 120.0 -7.5, 120.0 -12.5))",8.338000,21.340000,45.669000,16.635000,0.213340,6.187600,289.3300,0.5439,0.1475
772,"POLYGON ((125.0 -12.5, 130.0 -12.5, 130.0 -7.5, 125.0 -7.5, 125.0 -12.5))",8.112300,26.278000,43.874000,16.142000,0.180250,4.932300,195.1300,0.4641,0.1257
773,"POLYGON ((130.0 -12.5, 135.0 -12.5, 135.0 -7.5, 130.0 -7.5, 130.0 -12.5))",4.463500,25.309000,46.604000,15.173000,0.569390,5.046900,461.3200,0.3252,0.0878
774,"POLYGON ((135.0 -12.5, 140.0 -12.5, 140.0 -7.5, 135.0 -7.5, 135.0 -12.5))",6.225400,22.858000,46.098000,17.580000,0.210900,4.940100,347.7600,0.6319,0.1715
775,"POLYGON ((140.0 -12.5, 145.0 -12.5, 145.0 -7.5, 140.0 -7.5, 140.0 -12.5))",9.251100,22.109000,46.496000,14.908000,0.226240,4.583900,258.3000,0.7110,0.1931
776,"POLYGON ((145.0 -12.5, 150.0 -12.5, 150.0 -7.5, 145.0 -7.5, 145.0 -12.5))",7.796300,23.986000,45.141000,16.772000,0.000000,4.988100,347.7900,0.9111,0.2477
777,"POLYGON ((150.0 -12.5, 155.0 -12.5, 155.0 -7.5, 150.0 -7.5, 150.0 -12.5))",5.739400,29.368000,42.983000,16.427000,0.278560,4.751100,619.3300,1.0551,0.2871
778,"POLYGON ((155.0 -12.5, 160.0 -12.5, 160.0 -7.5, 155.0 -7.5, 155.0 -12.5))",5.755400,25.915000,46.458000,19.012000,0.000000,3.987900,828.1800,1.2562,0.3419
779,"POLYGON ((160.0 -12.5, 165.0 -12.5, 165.0 -7.5, 160.0 -7.5, 160.0 -12.5))",5.876500,29.610000,43.922000,18.135000,0.174270,3.597200,673.4500,1.0707,0.2913
780,"POLYGON ((165.0 -12.5, 170.0 -12.5, 170.0 -7.5, 165.0 -7.5, 165.0 -12.5))",2.881400,25.746000,46.261000,19.664000,0.107280,3.902200,691.7800,0.9461,0.2573
781,"POLYGON ((170.0 -12.5, 175.0 -12.5, 175.0 -7.5, 170.0 -7.5, 170.0 -12.5))",3.108300,27.550000,45.153000,17.637000,0.536550,5.097900,496.1400,1.0872,0.2958
782,"POLYGON ((175.0 -12.5, 180.0 -12.5, 180.0 -7.5, 175.0 -7.5, 175.0 -12.5))",6.391800,28.079000,44.415000,15.890000,0.271080,3.910400,286.8300,0.8364,0.2273
783,"POLYGON ((-180.0 -7.5, -175.0 -7.5, -175.0 -2.5, -180.0 -2.5, -180.0 -7.5))",4.481000,25.641000,44.801000,17.298000,0.000000,4.631100,289.4000,0.6112,0.1658
784,"POLYGON ((-175.0 -7.5, -170.0 -7.5, -170.0 -2.5, -175.0 -2.5, -175.0 -7.5))",5.164900,29.781000,42.145000,15.510000,0.226960,4.126500,299.2200,0.4539,0.1229
785,"POLYGON ((-170.0 -7.5, -165.0 -7.5, -165.0 -2.5, -170.0 -2.5, -170.0 -7.5))",3.796200,31.284000,44.158000,14.068000,0.320470,3.850200,224.3500,0.3707,0.1002
786,"POLYGON ((-165.0 -7.5, -160.0 -7.5, -160.0 -2.5, -165.0 -2.5, -165.0 -7.5))",5.801600,28.372000,44.719000,13.981000,0.486030,3.947000,108.9500,0.4346,0.1177
787,"POLYGON ((-160.0 -7.5, -155.0 -7.5, -155.0 -2.5, -160.0 -2.5, -160.0 -7.5))",4.819400,23.322000,45.789000,17.796000,0.327940,4.387600,231.6200,0.3889,0.1052
788,"POLYGON ((-155.0 -7.5, -150.0 -7.5, -150.0 -2.5, -155.0 -2.5, -155.0 -7.5))",4.550100,31.147000,43.607000,14.123000,0.182770,3.838900,298.9800,0.5170,0.1401
789,"POLYGON ((-150.0 -7.5, -145.0 -7.5, -145.0 -2.5, -150.0 -2.5, -150.0 -7.5))",7.279300,25.798000,44.420000,16.694000,0.133250,3.846100,203.8500,0.2940,0.0793
790,"POLYGON ((-145.0 -7.5, -140.0 -7.5, -140.0 -2.5, -145.0 -2.5, -145.0 -7.5))",6.322500,28.611000,42.899000,14.822000,0.742300,3.767800,70.1990,0.3194,0.0862
791,"POLYGON ((-140.0 -7.5, -135.0 -7.5, -135.0 -2.5, -140.0 -2.5, -140.0 -7.5))",4.067100,27.127000,43.837000,16.899000,0.262280,4.108500,159.3600,0.5317,0.1442
792,"POLYGON ((-135.0 -7.5, -130.0 -7.5, -130.0 -2.5, -135.0 -2.5, -135.0 -7.5))",3.640500,27.695000,44.438000,15.976000,0.249710,4.433700,246.7000,0.4041,0.1093
793,"POLYGON ((-130.0 -7.5, -125.0 -7.5, -125.0 -2.5, -130.0 -2.5, -130.0 -7.5))",5.145300,29.444000,42.919000,15.372000,0.000000,3.666900,313.5800,0.1507,0.0401
794,"POLYGON ((-125.0 -7.5, -120.0 -7.5, -120.0 -2.5, -125.0 -2.5, -125.0 -7.5))",3.617800,26.788000,45.244000,16.277000,0.251720,4.013400,251.3100,0.4973,0.1348
795,"POLYGON ((-120.0 -7.5, -115.0 -7.5, -115.0 -2.5, -120.0 -2.5, -120.0 -7.5))",3.575100,21.994000,45.723000,17.835000,0.607550,5.144200,283.0000,0.5482,0.1487
796,"POLYGON ((-115.0 -7.5, -110.0 -7.5, -110.0 -2.5, -115.0 -2.5, -115.0 -7.5))",3.045600,29.165000,42.502000,17.220000,0.259260,4.064700,262.1200,0.6272,0.1702
797,"POLYGON ((-110.0 -7.5, -105.0 -7.5, -105.0 -2.5, -110.0 -2.5, -110.0 -7.5))",3.879600,24.214000,44.607000,16.947000,0.302610,4.430700,140.8400,0.5214,0.1414
798,"POLYGON ((-105.0 -7.5, -100.0 -7.5, -100.0 -2.5, -105.0 -2.5, -105.0 -7.5))",3.377300,28.846000,44.343000,16.973000,0.000000,4.162600,399.8600,0.3409,0.0921
799,"POLYGON ((-100.0 -7.5, -95.0 -7.5, -95.0 -2.5, -100.0 -2.5, -100.0 -7.5))",4.397900,23.850000,45.967000,17.195000,0.394050,4.704100,354.5200,0.4149,0.1123
800,"POLYGON ((-95.0 -7.5, -90.0 -7.5, -90.0 -2.5, -95.0 -2.5, -95.0 -7.5))",2.720900,29.582000,42.660000,15.695000,0.477140,4.397700,371.5000,0.6005,0.1629
801,"POLYGON ((-90.0 -7.5, -85.0 -7.5, -85.0 -2.5, -90.0 -2.5, -90.0 -7.5))",2.730100,28.603000,44.913000,15.402000,0.515870,4.400700,498.6300,0.5416,0.1469
802,"POLYGON ((-85.0 -7.5, -80.0 -7.5, -80.0 -2.5, -85.0 -2.5, -85.0 -7.5))",7.699900,26.980000,44.285000,12.914000,0.731310,4.718400,301.2900,0.7429,0.2018
803,"POLYGON ((-80.0 -7.5, -75.0 -7.5, -75.0 -2.5, -80.0 -2.5, -80.0 -7.5))",2.312100,23.959000,46.275000,18.664000,0.402090,6.272800,542.8600,0.8461,0.2300
804,"POLYGON ((-75.0 -7.5, -70.0 -7.5, -70.0 -2.5, -75.0 -2.5, -75.0 -7.5))",5.912900,23.737000,44.354000,16.256000,0.814110,6.702100,581.7800,1.4433,0.3930
805,"POLYGON ((-70.0 -7.5, -65.0 -7.5, -65.0 -2.5, -70.0 -2.5, -70.0 -7.5))",6.233400,20.565000,45.465000,15.428000,1.177100,8.770200,1039.2000,2.2507,0.6134
806,"POLYGON ((-65.0 -7.5, -60.0 -7.5, -60.0 -2.5, -65.0 -2.5, -65.0 -7.5))",6.374700,21.725000,43.523000,17.147000,1.185700,11.434000,1278.8000,2.9694,0.8097
807,"POLYGON ((-60.0 -7.5, -55.0 -7.5, -55.0 -2.5, -60.0 -2.5, -60.0 -7.5))",9.118400,14.347000,39.017000,14.711000,3.129500,15.581000,1309.2000,3.2989,0.8996
808,"POLYGON ((-55.0 -7.5, -50.0 -7.5, -50.0 -2.5, -55.0 -2.5, -55.0 -7.5))",9.344700,9.591000,36.396000,14.361000,4.831800,19.540000,1425.9000,3.6584,0.9977
809,"POLYGON ((-50.0 -7.5, -45.0 -7.5, -45.0 -2.5, -50.0 -2.5, -50.0 -7.5))",8.684400,10.593000,34.696000,13.588000,5.331000,22.556000,1660.8000,3.9704,1.0829
810,"POLYGON ((-45.0 -7.5, -40.0 -7.5, -40.0 -2.5, -45.0 -2.5, -45.0 -7.5))",8.481400,5.555600,39.206000,16.394000,4.303800,22.189000,1631.3000,4.4300,1.2084
811,"POLYGON ((-40.0 -7.5, -35.0 -7.5, -35.0 -2.5, -40.0 -2.5, -40.0 -7.5))",6.167000,13.346000,36.713000,13.884000,5.051300,21.733000,2275.7000,5.1544,1.4062
812,"POLYGON ((-35.0 -7.5, -30.0 -7.5, -30.0 -2.5, -35.0 -2.5, -35.0 -7.5))",7.447100,14.421000,38.531000,11.523000,4.763500,21.271000,2631.9000,6.0802,1.6589
813,"POLYGON ((-30.0 -7.5, -25.0 -7.5, -25.0 -2.5, -30.0 -2.5, -30.0 -7.5))",12.259000,14.064000,38.585000,13.369000,3.477700,19.234000,2757.4000,7.1251,1.9441
814,"POLYGON ((-25.0 -7.5, -20.0 -7.5, -20.0 -2.5, -25.0 -2.5, -25.0 -7.5))",11.606000,15.776000,36.838000,17.173000,3.232100,17.763000,2881.4000,7.9698,2.1747
815,"POLYGON ((-20.0 -7.5, -15.0 -7.5, -15.0 -2.5, -20.0 -2.5, -20.0 -7.5))",12.941000,17.862000,37.850000,20.035000,2.322600,15.457000,3693.8000,10.1920,2.7815
816,"POLYGON ((-15.0 -7.5, -10.0 -7.5, -10.0 -2.5, -15.0 -2.5, -15.0 -7.5))",10.202000,13.715000,38.231000,19.318000,3.981900,16.369000,3727.3000,10.6510,2.9066
817,"POLYGON ((-10.0 -7.5, -5.0 -7.5, -5.0 -2.5, -10.0 -2.5, -10.0 -7.5))",12.561000,20.302000,42.773000,18.005000,0.692170,12.752000,3421.1000,9.7170,2.6517
818,"POLYGON ((-5.0 -7.5, 0.0 -7.5, 0.0 -2.5, -5.0 -2.5, -5.0 -7.5))",9.213500,22.869000,41.578000,19.266000,1.167300,9.834600,2633.8000,6.8986,1.8823
819,"POLYGON ((0.0 -7.5, 5.0 -7.5, 5.0 -2.5, 0.0 -2.5, 0.0 -7.5))",11.860000,21.999000,42.576000,19.406000,0.615870,6.992000,1866.3000,5.1959,1.4175
820,"POLYGON ((5.0 -7.5, 10.0 -7.5, 10.0 -2.5, 5.0 -2.5, 5.0 -7.5))",10.561000,25.124000,43.928000,14.215000,0.715160,6.437000,1514.3000,3.6489,0.9951
821,"POLYGON ((10.0 -7.5, 15.0 -7.5, 15.0 -2.5, 10.0 -2.5, 10.0 -7.5))",7.367900,24.355000,42.659000,17.418000,0.935960,6.794700,1349.2000,2.7081,0.7383
822,"POLYGON ((15.0 -7.5, 20.0 -7.5, 20.0 -2.5, 15.0 -2.5, 15.0 -7.5))",9.275500,23.106000,43.326000,15.968000,1.305500,6.141300,872.3300,2.0411,0.5562
823,"POLYGON ((20.0 -7.5, 25.0 -7.5, 25.0 -2.5, 20.0 -2.5, 20.0 -7.5))",11.523000,22.641000,41.103000,14.678000,1.481500,8.330100,659.7000,1.4552,0.3963
824,"POLYGON ((25.0 -7.5, 30.0 -7.5, 30.0 -2.5, 25.0 -2.5, 25.0 -7.5))",5.669200,17.618000,42.641000,15.866000,2.914700,11.296000,783.2800,1.6018,0.4363
825,"POLYGON ((30.0 -7.5, 35.0 -7.5, 35.0 -2.5, 30.0 -2.5, 30.0 -7.5))",11.662000,21.334000,41.492000,15.858000,0.989980,9.729700,535.7700,1.3092,0.3564
826,"POLYGON ((35.0 -7.5, 40.0 -7.5, 40.0 -2.5, 35.0 -2.5, 35.0 -7.5))",8.749200,22.765000,42.101000,17.467000,1.114900,9.870200,828.3200,1.5351,0.4181
827,"POLYGON ((40.0 -7.5, 45.0 -7.5, 45.0 -2.5, 40.0 -2.5, 40.0 -7.5))",12.538000,16.621000,41.055000,12.734000,1.849800,12.997000,610.0000,1.3663,0.3720
828,"POLYGON ((45.0 -7.5, 50.0 -7.5, 50.0 -2.5, 45.0 -2.5, 45.0 -7.5))",8.906800,16.270000,39.940000,11.456000,2.806300,15.624000,626.0500,1.3276,0.3614
829,"POLYGON ((50.0 -7.5, 55.0 -7.5, 55.0 -2.5, 50.0 -2.5, 50.0 -7.5))",13.142000,11.126000,40.973000,15.281000,2.238100,14.498000,689.1900,1.3603,0.3704
830,"POLYGON ((55.0 -7.5, 60.0 -7.5, 60.0 -2.5, 55.0 -2.5, 55.0 -7.5))",11.030000,17.853000,40.609000,15.869000,1.356400,12.510000,638.2700,1.3963,0.3802
831,"POLYGON ((60.0 -7.5, 65.0 -7.5, 65.0 -2.5, 60.0 -2.5, 60.0 -7.5))",11.274000,19.805000,42.832000,13.312000,0.837580,9.675700,577.0200,1.4636,0.3986
832,"POLYGON ((65.0 -7.5, 70.0 -7.5, 70.0 -2.5, 65.0 -2.5, 65.0 -7.5))",11.260000,20.614000,45.249000,14.547000,0.469990,6.941300,643.5300,1.4100,0.3839
833,"POLYGON ((70.0 -7.5, 75.0 -7.5, 75.0 -2.5, 70.0 -2.5, 70.0 -7.5))",7.433800,22.454000,43.918000,16.782000,0.573320,7.711200,640.6200,1.1419,0.3108
834,"POLYGON ((75.0 -7.5, 80.0 -7.5, 80.0 -2.5, 75.0 -2.5, 75.0 -7.5))",10.275000,22.017000,44.865000,14.841000,0.626490,7.090500,463.0700,1.0962,0.2983
835,"POLYGON ((80.0 -7.5, 85.0 -7.5, 85.0 -2.5, 80.0 -2.5, 80.0 -7.5))",9.221700,20.151000,43.947000,16.844000,0.381550,8.042600,452.8000,1.1518,0.3134
836,"POLYGON ((85.0 -7.5, 90.0 -7.5, 90.0 -2.5, 85.0 -2.5, 85.0 -7.5))",10.465000,17.280000,44.849000,15.532000,0.730480,9.059300,510.8000,1.0272,0.2794
837,"POLYGON ((90.0 -7.5, 95.0 -7.5, 95.0 -2.5, 90.0 -2.5, 90.0 -7.5))",8.079600,25.468000,42.373000,16.414000,0.288720,7.327900,445.2900,1.0891,0.2963
838,"POLYGON ((95.0 -7.5, 100.0 -7.5, 100.0 -2.5, 95.0 -2.5, 95.0 -7.5))",3.964300,24.472000,46.922000,16.452000,0.668930,6.067400,593.9500,0.7675,0.2085
839,"POLYGON ((100.0 -7.5, 105.0 -7.5, 105.0 -2.5, 100.0 -2.5, 100.0 -7.5))",7.695300,30.547000,40.228000,13.755000,0.566840,5.242500,213.5100,0.7611,0.2068
840,"POLYGON ((105.0 -7.5, 110.0 -7.5, 110.0 -2.5, 105.0 -2.5, 105.0 -7.5))",5.008500,23.667000,47.940000,15.145000,0.586250,5.675200,420.7300,0.8021,0.2180
841,"POLYGON ((110.0 -7.5, 115.0 -7.5, 115.0 -2.5, 110.0 -2.5, 110.0 -7.5))",4.014400,27.185000,43.990000,14.911000,0.765560,6.750000,388.5400,0.5125,0.1389
842,"POLYGON ((115.0 -7.5, 120.0 -7.5, 120.0 -2.5, 115.0 -2.5, 115.0 -7.5))",9.118500,23.104000,45.427000,13.354000,0.287510,5.925600,251.6100,0.5936,0.1610
843,"POLYGON ((120.0 -7.5, 125.0 -7.5, 125.0 -2.5, 120.0 -2.5, 120.0 -7.5))",6.677000,24.768000,44.712000,16.837000,0.470710,5.402600,252.8300,0.4524,0.1225
844,"POLYGON ((125.0 -7.5, 130.0 -7.5, 130.0 -2.5, 125.0 -2.5, 125.0 -7.5))",4.569800,25.625000,44.411000,17.616000,0.467690,4.761500,311.9500,0.4370,0.1183
845,"POLYGON ((130.0 -7.5, 135.0 -7.5, 135.0 -2.5, 130.0 -2.5, 130.0 -7.5))",6.249900,22.728000,45.676000,17.714000,0.484390,4.807500,159.3300,0.5049,0.1368
846,"POLYGON ((135.0 -7.5, 140.0 -7.5, 140.0 -2.5, 135.0 -2.5, 135.0 -7.5))",5.580000,26.733000,44.118000,15.190000,0.300120,4.817600,368.0900,0.5404,0.1465
847,"POLYGON ((140.0 -7.5, 145.0 -7.5, 145.0 -2.5, 140.0 -2.5, 140.0 -7.5))",7.386200,26.342000,43.549000,15.358000,0.153910,4.491900,338.9000,0.7599,0.2064
848,"POLYGON ((145.0 -7.5, 150.0 -7.5, 150.0 -2.5, 145.0 -2.5, 145.0 -7.5))",5.247900,25.000000,46.074000,16.512000,0.683180,4.460400,392.0500,0.7176,0.1949
849,"POLYGON ((150.0 -7.5, 155.0 -7.5, 155.0 -2.5, 150.0 -2.5, 150.0 -7.5))",3.660200,24.703000,47.619000,18.496000,0.499590,3.976100,349.3200,0.9863,0.2683
850,"POLYGON ((155.0 -7.5, 160.0 -7.5, 160.0 -2.5, 155.0 -2.5, 155.0 -7.5))",5.678900,29.940000,44.107000,15.254000,0.422340,4.026400,526.7000,0.7669,0.2084
851,"POLYGON ((160.0 -7.5, 165.0 -7.5, 165.0 -2.5, 160.0 -2.5, 160.0 -7.5))",4.509300,28.399000,45.602000,17.236000,0.256430,4.588800,759.3700,1.2855,0.3499
852,"POLYGON ((165.0 -7.5, 170.0 -7.5, 170.0 -2.5, 165.0 -2.5, 165.0 -7.5))",3.393300,28.627000,45.257000,17.611000,0.000000,4.425500,861.4500,1.5189,0.4137
853,"POLYGON ((170.0 -7.5, 175.0 -7.5, 175.0 -2.5, 170.0 -2.5, 170.0 -7.5))",2.862300,30.349000,46.195000,14.237000,0.268010,4.640700,475.3900,0.9319,0.2534
854,"POLYGON ((175.0 -7.5, 180.0 -7.5, 180.0 -2.5, 175.0 -2.5, 175.0 -7.5))",8.131700,25.527000,43.010000,17.159000,0.143170,4.150600,348.5200,0.5859,0.1589
855,"POLYGON ((-180.0 -2.5, -175.5 -2.5, -175.5 2.5, -180.0 2.5, -180.0 -2.5))",3.997700,30.488000,42.169000,14.888000,0.367310,3.975600,355.0100,0.6738,0.1830
856,"POLYGON ((-175.5 -2.5, -171.0 -2.5, -171.0 2.5, -175.5 2.5, -175.5 -2.5))",5.517600,28.099000,42.907000,15.696000,0.269500,3.999500,230.2500,0.6617,0.1797
857,"POLYGON ((-171.0 -2.5, -166.5 -2.5, -166.5 2.5, -171.0 2.5, -171.0 -2.5))",4.233900,27.300000,43.155000,16.409000,0.252790,4.638900,119.7300,0.6539,0.1775
858,"POLYGON ((-166.5 -2.5, -162.0 -2.5, -162.0 2.5, -166.5 2.5, -166.5 -2.5))",6.161500,28.789000,44.771000,14.346000,0.375960,3.529400,114.9900,0.4461,0.1208
859,"POLYGON ((-162.0 -2.5, -157.5 -2.5, -157.5 2.5, -162.0 2.5, -162.0 -2.5))",6.790200,24.946000,45.046000,16.160000,0.071897,4.042400,82.5530,0.6270,0.1702
860,"POLYGON ((-157.5 -2.5, -153.0 -2.5, -153.0 2.5, -157.5 2.5, -157.5 -2.5))",5.042900,27.076000,44.624000,16.151000,0.301510,3.242000,228.6200,0.4330,0.1172
861,"POLYGON ((-153.0 -2.5, -148.5 -2.5, -148.5 2.5, -153.0 2.5, -153.0 -2.5))",2.075900,29.630000,41.131000,18.244000,0.340820,4.246400,383.5900,0.3180,0.0858
862,"POLYGON ((-148.5 -2.5, -144.0 -2.5, -144.0 2.5, -148.5 2.5, -148.5 -2.5))",6.389800,24.298000,44.073000,15.889000,0.568150,4.760400,87.6290,0.4067,0.1100
863,"POLYGON ((-144.0 -2.5, -139.5 -2.5, -139.5 2.5, -144.0 2.5, -144.0 -2.5))",4.145000,26.932000,43.311000,18.070000,0.478660,4.034800,116.3400,0.2946,0.0794
864,"POLYGON ((-139.5 -2.5, -135.0 -2.5, -135.0 2.5, -139.5 2.5, -139.5 -2.5))",4.010200,26.849000,45.670000,15.551000,0.000000,4.707000,110.2400,0.5964,0.1618
865,"POLYGON ((-135.0 -2.5, -130.5 -2.5, -130.5 2.5, -135.0 2.5, -135.0 -2.5))",7.227900,21.230000,48.316000,16.061000,0.000000,4.206600,171.9500,0.3114,0.0840
866,"POLYGON ((-130.5 -2.5, -126.0 -2.5, -126.0 2.5, -130.5 2.5, -130.5 -2.5))",3.965600,30.931000,42.701000,16.000000,0.000000,3.320900,437.7400,0.4561,0.1235
867,"POLYGON ((-126.0 -2.5, -121.5 -2.5, -121.5 2.5, -126.0 2.5, -126.0 -2.5))",1.761100,27.744000,44.185000,16.646000,0.613660,4.064200,353.7500,0.5365,0.1455
868,"POLYGON ((-121.5 -2.5, -117.0 -2.5, -117.0 2.5, -121.5 2.5, -121.5 -2.5))",0.940480,28.063000,42.140000,17.565000,0.726520,4.453900,504.8700,0.5273,0.1430
869,"POLYGON ((-117.0 -2.5, -112.5 -2.5, -112.5 2.5, -117.0 2.5, -117.0 -2.5))",4.337500,32.287000,41.262000,13.114000,0.553140,3.563000,302.4900,0.6394,0.1736
870,"POLYGON ((-112.5 -2.5, -108.0 -2.5, -108.0 2.5, -112.5 2.5, -112.5 -2.5))",4.818200,26.392000,44.976000,14.310000,0.283090,4.218000,321.1600,0.4419,0.1196
871,"POLYGON ((-108.0 -2.5, -103.5 -2.5, -103.5 2.5, -108.0 2.5, -108.0 -2.5))",4.383900,27.348000,42.204000,16.680000,0.322770,4.074700,319.6400,0.7639,0.2076
872,"POLYGON ((-103.5 -2.5, -99.0 -2.5, -99.0 2.5, -103.5 2.5, -103.5 -2.5))",1.828100,32.031000,43.596000,14.250000,0.072439,4.333400,563.1800,0.6386,0.1733
873,"POLYGON ((-99.0 -2.5, -94.5 -2.5, -94.5 2.5, -99.0 2.5, -99.0 -2.5))",4.218800,26.396000,46.055000,15.050000,0.283870,4.293700,224.6300,0.6741,0.1830
874,"POLYGON ((-94.5 -2.5, -90.0 -2.5, -90.0 2.5, -94.5 2.5, -94.5 -2.5))",4.961800,23.557000,46.385000,16.711000,0.355840,4.825600,332.7500,0.7221,0.1961
875,"POLYGON ((-90.0 -2.5, -85.5 -2.5, -85.5 2.5, -90.0 2.5, -90.0 -2.5))",4.927800,25.781000,43.328000,16.171000,0.703600,5.053900,336.6900,0.6331,0.1718
876,"POLYGON ((-85.5 -2.5, -81.0 -2.5, -81.0 2.5, -85.5 2.5, -85.5 -2.5))",3.890700,27.908000,44.954000,15.977000,0.599520,4.344100,584.8900,0.9408,0.2558
877,"POLYGON ((-81.0 -2.5, -76.5 -2.5, -76.5 2.5, -81.0 2.5, -81.0 -2.5))",1.841800,28.486000,46.692000,15.535000,0.363110,6.288400,705.4200,1.2746,0.3470
878,"POLYGON ((-76.5 -2.5, -72.0 -2.5, -72.0 2.5, -76.5 2.5, -76.5 -2.5))",2.127100,25.828000,44.344000,20.687000,0.421640,6.025100,805.5100,1.5474,0.4214
879,"POLYGON ((-72.0 -2.5, -67.5 -2.5, -67.5 2.5, -72.0 2.5, -72.0 -2.5))",9.628600,20.651000,44.259000,15.975000,0.780310,8.314700,843.7300,2.1011,0.5726
880,"POLYGON ((-67.5 -2.5, -63.0 -2.5, -63.0 2.5, -67.5 2.5, -67.5 -2.5))",10.330000,26.403000,40.057000,11.987000,1.115200,9.266600,1062.4000,2.7514,0.7501
881,"POLYGON ((-63.0 -2.5, -58.5 -2.5, -58.5 2.5, -63.0 2.5, -63.0 -2.5))",13.389000,9.994200,39.412000,12.803000,3.230000,17.908000,1037.6000,3.0384,0.8285
882,"POLYGON ((-58.5 -2.5, -54.0 -2.5, -54.0 2.5, -58.5 2.5, -58.5 -2.5))",11.882000,6.342100,39.648000,12.300000,3.410400,21.275000,1104.3000,3.0083,0.8203
883,"POLYGON ((-54.0 -2.5, -49.5 -2.5, -49.5 2.5, -54.0 2.5, -54.0 -2.5))",8.587900,8.179700,39.726000,11.159000,4.972000,21.792000,1289.7000,3.6172,0.9865
884,"POLYGON ((-49.5 -2.5, -45.0 -2.5, -45.0 2.5, -49.5 2.5, -49.5 -2.5))",9.554000,8.157300,39.646000,12.937000,4.530900,20.947000,1551.3000,4.5848,1.2507
885,"POLYGON ((-45.0 -2.5, -40.5 -2.5, -40.5 2.5, -45.0 2.5, -45.0 -2.5))",7.806300,10.245000,36.372000,13.593000,5.150400,22.308000,1909.9000,5.3144,1.4498
886,"POLYGON ((-40.5 -2.5, -36.0 -2.5, -36.0 2.5, -40.5 2.5, -40.5 -2.5))",9.587400,10.273000,34.197000,13.790000,5.105600,22.301000,2249.0000,6.2254,1.6985
887,"POLYGON ((-36.0 -2.5, -31.5 -2.5, -31.5 2.5, -36.0 2.5, -36.0 -2.5))",7.963600,13.036000,36.851000,15.061000,4.172200,20.393000,2919.1000,6.6408,1.8119
888,"POLYGON ((-31.5 -2.5, -27.0 -2.5, -27.0 2.5, -31.5 2.5, -31.5 -2.5))",11.209000,14.219000,37.238000,15.641000,3.828900,18.043000,3099.5000,8.4474,2.3052
889,"POLYGON ((-27.0 -2.5, -22.5 -2.5, -22.5 2.5, -27.0 2.5, -27.0 -2.5))",12.938000,18.320000,35.100000,15.232000,3.695200,15.709000,3153.1000,9.5366,2.6025
890,"POLYGON ((-22.5 -2.5, -18.0 -2.5, -18.0 2.5, -22.5 2.5, -22.5 -2.5))",8.480500,18.287000,39.533000,18.718000,3.402100,15.239000,3703.1000,10.2880,2.8077
891,"POLYGON ((-18.0 -2.5, -13.5 -2.5, -13.5 2.5, -18.0 2.5, -18.0 -2.5))",10.566000,19.979000,37.233000,15.254000,3.770900,15.123000,3624.7000,10.7720,2.9398
892,"POLYGON ((-13.5 -2.5, -9.0 -2.5, -9.0 2.5, -13.5 2.5, -13.5 -2.5))",9.723300,14.502000,39.176000,16.482000,3.566100,16.916000,3456.5000,9.5784,2.6139
893,"POLYGON ((-9.0 -2.5, -4.5 -2.5, -4.5 2.5, -9.0 2.5, -9.0 -2.5))",6.738000,22.670000,37.954000,17.658000,3.277300,13.476000,3469.2000,8.6501,2.3605
894,"POLYGON ((-4.5 -2.5, 0.0 -2.5, 0.0 2.5, -4.5 2.5, -4.5 -2.5))",10.130000,13.760000,42.847000,19.072000,2.330300,13.280000,2618.6000,6.7640,1.8456
895,"POLYGON ((0.0 -2.5, 4.5 -2.5, 4.5 2.5, 0.0 2.5, 0.0 -2.5))",8.397800,20.956000,43.299000,15.631000,1.016900,11.711000,2071.9000,5.4621,1.4901
896,"POLYGON ((4.5 -2.5, 9.0 -2.5, 9.0 2.5, 4.5 2.5, 4.5 -2.5))",8.300000,19.128000,44.536000,20.208000,1.323400,8.435000,1767.9000,4.2803,1.1675
897,"POLYGON ((9.0 -2.5, 13.5 -2.5, 13.5 2.5, 9.0 2.5, 9.0 -2.5))",14.615000,22.863000,38.600000,17.592000,0.929660,6.921600,1051.7000,3.1547,0.8602
898,"POLYGON ((13.5 -2.5, 18.0 -2.5, 18.0 2.5, 13.5 2.5, 13.5 -2.5))",6.728900,18.227000,43.269000,19.653000,1.644500,9.103600,1179.7000,2.6206,0.7144
899,"POLYGON ((18.0 -2.5, 22.5 -2.5, 22.5 2.5, 18.0 2.5, 18.0 -2.5))",6.898100,16.301000,41.158000,15.918000,3.563500,11.843000,948.4500,2.3776,0.6481
900,"POLYGON ((22.5 -2.5, 27.0 -2.5, 27.0 2.5, 22.5 2.5, 22.5 -2.5))",11.720000,19.361000,39.908000,9.768600,3.840800,11.625000,730.9300,1.6288,0.4436
901,"POLYGON ((27.0 -2.5, 31.5 -2.5, 31.5 2.5, 27.0 2.5, 27.0 -2.5))",8.951100,11.079000,40.045000,14.564000,4.911200,14.299000,718.6000,1.4076,0.3833
902,"POLYGON ((31.5 -2.5, 36.0 -2.5, 36.0 2.5, 31.5 2.5, 31.5 -2.5))",10.481000,19.375000,40.246000,14.247000,2.651200,11.358000,688.5000,1.4704,0.4004
903,"POLYGON ((36.0 -2.5, 40.5 -2.5, 40.5 2.5, 36.0 2.5, 36.0 -2.5))",12.178000,21.662000,39.342000,12.986000,2.247400,11.275000,808.7000,1.2852,0.3498
904,"POLYGON ((40.5 -2.5, 45.0 -2.5, 45.0 2.5, 40.5 2.5, 40.5 -2.5))",12.084000,13.261000,42.494000,13.928000,2.264700,13.969000,618.0800,1.2872,0.3504
905,"POLYGON ((45.0 -2.5, 49.5 -2.5, 49.5 2.5, 45.0 2.5, 45.0 -2.5))",10.524000,13.645000,40.166000,13.319000,2.615400,14.071000,628.1800,1.2258,0.3336
906,"POLYGON ((49.5 -2.5, 54.0 -2.5, 54.0 2.5, 49.5 2.5, 49.5 -2.5))",13.794000,14.502000,39.135000,10.810000,1.900600,14.987000,427.2200,1.3585,0.3699
907,"POLYGON ((54.0 -2.5, 58.5 -2.5, 58.5 2.5, 54.0 2.5, 54.0 -2.5))",7.771500,10.848000,41.776000,16.140000,2.777300,15.307000,854.2800,1.3400,0.3648
908,"POLYGON ((58.5 -2.5, 63.0 -2.5, 63.0 2.5, 58.5 2.5, 58.5 -2.5))",10.954000,14.353000,43.986000,14.445000,1.122300,12.109000,505.6400,1.3482,0.3671
909,"POLYGON ((63.0 -2.5, 67.5 -2.5, 67.5 2.5, 63.0 2.5, 63.0 -2.5))",9.552300,17.718000,46.167000,12.571000,0.850130,10.505000,528.6500,1.2091,0.3291
910,"POLYGON ((67.5 -2.5, 72.0 -2.5, 72.0 2.5, 67.5 2.5, 67.5 -2.5))",10.645000,19.371000,40.703000,15.725000,1.306300,8.622100,405.0200,1.0796,0.2937
911,"POLYGON ((72.0 -2.5, 76.5 -2.5, 76.5 2.5, 72.0 2.5, 72.0 -2.5))",9.426400,24.260000,45.681000,12.256000,0.572750,7.262900,486.6200,1.0125,0.2754
912,"POLYGON ((76.5 -2.5, 81.0 -2.5, 81.0 2.5, 76.5 2.5, 76.5 -2.5))",8.134400,25.132000,41.592000,13.681000,0.864770,8.151100,637.3200,0.8759,0.2381
913,"POLYGON ((81.0 -2.5, 85.5 -2.5, 85.5 2.5, 81.0 2.5, 81.0 -2.5))",8.313700,21.259000,44.876000,13.750000,0.577480,8.890900,589.0300,1.1052,0.3007
914,"POLYGON ((85.5 -2.5, 90.0 -2.5, 90.0 2.5, 85.5 2.5, 85.5 -2.5))",10.697000,17.205000,41.860000,14.175000,1.014100,10.589000,546.9200,1.1399,0.3102
915,"POLYGON ((90.0 -2.5, 94.5 -2.5, 94.5 2.5, 90.0 2.5, 90.0 -2.5))",7.878900,20.973000,44.000000,15.844000,0.574480,8.828800,568.4100,0.9691,0.2636
916,"POLYGON ((94.5 -2.5, 99.0 -2.5, 99.0 2.5, 94.5 2.5, 94.5 -2.5))",9.275500,23.706000,43.828000,15.941000,0.129060,6.464800,342.0500,0.8778,0.2386
917,"POLYGON ((99.0 -2.5, 103.5 -2.5, 103.5 2.5, 99.0 2.5, 99.0 -2.5))",8.754100,27.874000,41.339000,14.763000,0.550230,5.627200,216.2300,0.6474,0.1757
918,"POLYGON ((103.5 -2.5, 108.0 -2.5, 108.0 2.5, 103.5 2.5, 103.5 -2.5))",7.720500,23.673000,44.970000,16.098000,0.559360,5.553400,219.2500,0.5289,0.1434
919,"POLYGON ((108.0 -2.5, 112.5 -2.5, 112.5 2.5, 108.0 2.5, 108.0 -2.5))",5.388500,26.448000,41.483000,16.743000,0.811100,6.302300,395.0500,0.5225,0.1416
920,"POLYGON ((112.5 -2.5, 117.0 -2.5, 117.0 2.5, 112.5 2.5, 112.5 -2.5))",5.277000,22.514000,45.034000,17.570000,0.585460,6.375900,361.1100,0.5340,0.1448
921,"POLYGON ((117.0 -2.5, 121.5 -2.5, 121.5 2.5, 117.0 2.5, 117.0 -2.5))",9.051200,23.141000,43.077000,14.533000,0.543830,6.082400,147.8600,0.7582,0.2060
922,"POLYGON ((121.5 -2.5, 126.0 -2.5, 126.0 2.5, 121.5 2.5, 121.5 -2.5))",4.292600,23.690000,43.266000,17.538000,0.816820,6.080900,319.7400,0.6031,0.1637
923,"POLYGON ((126.0 -2.5, 130.5 -2.5, 130.5 2.5, 126.0 2.5, 126.0 -2.5))",7.822100,22.821000,46.864000,15.091000,0.481690,4.420500,149.1800,0.5301,0.1437
924,"POLYGON ((130.5 -2.5, 135.0 -2.5, 135.0 2.5, 130.5 2.5, 130.5 -2.5))",5.598700,26.059000,42.014000,15.879000,0.808660,5.317800,288.5400,0.6092,0.1653
925,"POLYGON ((135.0 -2.5, 139.5 -2.5, 139.5 2.5, 135.0 2.5, 135.0 -2.5))",8.866400,28.326000,40.156000,15.982000,0.104720,4.451500,114.3100,0.5519,0.1497
926,"POLYGON ((139.5 -2.5, 144.0 -2.5, 144.0 2.5, 139.5 2.5, 139.5 -2.5))",5.791700,27.075000,46.182000,15.875000,0.000000,4.065800,308.0600,0.5430,0.1472
927,"POLYGON ((144.0 -2.5, 148.5 -2.5, 148.5 2.5, 144.0 2.5, 144.0 -2.5))",5.179400,27.351000,43.769000,17.199000,0.270860,4.115800,300.4100,0.5913,0.1604
928,"POLYGON ((148.5 -2.5, 153.0 -2.5, 153.0 2.5, 148.5 2.5, 148.5 -2.5))",6.111800,24.807000,44.964000,18.289000,0.464790,4.388700,494.1700,0.7459,0.2026
929,"POLYGON ((153.0 -2.5, 157.5 -2.5, 157.5 2.5, 153.0 2.5, 153.0 -2.5))",1.642800,26.070000,45.380000,19.902000,0.000000,5.030000,439.7800,0.7115,0.1932
930,"POLYGON ((157.5 -2.5, 162.0 -2.5, 162.0 2.5, 157.5 2.5, 157.5 -2.5))",5.291000,28.461000,46.410000,15.962000,0.224200,3.786200,504.2500,0.9026,0.2454
931,"POLYGON ((162.0 -2.5, 166.5 -2.5, 166.5 2.5, 162.0 2.5, 162.0 -2.5))",7.235100,24.174000,46.906000,16.511000,0.407450,4.908500,507.2200,1.1898,0.3238
932,"POLYGON ((166.5 -2.5, 171.0 -2.5, 171.0 2.5, 166.5 2.5, 166.5 -2.5))",3.677000,33.496000,40.345000,18.194000,0.000000,3.831400,541.4000,1.2203,0.3322
933,"POLYGON ((171.0 -2.5, 175.5 -2.5, 175.5 2.5, 171.0 2.5, 171.0 -2.5))",4.681400,24.631000,45.860000,18.512000,0.080859,4.823700,380.3100,0.8112,0.2205
934,"POLYGON ((175.5 -2.5, 180.0 -2.5, 180.0 2.5, 175.5 2.5, 175.5 -2.5))",4.226100,27.471000,41.451000,19.487000,0.382140,3.938000,293.4200,0.5960,0.1617
935,"POLYGON ((-180.0 2.5, -175.0 2.5, -175.0 7.5, -180.0 7.5, -180.0 2.5))",3.670400,26.698000,43.817000,16.723000,0.140230,4.923700,352.8000,0.4073,0.1102
936,"POLYGON ((-175.0 2.5, -170.0 2.5, -170.0 7.5, -175.0 7.5, -175.0 2.5))",6.786300,23.788000,44.318000,17.459000,0.210700,4.786800,180.0600,0.5240,0.1421
937,"POLYGON ((-170.0 2.5, -165.0 2.5, -165.0 7.5, -170.0 7.5, -170.0 2.5))",5.800100,27.261000,45.803000,13.527000,0.291320,3.761800,194.9900,0.3099,0.0836
938,"POLYGON ((-165.0 2.5, -160.0 2.5, -160.0 7.5, -165.0 7.5, -165.0 2.5))",2.928300,27.764000,47.192000,16.979000,0.297070,3.699300,272.9400,0.4165,0.1127
939,"POLYGON ((-160.0 2.5, -155.0 2.5, -155.0 7.5, -160.0 7.5, -160.0 2.5))",7.316600,26.898000,46.458000,15.394000,0.000000,4.520000,63.8550,0.3481,0.0940
940,"POLYGON ((-155.0 2.5, -150.0 2.5, -150.0 7.5, -155.0 7.5, -155.0 2.5))",5.028800,27.164000,46.007000,15.053000,0.248730,4.418500,237.4600,0.3445,0.0930
941,"POLYGON ((-150.0 2.5, -145.0 2.5, -145.0 7.5, -150.0 7.5, -150.0 2.5))",4.489700,23.456000,45.982000,17.898000,0.214750,4.956400,327.8900,0.4513,0.1222
942,"POLYGON ((-145.0 2.5, -140.0 2.5, -140.0 7.5, -145.0 7.5, -145.0 2.5))",4.971600,27.025000,45.632000,14.609000,0.282700,4.925300,295.9900,0.6192,0.1680
943,"POLYGON ((-140.0 2.5, -135.0 2.5, -135.0 7.5, -140.0 7.5, -140.0 2.5))",4.979800,27.091000,45.839000,16.337000,0.272100,3.470500,380.3300,0.3652,0.0987
944,"POLYGON ((-135.0 2.5, -130.0 2.5, -130.0 7.5, -135.0 7.5, -135.0 2.5))",3.445200,25.710000,45.572000,17.793000,0.000000,4.254400,286.1800,0.4760,0.1289
945,"POLYGON ((-130.0 2.5, -125.0 2.5, -125.0 7.5, -130.0 7.5, -130.0 2.5))",2.678000,26.147000,47.130000,15.043000,0.683660,3.710200,274.0800,0.7229,0.1963
946,"POLYGON ((-125.0 2.5, -120.0 2.5, -120.0 7.5, -125.0 7.5, -125.0 2.5))",4.078000,27.792000,43.253000,16.972000,0.329590,3.454200,218.7200,0.5436,0.1474
947,"POLYGON ((-120.0 2.5, -115.0 2.5, -115.0 7.5, -120.0 7.5, -120.0 2.5))",2.635600,32.226000,43.058000,13.693000,0.048146,4.496000,222.8000,0.6692,0.1817
948,"POLYGON ((-115.0 2.5, -110.0 2.5, -110.0 7.5, -115.0 7.5, -115.0 2.5))",4.856000,27.421000,45.119000,15.463000,0.129600,3.608600,350.1700,0.4964,0.1345
949,"POLYGON ((-110.0 2.5, -105.0 2.5, -105.0 7.5, -110.0 7.5, -110.0 2.5))",3.470500,27.031000,44.687000,15.072000,0.360080,3.879200,364.1600,0.4881,0.1323
950,"POLYGON ((-105.0 2.5, -100.0 2.5, -100.0 7.5, -105.0 7.5, -105.0 2.5))",5.165200,29.127000,43.583000,15.139000,0.345620,3.692200,229.0100,0.7802,0.2120
951,"POLYGON ((-100.0 2.5, -95.0 2.5, -95.0 7.5, -100.0 7.5, -100.0 2.5))",6.501300,24.416000,44.169000,15.732000,0.116730,5.009800,354.0900,0.9157,0.2490
952,"POLYGON ((-95.0 2.5, -90.0 2.5, -90.0 7.5, -95.0 7.5, -95.0 2.5))",1.105200,27.890000,44.178000,17.051000,0.968770,4.892400,574.0600,0.6794,0.1845
953,"POLYGON ((-90.0 2.5, -85.0 2.5, -85.0 7.5, -90.0 7.5, -90.0 2.5))",6.318400,24.726000,43.513000,16.727000,0.325720,5.295700,522.3800,1.0241,0.2786
954,"POLYGON ((-85.0 2.5, -80.0 2.5, -80.0 7.5, -85.0 7.5, -85.0 2.5))",4.542000,25.345000,44.412000,16.843000,0.344760,5.870100,795.6800,1.3923,0.3791
955,"POLYGON ((-80.0 2.5, -75.0 2.5, -75.0 7.5, -80.0 7.5, -80.0 2.5))",7.631700,25.167000,46.368000,17.104000,0.655710,5.086100,897.8000,1.5975,0.4351
956,"POLYGON ((-75.0 2.5, -70.0 2.5, -70.0 7.5, -75.0 7.5, -75.0 2.5))",7.442100,20.575000,45.908000,18.891000,0.903720,7.024400,968.1900,2.3295,0.6350
957,"POLYGON ((-70.0 2.5, -65.0 2.5, -65.0 7.5, -70.0 7.5, -70.0 2.5))",6.494400,16.874000,43.046000,19.214000,1.712500,11.472000,1391.7000,3.0649,0.8357
958,"POLYGON ((-65.0 2.5, -60.0 2.5, -60.0 7.5, -65.0 7.5, -65.0 2.5))",9.172200,13.954000,38.450000,15.229000,2.814000,17.351000,1249.8000,3.0136,0.8217
959,"POLYGON ((-60.0 2.5, -55.0 2.5, -55.0 7.5, -60.0 7.5, -60.0 2.5))",9.734400,4.688600,37.318000,13.145000,4.981700,22.578000,1074.6000,3.1978,0.8720
960,"POLYGON ((-55.0 2.5, -50.0 2.5, -50.0 7.5, -55.0 7.5, -55.0 2.5))",9.538000,12.058000,35.159000,11.965000,4.815900,21.739000,1405.3000,3.7787,1.0306
961,"POLYGON ((-50.0 2.5, -45.0 2.5, -45.0 7.5, -50.0 7.5, -50.0 2.5))",5.514200,9.971300,37.162000,10.400000,5.814900,24.389000,1816.3000,4.7222,1.2881
962,"POLYGON ((-45.0 2.5, -40.0 2.5, -40.0 7.5, -45.0 7.5, -45.0 2.5))",7.867500,7.374300,37.817000,13.365000,4.756800,24.318000,2533.8000,6.7243,1.8347
963,"POLYGON ((-40.0 2.5, -35.0 2.5, -35.0 7.5, -40.0 7.5, -40.0 2.5))",9.375600,11.354000,38.408000,17.784000,3.905000,20.426000,3160.4000,8.6935,2.3723
964,"POLYGON ((-35.0 2.5, -30.0 2.5, -30.0 7.5, -35.0 7.5, -35.0 2.5))",9.079000,15.438000,34.691000,14.971000,4.179300,20.133000,3241.3000,9.0995,2.4832
965,"POLYGON ((-30.0 2.5, -25.0 2.5, -25.0 7.5, -30.0 7.5, -30.0 2.5))",10.064000,15.788000,34.167000,14.984000,4.420400,18.676000,3558.2000,9.7500,2.6607
966,"POLYGON ((-25.0 2.5, -20.0 2.5, -20.0 7.5, -25.0 7.5, -25.0 2.5))",11.458000,21.660000,35.342000,19.142000,1.709500,14.760000,3712.4000,10.5020,2.8659
967,"POLYGON ((-20.0 2.5, -15.0 2.5, -15.0 7.5, -20.0 7.5, -20.0 2.5))",11.507000,19.551000,36.685000,14.872000,3.566600,15.831000,3274.8000,9.6916,2.6448
968,"POLYGON ((-15.0 2.5, -10.0 2.5, -10.0 7.5, -15.0 7.5, -15.0 2.5))",8.906700,13.914000,37.249000,15.888000,4.638900,17.745000,2994.3000,7.9214,2.1616
969,"POLYGON ((-10.0 2.5, -5.0 2.5, -5.0 7.5, -10.0 7.5, -10.0 2.5))",6.232400,12.132000,40.117000,15.764000,5.027800,18.588000,2887.1000,7.6480,2.0869
970,"POLYGON ((-5.0 2.5, 0.0 2.5, 0.0 7.5, -5.0 7.5, -5.0 2.5))",9.098400,19.736000,43.879000,16.869000,2.085600,12.323000,2830.3000,7.0695,1.9290
971,"POLYGON ((0.0 2.5, 5.0 2.5, 5.0 7.5, 0.0 7.5, 0.0 2.5))",10.377000,15.526000,40.080000,19.768000,2.002500,13.197000,2351.9000,6.2270,1.6990
972,"POLYGON ((5.0 2.5, 10.0 2.5, 10.0 7.5, 5.0 7.5, 5.0 2.5))",9.387500,26.952000,36.938000,16.189000,1.950900,10.121000,1702.8000,4.6724,1.2746
973,"POLYGON ((10.0 2.5, 15.0 2.5, 15.0 7.5, 10.0 7.5, 10.0 2.5))",7.067000,26.103000,42.903000,12.279000,2.311500,9.049700,1394.3000,3.5330,0.9635
974,"POLYGON ((15.0 2.5, 20.0 2.5, 20.0 7.5, 15.0 7.5, 15.0 2.5))",8.497500,17.147000,37.693000,16.578000,4.943800,12.070000,1025.7000,3.1769,0.8663
975,"POLYGON ((20.0 2.5, 25.0 2.5, 25.0 7.5, 20.0 7.5, 20.0 2.5))",9.817800,10.780000,37.930000,11.065000,6.440000,16.861000,981.9800,2.7387,0.7467
976,"POLYGON ((25.0 2.5, 30.0 2.5, 30.0 7.5, 25.0 7.5, 25.0 2.5))",8.288900,10.788000,36.552000,11.655000,6.271400,18.382000,871.0300,1.6963,0.4621
977,"POLYGON ((30.0 2.5, 35.0 2.5, 35.0 7.5, 30.0 7.5, 30.0 2.5))",10.208000,9.948100,37.274000,14.850000,5.978400,16.906000,774.0300,1.2579,0.3424
978,"POLYGON ((35.0 2.5, 40.0 2.5, 40.0 7.5, 35.0 7.5, 35.0 2.5))",7.560400,18.115000,35.741000,15.756000,4.466500,14.906000,919.2900,1.1866,0.3229
979,"POLYGON ((40.0 2.5, 45.0 2.5, 45.0 7.5, 40.0 7.5, 40.0 2.5))",10.661000,16.584000,42.107000,11.567000,2.488000,13.276000,580.6600,1.2429,0.3383
980,"POLYGON ((45.0 2.5, 50.0 2.5, 50.0 7.5, 45.0 7.5, 45.0 2.5))",10.949000,20.483000,41.401000,11.418000,1.171900,12.469000,595.3000,1.3408,0.3650
981,"POLYGON ((50.0 2.5, 55.0 2.5, 55.0 7.5, 50.0 7.5, 50.0 2.5))",10.509000,18.303000,38.222000,15.944000,2.006400,12.137000,697.0000,1.3321,0.3627
982,"POLYGON ((55.0 2.5, 60.0 2.5, 60.0 7.5, 55.0 7.5, 55.0 2.5))",7.147700,21.402000,44.202000,16.744000,1.407100,9.521200,695.8200,1.2297,0.3347
983,"POLYGON ((60.0 2.5, 65.0 2.5, 65.0 7.5, 60.0 7.5, 60.0 2.5))",8.563300,22.759000,41.895000,14.981000,1.010100,9.563600,566.0700,1.0396,0.2828
984,"POLYGON ((65.0 2.5, 70.0 2.5, 70.0 7.5, 65.0 7.5, 65.0 2.5))",9.166500,20.300000,43.374000,14.426000,0.364800,9.722300,629.6100,0.7277,0.1977
985,"POLYGON ((70.0 2.5, 75.0 2.5, 75.0 7.5, 70.0 7.5, 70.0 2.5))",8.995800,21.035000,45.682000,14.329000,0.792080,7.685900,389.9900,0.8714,0.2369
986,"POLYGON ((75.0 2.5, 80.0 2.5, 80.0 7.5, 75.0 7.5, 75.0 2.5))",8.483100,23.455000,44.805000,14.439000,0.530270,7.500200,389.6100,1.0164,0.2765
987,"POLYGON ((80.0 2.5, 85.0 2.5, 85.0 7.5, 80.0 7.5, 80.0 2.5))",8.412400,21.830000,44.551000,17.402000,0.129150,8.093200,602.2300,1.1458,0.3118
988,"POLYGON ((85.0 2.5, 90.0 2.5, 90.0 7.5, 85.0 7.5, 85.0 2.5))",7.335600,21.371000,43.816000,15.453000,1.289400,9.733400,599.3300,1.2128,0.3301
989,"POLYGON ((90.0 2.5, 95.0 2.5, 95.0 7.5, 90.0 7.5, 90.0 2.5))",8.257800,22.480000,45.072000,15.826000,0.830990,7.376300,518.1900,1.1771,0.3204
990,"POLYGON ((95.0 2.5, 100.0 2.5, 100.0 7.5, 95.0 7.5, 95.0 2.5))",7.777900,30.801000,41.881000,12.994000,0.465650,6.411600,544.3800,0.8085,0.2197
991,"POLYGON ((100.0 2.5, 105.0 2.5, 105.0 7.5, 100.0 7.5, 100.0 2.5))",8.263300,23.012000,46.122000,15.359000,0.560770,6.265600,307.8200,0.6347,0.1723
992,"POLYGON ((105.0 2.5, 110.0 2.5, 110.0 7.5, 105.0 7.5, 105.0 2.5))",7.863400,27.585000,43.709000,13.982000,0.276340,5.383400,406.8100,0.4754,0.1288
993,"POLYGON ((110.0 2.5, 115.0 2.5, 115.0 7.5, 110.0 7.5, 110.0 2.5))",7.232200,28.028000,41.530000,15.318000,0.390190,6.049100,279.9200,0.5681,0.1541
994,"POLYGON ((115.0 2.5, 120.0 2.5, 120.0 7.5, 115.0 7.5, 115.0 2.5))",7.686400,26.489000,43.787000,14.378000,0.616580,5.222700,281.4500,0.3110,0.0839
995,"POLYGON ((120.0 2.5, 125.0 2.5, 125.0 7.5, 120.0 7.5, 120.0 2.5))",6.583300,29.746000,41.591000,13.527000,0.467630,5.378800,130.6700,0.6538,0.1775
996,"POLYGON ((125.0 2.5, 130.0 2.5, 130.0 7.5, 125.0 7.5, 125.0 2.5))",5.677900,24.916000,43.951000,15.607000,0.615220,5.401800,236.0700,0.4971,0.1347
997,"POLYGON ((130.0 2.5, 135.0 2.5, 135.0 7.5, 130.0 7.5, 130.0 2.5))",4.307000,31.064000,42.468000,14.605000,0.543170,4.260200,372.1700,0.5002,0.1356
998,"POLYGON ((135.0 2.5, 140.0 2.5, 140.0 7.5, 135.0 7.5, 135.0 2.5))",3.491600,25.390000,45.587000,17.874000,0.336390,4.259200,352.0500,0.5893,0.1599
999,"POLYGON ((140.0 2.5, 145.0 2.5, 145.0 7.5, 140.0 7.5, 140.0 2.5))",4.959700,28.389000,42.494000,17.052000,0.000000,3.684400,344.7500,0.5408,0.1466
1000,"POLYGON ((145.0 2.5, 150.0 2.5, 150.0 7.5, 145.0 7.5, 145.0 2.5))",6.575900,26.000000,43.286000,18.415000,0.035880,4.392400,330.4600,0.6345,0.1722
1001,"POLYGON ((150.0 2.5, 155.0 2.5, 155.0 7.5, 150.0 7.5, 150.0 2.5))",7.919200,23.848000,45.188000,17.540000,0.000000,4.582400,333.6900,0.7285,0.1979
1002,"POLYGON ((155.0 2.5, 160.0 2.5, 160.0 7.5, 155.0 7.5, 155.0 2.5))",8.580900,28.067000,44.900000,15.952000,0.000000,4.090200,165.9600,0.8173,0.2221
1003,"POLYGON ((160.0 2.5, 165.0 2.5, 165.0 7.5, 160.0 7.5, 160.0 2.5))",4.468700,28.209000,44.165000,18.529000,0.146320,4.205100,460.1800,0.7877,0.2140
1004,"POLYGON ((165.0 2.5, 170.0 2.5, 170.0 7.5, 165.0 7.5, 165.0 2.5))",4.776000,27.700000,45.251000,17.572000,0.000000,4.205800,453.8200,0.9108,0.2477
1005,"POLYGON ((170.0 2.5, 175.0 2.5, 175.0 7.5, 170.0 7.5, 170.0 2.5))",8.284500,29.493000,42.993000,15.871000,0.394390,3.466900,219.9700,0.6475,0.1758
1006,"POLYGON ((175.0 2.5, 180.0 2.5, 180.0 7.5, 175.0 7.5, 175.0 2.5))",6.885700,28.846000,45.045000,15.266000,0.339710,3.881100,148.3800,0.4415,0.1195
1007,"POLYGON ((-180.0 7.5, -175.0 7.5, -175.0 12.5, -180.0 12.5, -180.0 7.5))",5.159300,27.531000,43.717000,15.860000,0.377200,4.435400,349.2100,0.4928,0.1335
1008,"POLYGON ((-175.0 7.5, -170.0 7.5, -170.0 12.5, -175.0 12.5, -175.0 7.5))",1.368400,29.225000,43.431000,17.505000,0.345020,4.198100,423.0600,0.4531,0.1227
1009,"POLYGON ((-170.0 7.5, -165.0 7.5, -165.0 12.5, -170.0 12.5, -170.0 7.5))",6.115300,26.639000,43.897000,16.250000,0.305930,4.196600,0.0000,0.5596,0.1518
1010,"POLYGON ((-165.0 7.5, -160.0 7.5, -160.0 12.5, -165.0 12.5, -165.0 7.5))",7.491100,27.602000,41.404000,16.756000,0.000000,4.288900,252.2600,0.1676,0.0447
1011,"POLYGON ((-160.0 7.5, -155.0 7.5, -155.0 12.5, -160.0 12.5, -160.0 7.5))",4.689200,22.178000,47.562000,16.359000,0.671440,4.188700,176.5800,0.5689,0.1543
1012,"POLYGON ((-155.0 7.5, -150.0 7.5, -150.0 12.5, -155.0 12.5, -155.0 7.5))",5.978300,25.456000,43.461000,16.474000,0.457000,4.954200,183.8100,0.4830,0.1309
1013,"POLYGON ((-150.0 7.5, -145.0 7.5, -145.0 12.5, -150.0 12.5, -150.0 7.5))",4.450500,32.554000,42.614000,13.684000,0.221580,4.270500,399.6100,0.5531,0.1500
1014,"POLYGON ((-145.0 7.5, -140.0 7.5, -140.0 12.5, -145.0 12.5, -145.0 7.5))",4.129300,27.654000,44.435000,16.915000,0.467740,3.984100,269.3800,0.6351,0.1724
1015,"POLYGON ((-140.0 7.5, -135.0 7.5, -135.0 12.5, -140.0 12.5, -140.0 7.5))",3.828400,28.840000,42.514000,16.960000,0.524600,3.831500,240.7500,0.3978,0.1076
1016,"POLYGON ((-135.0 7.5, -130.0 7.5, -130.0 12.5, -135.0 12.5, -135.0 7.5))",1.570300,29.166000,43.529000,17.104000,0.360270,3.962800,296.9600,0.5651,0.1533
1017,"POLYGON ((-130.0 7.5, -125.0 7.5, -125.0 12.5, -130.0 12.5, -130.0 7.5))",2.531200,27.664000,44.189000,15.829000,0.378480,4.367200,306.5200,0.6739,0.1830
1018,"POLYGON ((-125.0 7.5, -120.0 7.5, -120.0 12.5, -125.0 12.5, -125.0 7.5))",5.069300,27.673000,43.808000,14.778000,0.373940,4.203800,354.2600,0.6062,0.1645
1019,"POLYGON ((-120.0 7.5, -115.0 7.5, -115.0 12.5, -120.0 12.5, -120.0 7.5))",6.476500,26.565000,43.475000,15.969000,0.089231,3.724100,308.9800,0.5411,0.1467
1020,"POLYGON ((-115.0 7.5, -110.0 7.5, -110.0 12.5, -115.0 12.5, -115.0 7.5))",5.342500,24.850000,43.799000,16.263000,0.259740,4.266100,241.5900,0.6715,0.1823
1021,"POLYGON ((-110.0 7.5, -105.0 7.5, -105.0 12.5, -110.0 12.5, -110.0 7.5))",4.928100,22.709000,45.008000,17.993000,0.000000,4.710800,283.4000,0.5806,0.1575
1022,"POLYGON ((-105.0 7.5, -100.0 7.5, -100.0 12.5, -105.0 12.5, -105.0 7.5))",8.182100,23.158000,41.006000,17.983000,0.310360,5.263600,317.5600,0.6839,0.1857
1023,"POLYGON ((-100.0 7.5, -95.0 7.5, -95.0 12.5, -100.0 12.5, -100.0 7.5))",1.868500,28.530000,43.771000,16.757000,0.383680,5.047100,451.4200,0.9357,0.2545
1024,"POLYGON ((-95.0 7.5, -90.0 7.5, -90.0 12.5, -95.0 12.5, -95.0 7.5))",6.234400,25.511000,44.954000,13.941000,0.312430,4.915200,410.4100,1.2642,0.3441
1025,"POLYGON ((-90.0 7.5, -85.0 7.5, -85.0 12.5, -90.0 12.5, -90.0 7.5))",6.734000,21.233000,43.405000,18.566000,0.389700,6.294200,523.5600,1.4528,0.3956
1026,"POLYGON ((-85.0 7.5, -80.0 7.5, -80.0 12.5, -85.0 12.5, -85.0 7.5))",9.242600,22.808000,43.077000,16.207000,0.950160,6.206100,626.9100,1.5316,0.4171
1027,"POLYGON ((-80.0 7.5, -75.0 7.5, -75.0 12.5, -80.0 12.5, -80.0 7.5))",8.280100,28.509000,40.005000,16.700000,0.544580,6.665200,896.0100,2.4134,0.6579
1028,"POLYGON ((-75.0 7.5, -70.0 7.5, -70.0 12.5, -75.0 12.5, -75.0 7.5))",8.391500,23.393000,41.855000,15.453000,1.260900,9.774700,1331.6000,3.0542,0.8328
1029,"POLYGON ((-70.0 7.5, -65.0 7.5, -65.0 12.5, -70.0 12.5, -70.0 7.5))",10.843000,18.794000,38.852000,13.177000,1.824900,14.441000,1222.7000,2.8982,0.7902
1030,"POLYGON ((-65.0 7.5, -60.0 7.5, -60.0 12.5, -65.0 12.5, -65.0 7.5))",9.633500,7.791200,38.642000,13.599000,3.966900,20.259000,1257.6000,2.8264,0.7706
1031,"POLYGON ((-60.0 7.5, -55.0 7.5, -55.0 12.5, -60.0 12.5, -60.0 7.5))",8.599100,3.797400,40.866000,11.895000,4.839400,24.107000,1164.6000,3.2140,0.8764
1032,"POLYGON ((-55.0 7.5, -50.0 7.5, -50.0 12.5, -55.0 12.5, -55.0 7.5))",9.607200,2.515300,41.110000,12.238000,6.256400,22.800000,1386.1000,4.0104,1.0938
1033,"POLYGON ((-50.0 7.5, -45.0 7.5, -45.0 12.5, -50.0 12.5, -50.0 7.5))",8.721600,5.285000,34.805000,11.585000,6.368700,24.219000,1728.3000,4.9222,1.3428
1034,"POLYGON ((-45.0 7.5, -40.0 7.5, -40.0 12.5, -45.0 12.5, -45.0 7.5))",10.341000,8.979900,35.523000,12.995000,5.301300,21.835000,2312.4000,6.5856,1.7969
1035,"POLYGON ((-40.0 7.5, -35.0 7.5, -35.0 12.5, -40.0 12.5, -40.0 7.5))",10.300000,15.180000,35.285000,16.976000,3.428500,20.382000,3213.6000,8.9939,2.4543
1036,"POLYGON ((-35.0 7.5, -30.0 7.5, -30.0 12.5, -35.0 12.5, -35.0 7.5))",12.584000,15.179000,36.220000,13.808000,3.856200,17.637000,3284.7000,9.2212,2.5164
1037,"POLYGON ((-30.0 7.5, -25.0 7.5, -25.0 12.5, -30.0 12.5, -30.0 7.5))",9.654900,15.465000,36.115000,18.656000,4.353100,16.779000,3713.9000,10.8460,2.9599
1038,"POLYGON ((-25.0 7.5, -20.0 7.5, -20.0 12.5, -25.0 12.5, -25.0 7.5))",12.224000,19.010000,39.138000,20.393000,1.118700,13.125000,3445.6000,9.9590,2.7178
1039,"POLYGON ((-20.0 7.5, -15.0 7.5, -15.0 12.5, -20.0 12.5, -20.0 7.5))",11.180000,19.485000,35.525000,19.130000,2.614900,15.228000,2960.8000,8.7186,2.3792
1040,"POLYGON ((-15.0 7.5, -10.0 7.5, -10.0 12.5, -15.0 12.5, -15.0 7.5))",8.702800,15.163000,39.986000,13.290000,4.017000,16.231000,2703.1000,7.6363,2.0837
1041,"POLYGON ((-10.0 7.5, -5.0 7.5, -5.0 12.5, -10.0 12.5, -10.0 7.5))",11.969000,16.266000,38.165000,14.558000,3.692400,14.818000,2425.2000,6.6642,1.8183
1042,"POLYGON ((-5.0 7.5, 0.0 7.5, 0.0 12.5, -5.0 12.5, -5.0 7.5))",9.175300,15.735000,38.425000,17.352000,3.297300,15.937000,2796.2000,6.9756,1.9033
1043,"POLYGON ((0.0 7.5, 5.0 7.5, 5.0 12.5, 0.0 12.5, 0.0 7.5))",12.380000,13.150000,38.171000,17.352000,3.464400,13.916000,2098.8000,5.7966,1.5815
1044,"POLYGON ((5.0 7.5, 10.0 7.5, 10.0 12.5, 5.0 12.5, 5.0 7.5))",10.398000,19.542000,37.245000,12.257000,3.821400,12.835000,1652.1000,4.3963,1.1992
1045,"POLYGON ((10.0 7.5, 15.0 7.5, 15.0 12.5, 10.0 12.5, 10.0 7.5))",11.245000,18.642000,41.047000,15.399000,2.409000,11.688000,1424.2000,3.0837,0.8409
1046,"POLYGON ((15.0 7.5, 20.0 7.5, 20.0 12.5, 15.0 12.5, 15.0 7.5))",10.159000,13.440000,38.692000,13.878000,5.630100,14.367000,844.7300,2.5858,0.7049
1047,"POLYGON ((20.0 7.5, 25.0 7.5, 25.0 12.5, 20.0 12.5, 20.0 7.5))",10.129000,8.686300,36.546000,10.348000,8.149100,16.928000,895.5300,2.0264,0.5522
1048,"POLYGON ((25.0 7.5, 30.0 7.5, 30.0 12.5, 25.0 12.5, 25.0 7.5))",10.908000,5.607500,36.573000,10.140000,7.861300,20.160000,653.5300,1.4651,0.3990
1049,"POLYGON ((30.0 7.5, 35.0 7.5, 35.0 12.5, 30.0 12.5, 30.0 7.5))",9.746000,4.367400,41.516000,11.977000,7.240000,18.347000,763.4900,1.2551,0.3416
1050,"POLYGON ((35.0 7.5, 40.0 7.5, 40.0 12.5, 35.0 12.5, 35.0 7.5))",12.533000,12.704000,34.387000,11.624000,5.215500,17.620000,630.0800,1.3830,0.3766
1051,"POLYGON ((40.0 7.5, 45.0 7.5, 45.0 12.5, 40.0 12.5, 40.0 7.5))",10.001000,13.248000,41.300000,14.904000,3.437900,13.851000,756.6500,1.2782,0.3480
1052,"POLYGON ((45.0 7.5, 50.0 7.5, 50.0 12.5, 45.0 12.5, 45.0 7.5))",9.728700,18.885000,43.251000,16.938000,1.360700,9.297700,505.3000,1.3209,0.3596
1053,"POLYGON ((50.0 7.5, 55.0 7.5, 55.0 12.5, 50.0 12.5, 50.0 7.5))",11.112000,21.775000,40.519000,15.816000,0.943110,9.433000,439.6900,1.2832,0.3493
1054,"POLYGON ((55.0 7.5, 60.0 7.5, 60.0 12.5, 55.0 12.5, 55.0 7.5))",8.744100,24.112000,38.822000,12.926000,1.737900,9.525900,495.1500,1.1055,0.3008
1055,"POLYGON ((60.0 7.5, 65.0 7.5, 65.0 12.5, 60.0 12.5, 60.0 7.5))",8.573400,16.593000,41.685000,17.477000,1.037600,10.794000,370.4700,0.8890,0.2417
1056,"POLYGON ((65.0 7.5, 70.0 7.5, 70.0 12.5, 65.0 12.5, 65.0 7.5))",11.487000,18.698000,44.206000,14.723000,0.350670,8.791800,455.3100,0.7672,0.2084
1057,"POLYGON ((70.0 7.5, 75.0 7.5, 75.0 12.5, 70.0 12.5, 70.0 7.5))",5.783900,23.377000,43.749000,17.386000,0.584600,7.929500,514.6700,0.9268,0.2520
1058,"POLYGON ((75.0 7.5, 80.0 7.5, 80.0 12.5, 75.0 12.5, 75.0 7.5))",7.199200,24.071000,45.265000,14.959000,0.602030,6.983400,512.4000,0.9836,0.2675
1059,"POLYGON ((80.0 7.5, 85.0 7.5, 85.0 12.5, 80.0 12.5, 80.0 7.5))",8.689000,19.644000,43.706000,16.158000,0.686120,8.551200,643.6500,1.0345,0.2814
1060,"POLYGON ((85.0 7.5, 90.0 7.5, 90.0 12.5, 85.0 12.5, 85.0 7.5))",7.622600,22.019000,41.433000,15.119000,1.430900,10.064000,558.8500,1.1099,0.3020
1061,"POLYGON ((90.0 7.5, 95.0 7.5, 95.0 12.5, 90.0 12.5, 90.0 7.5))",10.292000,23.806000,41.016000,16.454000,0.636720,8.235000,424.1400,1.0069,0.2739
1062,"POLYGON ((95.0 7.5, 100.0 7.5, 100.0 12.5, 95.0 12.5, 95.0 7.5))",7.962100,24.079000,44.237000,14.783000,1.048100,7.106000,459.8800,0.9268,0.2520
1063,"POLYGON ((100.0 7.5, 105.0 7.5, 105.0 12.5, 100.0 12.5, 100.0 7.5))",10.221000,21.973000,45.366000,14.393000,0.843860,6.121500,315.8800,0.6961,0.1890
1064,"POLYGON ((105.0 7.5, 110.0 7.5, 110.0 12.5, 105.0 12.5, 105.0 7.5))",5.751100,20.599000,47.938000,17.352000,0.752260,6.401900,393.3300,0.7396,0.2009
1065,"POLYGON ((110.0 7.5, 115.0 7.5, 115.0 12.5, 110.0 12.5, 110.0 7.5))",4.887100,22.241000,44.338000,16.426000,0.789150,7.469800,416.5500,0.6228,0.1690
1066,"POLYGON ((115.0 7.5, 120.0 7.5, 120.0 12.5, 115.0 12.5, 115.0 7.5))",6.050100,26.688000,41.671000,14.740000,0.248460,7.057300,339.4600,0.5891,0.1598
1067,"POLYGON ((120.0 7.5, 125.0 7.5, 125.0 12.5, 120.0 12.5, 120.0 7.5))",8.469600,25.505000,42.380000,16.016000,0.169790,5.432300,176.7300,0.3699,0.1000
1068,"POLYGON ((125.0 7.5, 130.0 7.5, 130.0 12.5, 125.0 12.5, 125.0 7.5))",5.312000,29.552000,40.944000,17.271000,0.000000,4.884400,273.5100,0.4289,0.1161
1069,"POLYGON ((130.0 7.5, 135.0 7.5, 135.0 12.5, 130.0 12.5, 130.0 7.5))",5.941900,26.079000,41.968000,16.443000,0.494410,5.113800,233.4000,0.3850,0.1041
1070,"POLYGON ((135.0 7.5, 140.0 7.5, 140.0 12.5, 135.0 12.5, 135.0 7.5))",4.735200,24.709000,46.629000,17.111000,0.377280,4.608800,336.4500,0.5271,0.1429
1071,"POLYGON ((140.0 7.5, 145.0 7.5, 145.0 12.5, 140.0 12.5, 140.0 7.5))",5.004400,27.080000,43.625000,17.110000,0.229020,4.115900,453.5900,0.7266,0.1974
1072,"POLYGON ((145.0 7.5, 150.0 7.5, 150.0 12.5, 145.0 12.5, 145.0 7.5))",9.069600,24.495000,43.406000,15.897000,0.266180,4.976400,249.0500,0.8293,0.2254
1073,"POLYGON ((150.0 7.5, 155.0 7.5, 155.0 12.5, 150.0 12.5, 150.0 7.5))",7.824600,29.712000,42.890000,17.141000,0.000000,4.023300,437.8400,0.8537,0.2321
1074,"POLYGON ((155.0 7.5, 160.0 7.5, 160.0 12.5, 155.0 12.5, 155.0 7.5))",4.741400,29.610000,43.693000,14.958000,0.482600,3.774100,502.9900,1.1474,0.3122
1075,"POLYGON ((160.0 7.5, 165.0 7.5, 165.0 12.5, 160.0 12.5, 160.0 7.5))",4.904100,30.010000,43.412000,17.857000,0.000000,4.198800,484.6900,0.7784,0.2115
1076,"POLYGON ((165.0 7.5, 170.0 7.5, 170.0 12.5, 165.0 12.5, 165.0 7.5))",1.454700,28.139000,47.389000,16.843000,0.230280,3.879900,427.5500,0.9023,0.2453
1077,"POLYGON ((170.0 7.5, 175.0 7.5, 175.0 12.5, 170.0 12.5, 170.0 7.5))",3.950100,26.850000,46.589000,18.643000,0.167210,3.757700,337.5800,0.6007,0.1630
1078,"POLYGON ((175.0 7.5, 180.0 7.5, 180.0 12.5, 175.0 12.5, 175.0 7.5))",4.512700,30.362000,46.155000,16.129000,0.000000,3.201300,88.4510,0.5585,0.1515
1079,"POLYGON ((-180.0 12.5, -175.0 12.5, -175.0 17.5, -180.0 17.5, -180.0 12.5))",5.322000,26.852000,45.870000,16.172000,0.407040,3.941500,98.7110,0.4595,0.1244
1080,"POLYGON ((-175.0 12.5, -170.0 12.5, -170.0 17.5, -175.0 17.5, -175.0 12.5))",5.973800,29.062000,44.047000,16.135000,0.099683,3.930000,225.8100,0.3129,0.0844
1081,"POLYGON ((-170.0 12.5, -165.0 12.5, -165.0 17.5, -170.0 17.5, -170.0 12.5))",1.528300,28.148000,47.254000,15.277000,0.137600,4.745500,433.3800,0.5440,0.1475
1082,"POLYGON ((-165.0 12.5, -160.0 12.5, -160.0 17.5, -165.0 17.5, -165.0 12.5))",3.669100,26.882000,45.049000,16.270000,0.239140,3.775500,205.1100,0.5263,0.1427
1083,"POLYGON ((-160.0 12.5, -155.0 12.5, -155.0 17.5, -160.0 17.5, -160.0 12.5))",5.421600,28.023000,43.781000,15.429000,0.380990,3.768900,220.1800,0.3781,0.1022
1084,"POLYGON ((-155.0 12.5, -150.0 12.5, -150.0 17.5, -155.0 17.5, -155.0 12.5))",5.398200,33.783000,43.731000,12.648000,0.026148,3.850200,170.5600,0.3848,0.1040
1085,"POLYGON ((-150.0 12.5, -145.0 12.5, -145.0 17.5, -150.0 17.5, -150.0 12.5))",5.664200,23.431000,42.655000,20.092000,0.359240,5.178600,273.5400,0.4561,0.1235
1086,"POLYGON ((-145.0 12.5, -140.0 12.5, -140.0 17.5, -145.0 17.5, -145.0 12.5))",4.324400,22.916000,46.247000,17.808000,0.198020,5.426000,302.4700,0.4468,0.1210
1087,"POLYGON ((-140.0 12.5, -135.0 12.5, -135.0 17.5, -140.0 17.5, -140.0 12.5))",2.091700,28.024000,45.044000,16.054000,0.654470,3.996400,316.7000,0.5858,0.1589
1088,"POLYGON ((-135.0 12.5, -130.0 12.5, -130.0 17.5, -135.0 17.5, -135.0 12.5))",2.887600,24.966000,46.348000,16.728000,0.287770,5.066200,372.0600,0.4648,0.1259
1089,"POLYGON ((-130.0 12.5, -125.0 12.5, -125.0 17.5, -130.0 17.5, -130.0 12.5))",3.400400,34.526000,41.940000,12.321000,0.679880,2.951300,238.9800,0.5296,0.1436
1090,"POLYGON ((-125.0 12.5, -120.0 12.5, -120.0 17.5, -125.0 17.5, -125.0 12.5))",5.554000,25.010000,43.429000,16.477000,0.278560,4.389200,283.8000,0.6329,0.1718
1091,"POLYGON ((-120.0 12.5, -115.0 12.5, -115.0 17.5, -120.0 17.5, -120.0 12.5))",7.362500,21.460000,43.825000,16.837000,0.288450,4.885600,301.3200,0.6047,0.1641
1092,"POLYGON ((-115.0 12.5, -110.0 12.5, -110.0 17.5, -115.0 17.5, -115.0 12.5))",6.455200,20.993000,44.199000,18.185000,0.340610,4.586700,277.7600,0.5881,0.1596
1093,"POLYGON ((-110.0 12.5, -105.0 12.5, -105.0 17.5, -110.0 17.5, -110.0 12.5))",4.507200,27.034000,41.919000,17.631000,0.507430,4.234100,339.8200,0.5644,0.1531
1094,"POLYGON ((-105.0 12.5, -100.0 12.5, -100.0 17.5, -105.0 17.5, -105.0 12.5))",5.901100,26.592000,45.945000,15.413000,0.181520,3.954900,312.2400,0.7958,0.2162
1095,"POLYGON ((-100.0 12.5, -95.0 12.5, -95.0 17.5, -100.0 17.5, -100.0 12.5))",5.447400,26.530000,46.306000,14.472000,0.165610,5.037700,502.5200,0.9688,0.2635
1096,"POLYGON ((-95.0 12.5, -90.0 12.5, -90.0 17.5, -95.0 17.5, -95.0 12.5))",5.260700,27.276000,44.796000,15.806000,0.305670,4.375400,685.5200,1.2353,0.3362
1097,"POLYGON ((-90.0 12.5, -85.0 12.5, -85.0 17.5, -90.0 17.5, -90.0 12.5))",5.857300,27.075000,45.650000,14.028000,0.252680,5.288800,639.9900,1.4484,0.3944
1098,"POLYGON ((-85.0 12.5, -80.0 12.5, -80.0 17.5, -85.0 17.5, -85.0 12.5))",8.822900,27.134000,42.731000,15.590000,0.000000,6.305800,890.6700,1.8005,0.4905
1099,"POLYGON ((-80.0 12.5, -75.0 12.5, -75.0 17.5, -80.0 17.5, -80.0 12.5))",10.215000,25.182000,40.709000,14.258000,0.765040,8.643800,1226.2000,2.5888,0.7057
1100,"POLYGON ((-75.0 12.5, -70.0 12.5, -70.0 17.5, -75.0 17.5, -75.0 12.5))",12.145000,13.138000,41.913000,15.495000,1.414700,14.406000,1179.0000,3.2666,0.8908
1101,"POLYGON ((-70.0 12.5, -65.0 12.5, -65.0 17.5, -70.0 17.5, -70.0 12.5))",7.577600,14.628000,36.462000,12.381000,3.843200,17.764000,1266.1000,2.9182,0.7957
1102,"POLYGON ((-65.0 12.5, -60.0 12.5, -60.0 17.5, -65.0 17.5, -65.0 12.5))",8.461200,10.618000,33.896000,12.903000,4.892200,21.314000,1350.0000,3.2542,0.8874
1103,"POLYGON ((-60.0 12.5, -55.0 12.5, -55.0 17.5, -60.0 17.5, -60.0 12.5))",8.446900,1.201700,38.669000,11.467000,6.978200,25.090000,1492.2000,3.4909,0.9520
1104,"POLYGON ((-55.0 12.5, -50.0 12.5, -50.0 17.5, -55.0 17.5, -55.0 12.5))",10.001000,9.145600,36.480000,9.809400,6.111700,22.406000,1712.2000,4.3329,1.1819
1105,"POLYGON ((-50.0 12.5, -45.0 12.5, -45.0 17.5, -50.0 17.5, -50.0 12.5))",9.946300,10.350000,32.027000,10.395000,6.974900,22.173000,2068.5000,4.9349,1.3462
1106,"POLYGON ((-45.0 12.5, -40.0 12.5, -40.0 17.5, -45.0 17.5, -45.0 12.5))",9.920700,6.281800,35.252000,12.178000,6.060300,22.617000,2166.8000,5.6673,1.5462
1107,"POLYGON ((-40.0 12.5, -35.0 12.5, -35.0 17.5, -40.0 17.5, -40.0 12.5))",7.292400,9.519800,35.585000,15.557000,5.713700,21.402000,2621.0000,6.8809,1.8775
1108,"POLYGON ((-35.0 12.5, -30.0 12.5, -30.0 17.5, -35.0 17.5, -35.0 12.5))",7.156400,13.743000,34.600000,18.598000,4.038200,20.572000,3176.4000,8.0549,2.1980
1109,"POLYGON ((-30.0 12.5, -25.0 12.5, -25.0 17.5, -30.0 17.5, -30.0 12.5))",10.384000,17.053000,40.238000,14.869000,2.590500,17.820000,3399.3000,9.8628,2.6916
1110,"POLYGON ((-25.0 12.5, -20.0 12.5, -20.0 17.5, -25.0 17.5, -25.0 12.5))",10.061000,15.619000,39.568000,18.445000,2.609700,16.288000,3359.8000,9.1674,2.5017
1111,"POLYGON ((-20.0 12.5, -15.0 12.5, -15.0 17.5, -20.0 17.5, -20.0 12.5))",12.285000,14.351000,41.555000,16.995000,2.645500,15.289000,3108.3000,8.7156,2.3784
1112,"POLYGON ((-15.0 12.5, -10.0 12.5, -10.0 17.5, -15.0 17.5, -15.0 12.5))",9.841500,17.765000,36.536000,16.998000,2.881200,16.277000,2803.4000,7.5840,2.0694
1113,"POLYGON ((-10.0 12.5, -5.0 12.5, -5.0 17.5, -10.0 17.5, -10.0 12.5))",8.705800,10.692000,41.277000,16.966000,3.634000,17.816000,2616.6000,7.0032,1.9109
1114,"POLYGON ((-5.0 12.5, 0.0 12.5, 0.0 17.5, -5.0 17.5, -5.0 12.5))",11.241000,22.246000,33.830000,16.488000,3.334700,14.313000,2658.3000,6.9641,1.9002
1115,"POLYGON ((0.0 12.5, 5.0 12.5, 5.0 17.5, 0.0 17.5, 0.0 12.5))",10.627000,10.114000,37.730000,16.067000,4.375000,17.016000,1916.0000,5.3591,1.4620
1116,"POLYGON ((5.0 12.5, 10.0 12.5, 10.0 17.5, 5.0 17.5, 5.0 12.5))",10.582000,22.197000,36.846000,13.039000,3.141800,12.735000,1546.5000,3.5002,0.9546
1117,"POLYGON ((10.0 12.5, 15.0 12.5, 15.0 17.5, 10.0 17.5, 10.0 12.5))",10.643000,15.189000,41.743000,14.718000,3.085200,12.602000,967.8600,2.4539,0.6689
1118,"POLYGON ((15.0 12.5, 20.0 12.5, 20.0 17.5, 15.0 17.5, 15.0 12.5))",8.662900,12.267000,40.409000,17.078000,3.610900,15.614000,845.5100,1.6932,0.4613
1119,"POLYGON ((20.0 12.5, 25.0 12.5, 25.0 17.5, 20.0 17.5, 20.0 12.5))",9.521200,11.151000,35.833000,12.333000,6.022700,18.844000,742.9400,1.4574,0.3969
1120,"POLYGON ((25.0 12.5, 30.0 12.5, 30.0 17.5, 25.0 17.5, 25.0 12.5))",7.940900,13.017000,38.095000,6.286200,7.452600,18.264000,849.6400,1.4001,0.3812
1121,"POLYGON ((30.0 12.5, 35.0 12.5, 35.0 17.5, 30.0 17.5, 30.0 12.5))",10.058000,9.184300,39.206000,12.559000,4.793800,18.053000,716.0100,1.3527,0.3683
1122,"POLYGON ((35.0 12.5, 40.0 12.5, 40.0 17.5, 35.0 17.5, 35.0 12.5))",8.926200,11.656000,41.563000,14.587000,3.584800,15.633000,805.9000,1.4799,0.4030
1123,"POLYGON ((40.0 12.5, 45.0 12.5, 45.0 17.5, 40.0 17.5, 40.0 12.5))",12.528000,14.508000,46.013000,17.973000,1.254000,9.133000,810.8300,1.7538,0.4778
1124,"POLYGON ((45.0 12.5, 50.0 12.5, 50.0 17.5, 45.0 17.5, 45.0 12.5))",10.077000,25.455000,42.568000,13.915000,0.933210,7.396900,693.0800,1.2468,0.3394
1125,"POLYGON ((50.0 12.5, 55.0 12.5, 55.0 17.5, 50.0 17.5, 50.0 12.5))",9.403000,13.553000,42.851000,12.925000,1.309200,12.217000,555.1500,1.3163,0.3584
1126,"POLYGON ((55.0 12.5, 60.0 12.5, 60.0 17.5, 55.0 17.5, 55.0 12.5))",9.998500,13.628000,41.592000,11.603000,1.158000,14.733000,394.9000,0.8402,0.2284
1127,"POLYGON ((60.0 12.5, 65.0 12.5, 65.0 17.5, 60.0 17.5, 60.0 12.5))",7.969000,18.887000,37.020000,11.537000,1.627000,13.804000,424.7700,0.7436,0.2020
1128,"POLYGON ((65.0 12.5, 70.0 12.5, 70.0 17.5, 65.0 17.5, 65.0 12.5))",10.053000,17.243000,42.214000,14.961000,0.983080,9.633300,324.2700,0.9922,0.2699
1129,"POLYGON ((70.0 12.5, 75.0 12.5, 75.0 17.5, 70.0 17.5, 70.0 12.5))",10.803000,28.071000,38.773000,14.229000,0.734840,7.194500,439.1400,0.8773,0.2385
1130,"POLYGON ((75.0 12.5, 80.0 12.5, 80.0 17.5, 75.0 17.5, 75.0 12.5))",7.976900,18.596000,45.564000,16.801000,0.755490,7.701600,587.3700,1.1654,0.3171
1131,"POLYGON ((80.0 12.5, 85.0 12.5, 85.0 17.5, 80.0 17.5, 80.0 12.5))",8.038700,14.772000,45.834000,14.431000,1.280100,10.064000,535.0700,0.9674,0.2631
1132,"POLYGON ((85.0 12.5, 90.0 12.5, 90.0 17.5, 85.0 17.5, 85.0 12.5))",10.088000,14.472000,41.715000,16.139000,1.411700,11.003000,368.2500,0.9832,0.2674
1133,"POLYGON ((90.0 12.5, 95.0 12.5, 95.0 17.5, 90.0 17.5, 90.0 12.5))",9.428100,22.029000,42.471000,15.016000,0.589890,8.719300,508.6400,0.8836,0.2402
1134,"POLYGON ((95.0 12.5, 100.0 12.5, 100.0 17.5, 95.0 17.5, 95.0 12.5))",8.119100,28.199000,40.789000,13.792000,0.881940,7.447200,413.8800,0.9578,0.2605
1135,"POLYGON ((100.0 12.5, 105.0 12.5, 105.0 17.5, 100.0 17.5, 100.0 12.5))",8.854200,21.608000,44.778000,16.397000,0.894140,7.159300,311.0000,0.6306,0.1712
1136,"POLYGON ((105.0 12.5, 110.0 12.5, 110.0 17.5, 105.0 17.5, 105.0 12.5))",7.949600,24.561000,42.342000,15.236000,0.546850,7.516400,329.8700,0.7100,0.1928
1137,"POLYGON ((110.0 12.5, 115.0 12.5, 115.0 17.5, 110.0 17.5, 110.0 12.5))",6.984400,18.905000,46.243000,18.208000,0.447470,7.611300,302.6600,0.7018,0.1906
1138,"POLYGON ((115.0 12.5, 120.0 12.5, 120.0 17.5, 115.0 17.5, 115.0 12.5))",6.968500,27.934000,42.896000,14.614000,0.404150,5.720200,342.8200,0.5246,0.1422
1139,"POLYGON ((120.0 12.5, 125.0 12.5, 125.0 17.5, 120.0 17.5, 120.0 12.5))",9.894500,27.951000,40.922000,15.249000,0.266610,4.826100,276.2200,0.4648,0.1259
1140,"POLYGON ((125.0 12.5, 130.0 12.5, 130.0 17.5, 125.0 17.5, 125.0 12.5))",6.741500,27.605000,45.026000,13.149000,0.270070,4.743500,416.3200,0.5395,0.1463
1141,"POLYGON ((130.0 12.5, 135.0 12.5, 135.0 17.5, 130.0 17.5, 130.0 12.5))",7.900700,21.427000,45.812000,17.119000,0.000000,5.065500,165.2500,0.7061,0.1918
1142,"POLYGON ((135.0 12.5, 140.0 12.5, 140.0 17.5, 135.0 17.5, 135.0 12.5))",6.796100,28.289000,41.069000,18.680000,0.206550,3.951500,144.1400,0.4322,0.1170
1143,"POLYGON ((140.0 12.5, 145.0 12.5, 145.0 17.5, 140.0 17.5, 140.0 12.5))",9.322700,30.401000,40.568000,14.326000,0.261690,4.128800,261.9600,0.7829,0.2127
1144,"POLYGON ((145.0 12.5, 150.0 12.5, 150.0 17.5, 145.0 17.5, 145.0 12.5))",4.553900,28.866000,43.091000,16.928000,0.533120,4.773600,402.9700,0.6893,0.1872
1145,"POLYGON ((150.0 12.5, 155.0 12.5, 155.0 17.5, 150.0 17.5, 150.0 12.5))",7.763100,24.468000,46.787000,17.856000,0.000000,4.574900,493.0400,1.1003,0.2994
1146,"POLYGON ((155.0 12.5, 160.0 12.5, 160.0 17.5, 155.0 17.5, 155.0 12.5))",6.656400,28.469000,43.709000,14.502000,0.332940,4.401700,322.6300,1.3015,0.3543
1147,"POLYGON ((160.0 12.5, 165.0 12.5, 165.0 17.5, 160.0 17.5, 160.0 12.5))",5.943600,28.908000,44.160000,18.671000,0.000000,3.914300,379.4100,0.7198,0.1955
1148,"POLYGON ((165.0 12.5, 170.0 12.5, 170.0 17.5, 165.0 17.5, 165.0 12.5))",2.936700,31.115000,43.606000,16.884000,0.304140,3.828000,421.3500,0.6534,0.1774
1149,"POLYGON ((170.0 12.5, 175.0 12.5, 175.0 17.5, 170.0 17.5, 170.0 12.5))",5.172800,24.663000,46.842000,19.234000,0.185140,3.399000,235.6400,0.4475,0.1212
1150,"POLYGON ((175.0 12.5, 180.0 12.5, 180.0 17.5, 175.0 17.5, 175.0 12.5))",3.041200,26.936000,44.849000,18.160000,0.653570,3.597400,230.0900,0.6492,0.1762
1151,"POLYGON ((-180.0 17.5, -175.0 17.5, -175.0 22.5, -180.0 22.5, -180.0 17.5))",4.224800,30.996000,43.820000,15.857000,0.000000,3.558900,258.7700,0.4283,0.1159
1152,"POLYGON ((-175.0 17.5, -170.0 17.5, -170.0 22.5, -175.0 22.5, -175.0 17.5))",3.985000,31.091000,44.384000,15.454000,0.209750,3.973200,236.9600,0.3729,0.1008
1153,"POLYGON ((-170.0 17.5, -165.0 17.5, -165.0 22.5, -170.0 22.5, -170.0 17.5))",4.234300,24.437000,47.597000,15.900000,0.463530,3.717800,238.9300,0.4054,0.1097
1154,"POLYGON ((-165.0 17.5, -160.0 17.5, -160.0 22.5, -165.0 22.5, -165.0 17.5))",6.143200,21.101000,44.618000,19.331000,0.228890,4.930400,94.4160,0.4475,0.1212
1155,"POLYGON ((-160.0 17.5, -155.0 17.5, -155.0 22.5, -160.0 22.5, -160.0 17.5))",5.081300,24.698000,47.450000,16.253000,0.243260,4.277400,205.5200,0.3211,0.0867
1156,"POLYGON ((-155.0 17.5, -150.0 17.5, -150.0 22.5, -155.0 22.5, -155.0 17.5))",5.924500,29.019000,43.553000,15.391000,0.025405,4.522400,279.8100,0.4527,0.1226
1157,"POLYGON ((-150.0 17.5, -145.0 17.5, -145.0 22.5, -150.0 22.5, -150.0 17.5))",3.578600,27.630000,41.373000,17.420000,0.757230,4.599100,378.6100,0.4248,0.1150
1158,"POLYGON ((-145.0 17.5, -140.0 17.5, -140.0 22.5, -145.0 22.5, -145.0 17.5))",6.164400,27.677000,43.634000,15.187000,0.351040,4.747000,252.9300,0.4208,0.1139
1159,"POLYGON ((-140.0 17.5, -135.0 17.5, -135.0 22.5, -140.0 22.5, -140.0 17.5))",5.754300,24.305000,47.625000,14.826000,0.164790,4.778900,328.0400,0.5275,0.1430
1160,"POLYGON ((-135.0 17.5, -130.0 17.5, -130.0 22.5, -135.0 22.5, -135.0 17.5))",4.530800,25.952000,44.465000,17.350000,0.266430,4.470800,196.0600,0.5113,0.1386
1161,"POLYGON ((-130.0 17.5, -125.0 17.5, -125.0 22.5, -130.0 22.5, -130.0 17.5))",7.113700,23.916000,44.272000,17.119000,0.065006,4.264900,208.4900,0.4682,0.1268
1162,"POLYGON ((-125.0 17.5, -120.0 17.5, -120.0 22.5, -125.0 22.5, -125.0 17.5))",5.737900,25.379000,45.853000,16.423000,0.000000,4.522000,286.2700,0.4702,0.1274
1163,"POLYGON ((-120.0 17.5, -115.0 17.5, -115.0 22.5, -120.0 22.5, -120.0 17.5))",1.497000,23.892000,44.186000,19.603000,0.640420,5.075500,300.9200,0.6212,0.1686
1164,"POLYGON ((-115.0 17.5, -110.0 17.5, -110.0 22.5, -115.0 22.5, -115.0 17.5))",6.282900,26.529000,44.535000,15.967000,0.112220,4.447400,367.4600,0.3009,0.0812
1165,"POLYGON ((-110.0 17.5, -105.0 17.5, -105.0 22.5, -110.0 22.5, -110.0 17.5))",6.172400,23.151000,46.221000,15.101000,0.179030,5.133400,214.9800,0.6881,0.1868
1166,"POLYGON ((-105.0 17.5, -100.0 17.5, -100.0 22.5, -105.0 22.5, -105.0 17.5))",5.053000,23.617000,42.070000,20.149000,0.289110,5.345900,387.8700,0.8384,0.2279
1167,"POLYGON ((-100.0 17.5, -95.0 17.5, -95.0 22.5, -100.0 22.5, -100.0 17.5))",5.597600,22.255000,48.971000,16.072000,0.066980,5.451100,422.4800,1.1285,0.3071
1168,"POLYGON ((-95.0 17.5, -90.0 17.5, -90.0 22.5, -95.0 22.5, -95.0 17.5))",5.618900,31.674000,40.234000,15.062000,0.546910,4.780700,504.3200,1.3120,0.3572
1169,"POLYGON ((-90.0 17.5, -85.0 17.5, -85.0 22.5, -90.0 22.5, -90.0 17.5))",9.044500,23.235000,45.380000,16.241000,0.192710,5.497200,615.8300,1.4764,0.4021
1170,"POLYGON ((-85.0 17.5, -80.0 17.5, -80.0 22.5, -85.0 22.5, -85.0 17.5))",7.344000,23.084000,43.241000,17.479000,0.766970,8.355000,915.5400,2.1078,0.5744
1171,"POLYGON ((-80.0 17.5, -75.0 17.5, -75.0 22.5, -80.0 22.5, -80.0 17.5))",9.390000,19.363000,42.266000,15.898000,0.814060,11.855000,1213.8000,3.0578,0.8338
1172,"POLYGON ((-75.0 17.5, -70.0 17.5, -70.0 22.5, -75.0 22.5, -75.0 17.5))",9.578900,12.068000,40.800000,13.777000,2.945500,16.769000,1224.2000,3.2329,0.8816
1173,"POLYGON ((-70.0 17.5, -65.0 17.5, -65.0 22.5, -70.0 22.5, -70.0 17.5))",8.525400,10.801000,39.779000,12.116000,3.439200,20.334000,1422.7000,3.4453,0.9396
1174,"POLYGON ((-65.0 17.5, -60.0 17.5, -60.0 22.5, -65.0 22.5, -65.0 17.5))",4.941300,9.851700,39.307000,11.803000,4.675000,22.430000,1987.8000,3.7429,1.0208
1175,"POLYGON ((-60.0 17.5, -55.0 17.5, -55.0 22.5, -60.0 22.5, -60.0 17.5))",9.910200,5.368700,31.595000,9.203100,7.466200,25.142000,1842.7000,4.5469,1.2403
1176,"POLYGON ((-55.0 17.5, -50.0 17.5, -50.0 22.5, -55.0 22.5, -55.0 17.5))",9.974700,5.452400,38.384000,11.194000,5.602700,23.395000,2481.5000,5.7302,1.5633
1177,"POLYGON ((-50.0 17.5, -45.0 17.5, -45.0 22.5, -50.0 22.5, -50.0 17.5))",9.849100,8.375600,33.614000,11.512000,6.211900,24.509000,2942.2000,6.6835,1.8236
1178,"POLYGON ((-45.0 17.5, -40.0 17.5, -40.0 22.5, -45.0 22.5, -45.0 17.5))",10.410000,6.562300,36.714000,10.284000,5.337500,23.102000,2354.4000,6.1803,1.6862
1179,"POLYGON ((-40.0 17.5, -35.0 17.5, -35.0 22.5, -40.0 22.5, -40.0 17.5))",10.554000,6.414100,34.725000,13.970000,5.171400,23.512000,2162.2000,5.9580,1.6255
1180,"POLYGON ((-35.0 17.5, -30.0 17.5, -30.0 22.5, -35.0 22.5, -35.0 17.5))",11.857000,13.656000,33.231000,10.272000,5.342700,20.039000,2066.8000,6.5173,1.7782
1181,"POLYGON ((-30.0 17.5, -25.0 17.5, -25.0 22.5, -30.0 22.5, -30.0 17.5))",9.381400,11.411000,35.528000,16.631000,3.833200,21.725000,2278.4000,6.6178,1.8057
1182,"POLYGON ((-25.0 17.5, -20.0 17.5, -20.0 22.5, -25.0 22.5, -25.0 17.5))",9.831500,13.721000,36.151000,13.908000,4.156800,20.023000,2277.3000,6.9947,1.9086
1183,"POLYGON ((-20.0 17.5, -15.0 17.5, -15.0 22.5, -20.0 22.5, -20.0 17.5))",13.169000,12.935000,36.154000,15.313000,2.564500,19.242000,2253.7000,6.6673,1.8192
1184,"POLYGON ((-15.0 17.5, -10.0 17.5, -10.0 22.5, -15.0 22.5, -15.0 17.5))",13.801000,10.125000,38.968000,16.428000,2.467900,18.223000,2038.0000,6.1080,1.6665
1185,"POLYGON ((-10.0 17.5, -5.0 17.5, -5.0 22.5, -10.0 22.5, -10.0 17.5))",7.529800,16.040000,40.651000,14.445000,2.769900,16.991000,2579.4000,6.7667,1.8463
1186,"POLYGON ((-5.0 17.5, 0.0 17.5, 0.0 22.5, -5.0 22.5, -5.0 17.5))",9.723600,15.327000,42.793000,18.157000,2.001400,15.024000,2823.9000,7.1588,1.9534
1187,"POLYGON ((0.0 17.5, 5.0 17.5, 5.0 22.5, 0.0 22.5, 0.0 17.5))",12.498000,16.563000,40.849000,16.993000,2.234100,12.547000,2050.4000,5.7540,1.5698
1188,"POLYGON ((5.0 17.5, 10.0 17.5, 10.0 22.5, 5.0 22.5, 5.0 17.5))",10.239000,20.068000,38.412000,13.359000,3.457200,13.926000,1628.5000,3.6176,0.9866
1189,"POLYGON ((10.0 17.5, 15.0 17.5, 15.0 22.5, 10.0 22.5, 10.0 17.5))",10.255000,11.792000,40.366000,11.754000,3.237700,17.945000,1046.7000,2.1285,0.5801
1190,"POLYGON ((15.0 17.5, 20.0 17.5, 20.0 22.5, 15.0 22.5, 15.0 17.5))",10.497000,11.021000,38.930000,12.588000,3.306600,17.521000,612.5800,1.4858,0.4046
1191,"POLYGON ((20.0 17.5, 25.0 17.5, 25.0 22.5, 20.0 22.5, 20.0 17.5))",7.246400,9.271300,40.931000,12.833000,3.727100,19.352000,847.1200,1.4405,0.3923
1192,"POLYGON ((25.0 17.5, 30.0 17.5, 30.0 22.5, 25.0 22.5, 25.0 17.5))",8.970800,11.459000,41.489000,9.967500,4.400100,17.231000,811.6800,1.4552,0.3963
1193,"POLYGON ((30.0 17.5, 35.0 17.5, 35.0 22.5, 30.0 22.5, 30.0 17.5))",10.307000,15.681000,41.786000,15.812000,2.599800,14.521000,1051.8000,2.0128,0.5485
1194,"POLYGON ((35.0 17.5, 40.0 17.5, 40.0 22.5, 35.0 22.5, 35.0 17.5))",10.674000,20.091000,39.439000,13.411000,1.923500,12.296000,894.9000,1.9916,0.5427
1195,"POLYGON ((40.0 17.5, 45.0 17.5, 45.0 22.5, 40.0 22.5, 40.0 17.5))",8.230500,20.632000,42.380000,16.978000,1.313100,9.196700,967.4400,2.0778,0.5663
1196,"POLYGON ((45.0 17.5, 50.0 17.5, 50.0 22.5, 45.0 22.5, 45.0 17.5))",9.384000,23.913000,43.162000,14.251000,0.846080,7.788000,691.9500,1.6180,0.4407
1197,"POLYGON ((50.0 17.5, 55.0 17.5, 55.0 22.5, 50.0 22.5, 50.0 17.5))",8.324600,19.786000,44.480000,12.204000,0.440460,11.082000,742.1700,1.0456,0.2844
1198,"POLYGON ((55.0 17.5, 60.0 17.5, 60.0 22.5, 55.0 22.5, 55.0 17.5))",8.079800,15.101000,39.724000,12.346000,2.028300,13.435000,460.1400,0.9411,0.2559
1199,"POLYGON ((60.0 17.5, 65.0 17.5, 65.0 22.5, 60.0 22.5, 60.0 17.5))",7.956900,11.639000,42.228000,13.329000,1.821100,13.751000,577.0900,0.8135,0.2211
1200,"POLYGON ((65.0 17.5, 70.0 17.5, 70.0 22.5, 65.0 22.5, 65.0 17.5))",11.037000,17.851000,41.341000,13.807000,0.887980,10.339000,409.9600,0.8107,0.2203
1201,"POLYGON ((70.0 17.5, 75.0 17.5, 75.0 22.5, 70.0 22.5, 70.0 17.5))",9.359800,21.650000,43.456000,14.593000,0.929870,8.110200,445.8900,1.0380,0.2824
1202,"POLYGON ((75.0 17.5, 80.0 17.5, 80.0 22.5, 75.0 22.5, 75.0 17.5))",8.049400,19.876000,49.467000,14.802000,0.891970,6.038600,431.7500,1.0814,0.2942
1203,"POLYGON ((80.0 17.5, 85.0 17.5, 85.0 22.5, 80.0 22.5, 80.0 17.5))",8.510300,21.727000,43.156000,14.703000,0.685830,7.360100,349.7400,1.0381,0.2824
1204,"POLYGON ((85.0 17.5, 90.0 17.5, 90.0 22.5, 85.0 22.5, 85.0 17.5))",8.501500,23.319000,40.422000,18.414000,0.287310,8.480700,408.5500,0.7513,0.2041
1205,"POLYGON ((90.0 17.5, 95.0 17.5, 95.0 22.5, 90.0 22.5, 90.0 17.5))",9.735000,24.086000,44.837000,13.485000,0.380810,7.587000,373.7900,0.9941,0.2704
1206,"POLYGON ((95.0 17.5, 100.0 17.5, 100.0 22.5, 95.0 22.5, 95.0 17.5))",6.011900,23.608000,42.977000,17.983000,0.820520,7.830800,522.6300,0.8798,0.2392
1207,"POLYGON ((100.0 17.5, 105.0 17.5, 105.0 22.5, 100.0 22.5, 100.0 17.5))",7.385600,28.199000,42.824000,14.630000,0.973640,6.095500,428.5100,0.6656,0.1807
1208,"POLYGON ((105.0 17.5, 110.0 17.5, 110.0 22.5, 105.0 22.5, 105.0 17.5))",7.731700,20.162000,47.011000,15.999000,0.387160,8.104500,180.6700,0.8335,0.2266
1209,"POLYGON ((110.0 17.5, 115.0 17.5, 115.0 22.5, 110.0 22.5, 110.0 17.5))",8.461300,23.348000,44.224000,15.681000,0.492550,7.194900,163.2100,0.6775,0.1840
1210,"POLYGON ((115.0 17.5, 120.0 17.5, 120.0 22.5, 115.0 22.5, 115.0 17.5))",6.218300,20.694000,47.818000,15.885000,0.424290,6.652300,346.9400,0.6631,0.1800
1211,"POLYGON ((120.0 17.5, 125.0 17.5, 125.0 22.5, 120.0 22.5, 120.0 17.5))",7.513100,23.793000,46.511000,15.178000,0.407810,5.665100,392.0600,0.5877,0.1594
1212,"POLYGON ((125.0 17.5, 130.0 17.5, 130.0 22.5, 125.0 22.5, 125.0 17.5))",5.801700,25.399000,45.404000,14.679000,0.292520,5.309400,452.8200,0.6277,0.1704
1213,"POLYGON ((130.0 17.5, 135.0 17.5, 135.0 22.5, 130.0 22.5, 130.0 17.5))",6.582200,26.923000,44.133000,14.696000,0.425760,4.944900,374.7000,0.6100,0.1655
1214,"POLYGON ((135.0 17.5, 140.0 17.5, 140.0 22.5, 135.0 22.5, 135.0 17.5))",7.263600,24.746000,42.952000,18.470000,0.339000,4.828700,216.6200,0.5786,0.1570
1215,"POLYGON ((140.0 17.5, 145.0 17.5, 145.0 22.5, 140.0 22.5, 140.0 17.5))",5.449300,27.170000,43.899000,16.564000,0.804580,4.941100,147.5800,0.8358,0.2272
1216,"POLYGON ((145.0 17.5, 150.0 17.5, 150.0 22.5, 145.0 22.5, 145.0 17.5))",9.056700,22.283000,46.580000,17.073000,0.000000,5.601100,244.3000,0.8122,0.2207
1217,"POLYGON ((150.0 17.5, 155.0 17.5, 155.0 22.5, 150.0 22.5, 150.0 17.5))",7.822600,28.043000,41.528000,17.855000,0.234430,5.366600,439.1600,0.8267,0.2247
1218,"POLYGON ((155.0 17.5, 160.0 17.5, 160.0 22.5, 155.0 22.5, 155.0 17.5))",5.622100,27.320000,42.102000,17.169000,0.718970,4.841300,366.5500,0.9341,0.2540
1219,"POLYGON ((160.0 17.5, 165.0 17.5, 165.0 22.5, 160.0 22.5, 160.0 17.5))",6.424300,26.547000,42.964000,20.575000,0.322060,4.977700,502.1600,0.7213,0.1959
1220,"POLYGON ((165.0 17.5, 170.0 17.5, 170.0 22.5, 165.0 22.5, 165.0 17.5))",3.700200,27.434000,46.497000,16.896000,0.295190,4.493800,317.1400,0.5266,0.1428
1221,"POLYGON ((170.0 17.5, 175.0 17.5, 175.0 22.5, 170.0 22.5, 170.0 17.5))",6.168100,29.719000,42.982000,14.979000,0.223610,4.258300,242.1800,0.6768,0.1838
1222,"POLYGON ((175.0 17.5, 180.0 17.5, 180.0 22.5, 175.0 22.5, 175.0 17.5))",5.031200,21.827000,47.984000,17.936000,0.391150,3.726800,183.8700,0.7428,0.2018
1223,"POLYGON ((-180.0 22.5, -175.0 22.5, -175.0 27.5, -180.0 27.5, -180.0 22.5))",4.573400,29.675000,45.249000,14.162000,0.392890,3.974400,311.0200,0.3887,0.1051
1224,"POLYGON ((-175.0 22.5, -170.0 22.5, -170.0 27.5, -175.0 27.5, -175.0 22.5))",7.090400,29.147000,44.169000,15.119000,0.278790,3.258600,219.0400,0.4706,0.1275
1225,"POLYGON ((-170.0 22.5, -165.0 22.5, -165.0 27.5, -170.0 27.5, -170.0 22.5))",1.047300,26.376000,45.667000,17.242000,0.301880,4.817500,397.9800,0.4003,0.1083
1226,"POLYGON ((-165.0 22.5, -160.0 22.5, -160.0 27.5, -165.0 27.5, -165.0 22.5))",8.255800,28.887000,42.554000,15.343000,0.283670,3.481900,106.9500,0.3875,0.1048
1227,"POLYGON ((-160.0 22.5, -155.0 22.5, -155.0 27.5, -160.0 27.5, -160.0 22.5))",6.411600,24.058000,44.143000,18.862000,0.210850,4.923000,131.9600,0.2461,0.0662
1228,"POLYGON ((-155.0 22.5, -150.0 22.5, -150.0 27.5, -155.0 27.5, -155.0 22.5))",4.468300,28.842000,43.849000,15.865000,0.182970,4.350200,347.8400,0.3497,0.0945
1229,"POLYGON ((-150.0 22.5, -145.0 22.5, -145.0 27.5, -150.0 27.5, -150.0 22.5))",4.257000,25.449000,41.923000,20.544000,0.373720,4.459200,246.8600,0.4446,0.1204
1230,"POLYGON ((-145.0 22.5, -140.0 22.5, -140.0 27.5, -145.0 27.5, -145.0 22.5))",3.892400,29.159000,44.004000,16.828000,0.056923,4.280500,310.9900,0.4967,0.1346
1231,"POLYGON ((-140.0 22.5, -135.0 22.5, -135.0 27.5, -140.0 27.5, -140.0 22.5))",3.793300,25.708000,44.619000,18.058000,0.285840,4.317900,315.0000,0.4159,0.1125
1232,"POLYGON ((-135.0 22.5, -130.0 22.5, -130.0 27.5, -135.0 27.5, -135.0 22.5))",2.181100,26.075000,46.694000,17.930000,0.282590,4.680100,181.2900,0.6604,0.1793
1233,"POLYGON ((-130.0 22.5, -125.0 22.5, -125.0 27.5, -130.0 27.5, -130.0 22.5))",6.681400,25.992000,44.819000,16.668000,0.474470,4.169800,189.3100,0.5794,0.1572
1234,"POLYGON ((-125.0 22.5, -120.0 22.5, -120.0 27.5, -125.0 27.5, -125.0 22.5))",8.744000,24.758000,43.364000,15.783000,0.377720,4.945800,201.7700,0.6848,0.1860
1235,"POLYGON ((-120.0 22.5, -115.0 22.5, -115.0 27.5, -120.0 27.5, -120.0 22.5))",8.264300,28.250000,42.427000,15.780000,0.274110,4.304200,243.1200,0.7503,0.2038
1236,"POLYGON ((-115.0 22.5, -110.0 22.5, -110.0 27.5, -115.0 27.5, -115.0 22.5))",7.052100,26.237000,46.074000,15.612000,0.000000,4.435200,413.4400,0.6216,0.1687
1237,"POLYGON ((-110.0 22.5, -105.0 22.5, -105.0 27.5, -110.0 27.5, -110.0 22.5))",5.264700,28.773000,40.353000,15.842000,0.737060,5.455800,446.0500,0.8639,0.2349
1238,"POLYGON ((-105.0 22.5, -100.0 22.5, -100.0 27.5, -105.0 27.5, -105.0 22.5))",3.847300,28.529000,39.826000,18.538000,0.674470,6.040800,595.8300,1.0074,0.2740
1239,"POLYGON ((-100.0 22.5, -95.0 22.5, -95.0 27.5, -100.0 27.5, -100.0 22.5))",7.116900,26.458000,47.559000,15.061000,0.132330,5.300000,499.5000,1.1677,0.3178
1240,"POLYGON ((-95.0 22.5, -90.0 22.5, -90.0 27.5, -95.0 27.5, -95.0 22.5))",5.928700,25.936000,44.900000,16.206000,0.657500,5.547400,593.5300,1.4523,0.3955
1241,"POLYGON ((-90.0 22.5, -85.0 22.5, -85.0 27.5, -90.0 27.5, -90.0 22.5))",7.991000,22.289000,45.327000,16.376000,0.595450,7.088900,878.9500,1.7339,0.4723
1242,"POLYGON ((-85.0 22.5, -80.0 22.5, -80.0 27.5, -85.0 27.5, -85.0 22.5))",8.596100,16.765000,43.595000,14.615000,1.479000,10.953000,1021.4000,2.4858,0.6776
1243,"POLYGON ((-80.0 22.5, -75.0 22.5, -75.0 27.5, -80.0 27.5, -80.0 22.5))",11.103000,17.186000,41.663000,13.443000,1.963500,13.350000,1267.1000,2.8728,0.7833
1244,"POLYGON ((-75.0 22.5, -70.0 22.5, -70.0 27.5, -75.0 27.5, -75.0 22.5))",8.712400,15.120000,41.441000,14.749000,2.700800,16.064000,1546.8000,3.8080,1.0386
1245,"POLYGON ((-70.0 22.5, -65.0 22.5, -65.0 27.5, -70.0 27.5, -70.0 22.5))",9.241200,10.632000,39.559000,12.692000,3.079700,19.865000,1706.9000,3.7541,1.0239
1246,"POLYGON ((-65.0 22.5, -60.0 22.5, -60.0 27.5, -65.0 27.5, -65.0 22.5))",6.455300,11.091000,33.949000,10.333000,6.367000,22.343000,1693.3000,3.9912,1.0886
1247,"POLYGON ((-60.0 22.5, -55.0 22.5, -55.0 27.5, -60.0 27.5, -60.0 22.5))",4.649700,6.175200,33.889000,11.643000,7.638700,25.860000,2083.7000,4.9361,1.3466
1248,"POLYGON ((-55.0 22.5, -50.0 22.5, -50.0 27.5, -55.0 27.5, -55.0 22.5))",12.719000,12.160000,34.206000,12.886000,4.112200,22.053000,2969.1000,7.1806,1.9593
1249,"POLYGON ((-50.0 22.5, -45.0 22.5, -45.0 27.5, -50.0 27.5, -50.0 22.5))",10.248000,12.221000,37.823000,12.571000,4.016600,21.759000,3450.3000,8.3721,2.2846
1250,"POLYGON ((-45.0 22.5, -40.0 22.5, -40.0 27.5, -45.0 27.5, -45.0 22.5))",12.741000,9.970400,35.701000,10.926000,4.590400,21.517000,2266.6000,6.8227,1.8616
1251,"POLYGON ((-40.0 22.5, -35.0 22.5, -35.0 27.5, -40.0 27.5, -40.0 22.5))",8.237400,6.948100,33.413000,14.147000,5.907400,23.160000,2269.3000,5.5400,1.5114
1252,"POLYGON ((-35.0 22.5, -30.0 22.5, -30.0 27.5, -35.0 27.5, -35.0 22.5))",7.948400,9.576400,35.798000,13.518000,4.784200,23.121000,1946.3000,5.4219,1.4792
1253,"POLYGON ((-30.0 22.5, -25.0 22.5, -25.0 27.5, -30.0 27.5, -30.0 22.5))",9.677600,3.055800,39.267000,15.709000,5.263100,23.414000,1949.9000,5.5262,1.5077
1254,"POLYGON ((-25.0 22.5, -20.0 22.5, -20.0 27.5, -25.0 27.5, -25.0 22.5))",7.881700,10.173000,36.558000,14.371000,5.091500,21.689000,2046.8000,5.4748,1.4936
1255,"POLYGON ((-20.0 22.5, -15.0 22.5, -15.0 27.5, -20.0 27.5, -20.0 22.5))",10.644000,8.732400,38.811000,10.977000,5.335100,21.555000,1965.8000,5.4825,1.4957
1256,"POLYGON ((-15.0 22.5, -10.0 22.5, -10.0 27.5, -15.0 27.5, -15.0 22.5))",9.674200,14.727000,39.366000,12.142000,3.008200,20.093000,2398.9000,6.3212,1.7247
1257,"POLYGON ((-10.0 22.5, -5.0 22.5, -5.0 27.5, -10.0 27.5, -10.0 22.5))",10.479000,14.060000,40.667000,16.591000,2.631500,18.098000,2780.2000,7.7769,2.1221
1258,"POLYGON ((-5.0 22.5, 0.0 22.5, 0.0 27.5, -5.0 27.5, -5.0 22.5))",10.776000,18.719000,38.834000,17.999000,2.581800,14.293000,2901.8000,7.8542,2.1432
1259,"POLYGON ((0.0 22.5, 5.0 22.5, 5.0 27.5, 0.0 27.5, 0.0 22.5))",13.006000,18.323000,40.572000,14.685000,1.955600,13.977000,2226.0000,6.1562,1.6796
1260,"POLYGON ((5.0 22.5, 10.0 22.5, 10.0 27.5, 5.0 27.5, 5.0 22.5))",10.925000,15.323000,38.180000,13.525000,3.136500,15.927000,1704.5000,4.2382,1.1560
1261,"POLYGON ((10.0 22.5, 15.0 22.5, 15.0 27.5, 10.0 27.5, 10.0 22.5))",11.955000,11.817000,40.628000,11.576000,1.985100,17.252000,1085.1000,2.5617,0.6983
1262,"POLYGON ((15.0 22.5, 20.0 22.5, 20.0 27.5, 15.0 27.5, 15.0 22.5))",9.716100,2.260900,45.098000,15.869000,2.369500,20.693000,891.4500,1.6197,0.4412
1263,"POLYGON ((20.0 22.5, 25.0 22.5, 25.0 27.5, 20.0 27.5, 20.0 22.5))",12.117000,15.472000,39.819000,7.943800,2.442300,17.475000,712.0700,1.5512,0.4225
1264,"POLYGON ((25.0 22.5, 30.0 22.5, 30.0 27.5, 25.0 27.5, 25.0 22.5))",9.996700,14.248000,37.006000,12.118000,3.290500,16.410000,903.1700,1.6374,0.4460
1265,"POLYGON ((30.0 22.5, 35.0 22.5, 35.0 27.5, 30.0 27.5, 30.0 22.5))",9.453600,15.677000,45.391000,15.281000,2.197300,11.452000,1000.7000,2.4131,0.6578
1266,"POLYGON ((35.0 22.5, 40.0 22.5, 40.0 27.5, 35.0 27.5, 35.0 22.5))",9.812100,22.357000,44.069000,16.143000,0.914860,8.466400,1062.6000,2.4521,0.6684
1267,"POLYGON ((40.0 22.5, 45.0 22.5, 45.0 27.5, 40.0 27.5, 40.0 22.5))",6.102000,26.702000,44.046000,14.737000,0.822890,7.817400,1042.8000,2.2676,0.6180
1268,"POLYGON ((45.0 22.5, 50.0 22.5, 50.0 27.5, 45.0 27.5, 45.0 22.5))",10.196000,24.416000,41.353000,13.920000,0.876930,7.127900,690.7300,1.9218,0.5236
1269,"POLYGON ((50.0 22.5, 55.0 22.5, 55.0 27.5, 50.0 27.5, 50.0 22.5))",10.788000,23.349000,40.779000,14.381000,0.936670,8.251600,558.5400,1.2506,0.3404
1270,"POLYGON ((55.0 22.5, 60.0 22.5, 60.0 27.5, 55.0 27.5, 55.0 22.5))",7.826500,23.516000,41.142000,14.010000,0.910470,9.630200,594.1700,0.9518,0.2589
1271,"POLYGON ((60.0 22.5, 65.0 22.5, 65.0 27.5, 60.0 27.5, 60.0 22.5))",10.466000,17.658000,44.964000,15.364000,0.728120,9.690800,445.9600,0.9868,0.2684
1272,"POLYGON ((65.0 22.5, 70.0 22.5, 70.0 27.5, 65.0 27.5, 65.0 22.5))",10.665000,18.232000,43.712000,15.622000,0.352460,9.233300,454.6100,1.0760,0.2927
1273,"POLYGON ((70.0 22.5, 75.0 22.5, 75.0 27.5, 70.0 27.5, 70.0 22.5))",8.360700,20.050000,46.762000,16.954000,0.527750,7.344200,481.5100,1.0935,0.2975
1274,"POLYGON ((75.0 22.5, 80.0 22.5, 80.0 27.5, 75.0 27.5, 75.0 22.5))",9.028200,27.756000,41.171000,15.146000,0.480040,6.210900,259.4600,0.9460,0.2573
1275,"POLYGON ((80.0 22.5, 85.0 22.5, 85.0 27.5, 80.0 27.5, 80.0 22.5))",9.913600,26.388000,43.785000,13.574000,0.208010,5.703500,313.9300,0.7491,0.2035
1276,"POLYGON ((85.0 22.5, 90.0 22.5, 90.0 27.5, 85.0 27.5, 85.0 22.5))",7.036300,21.713000,46.519000,17.862000,0.826620,6.812500,358.3800,0.7492,0.2035
1277,"POLYGON ((90.0 22.5, 95.0 22.5, 95.0 27.5, 90.0 27.5, 90.0 22.5))",8.148700,23.401000,43.987000,15.222000,0.539630,7.360900,452.5900,0.9072,0.2467
1278,"POLYGON ((95.0 22.5, 100.0 22.5, 100.0 27.5, 95.0 27.5, 95.0 22.5))",9.273000,23.951000,43.535000,15.251000,0.681540,7.934200,395.0500,0.6704,0.1820
1279,"POLYGON ((100.0 22.5, 105.0 22.5, 105.0 27.5, 100.0 27.5, 100.0 22.5))",8.307300,20.753000,44.158000,15.732000,0.900090,8.662800,272.1900,0.8283,0.2251
1280,"POLYGON ((105.0 22.5, 110.0 22.5, 110.0 27.5, 105.0 27.5, 105.0 22.5))",6.906200,22.967000,43.780000,17.899000,0.200650,8.178800,491.0900,0.6285,0.1706
1281,"POLYGON ((110.0 22.5, 115.0 22.5, 115.0 27.5, 110.0 27.5, 110.0 22.5))",5.623000,27.815000,43.355000,16.632000,0.440790,6.353500,387.2300,0.7198,0.1955
1282,"POLYGON ((115.0 22.5, 120.0 22.5, 120.0 27.5, 115.0 27.5, 115.0 22.5))",4.842400,26.899000,43.792000,17.946000,0.238930,5.699000,464.4700,0.5648,0.1532
1283,"POLYGON ((120.0 22.5, 125.0 22.5, 125.0 27.5, 120.0 27.5, 120.0 22.5))",8.892800,24.055000,46.610000,15.414000,0.000000,5.157400,208.5500,0.5928,0.1608
1284,"POLYGON ((125.0 22.5, 130.0 22.5, 130.0 27.5, 125.0 27.5, 125.0 22.5))",4.616000,25.044000,44.792000,16.822000,0.509420,5.534300,335.1900,0.5236,0.1419
1285,"POLYGON ((130.0 22.5, 135.0 22.5, 135.0 27.5, 130.0 27.5, 130.0 22.5))",3.924100,20.000000,47.649000,19.938000,0.597540,5.717700,366.6000,0.8429,0.2291
1286,"POLYGON ((135.0 22.5, 140.0 22.5, 140.0 27.5, 135.0 27.5, 135.0 22.5))",6.429600,32.946000,42.496000,13.883000,0.353200,3.536000,390.6800,0.6080,0.1650
1287,"POLYGON ((140.0 22.5, 145.0 22.5, 145.0 27.5, 140.0 27.5, 140.0 22.5))",4.714200,29.598000,42.797000,15.159000,0.320240,5.315200,614.5500,0.6090,0.1653
1288,"POLYGON ((145.0 22.5, 150.0 22.5, 150.0 27.5, 145.0 27.5, 145.0 22.5))",4.992600,18.526000,43.807000,18.308000,0.640750,8.041200,575.1000,0.9188,0.2498
1289,"POLYGON ((150.0 22.5, 155.0 22.5, 155.0 27.5, 150.0 27.5, 150.0 22.5))",11.009000,20.587000,41.514000,15.225000,0.435960,7.292400,351.8800,0.9698,0.2638
1290,"POLYGON ((155.0 22.5, 160.0 22.5, 160.0 27.5, 155.0 27.5, 155.0 22.5))",8.842900,23.440000,45.018000,17.942000,0.131640,5.536100,412.9200,0.8130,0.2209
1291,"POLYGON ((160.0 22.5, 165.0 22.5, 165.0 27.5, 160.0 27.5, 160.0 22.5))",8.662500,25.737000,42.027000,18.212000,0.325630,5.720600,149.0400,0.8928,0.2427
1292,"POLYGON ((165.0 22.5, 170.0 22.5, 170.0 27.5, 165.0 27.5, 165.0 22.5))",6.955200,26.737000,43.975000,18.097000,0.288620,4.294700,280.8500,0.7083,0.1924
1293,"POLYGON ((170.0 22.5, 175.0 22.5, 175.0 27.5, 170.0 27.5, 170.0 22.5))",4.775100,25.758000,44.888000,18.247000,0.443790,4.349300,319.0000,0.6311,0.1713
1294,"POLYGON ((175.0 22.5, 180.0 22.5, 180.0 27.5, 175.0 27.5, 175.0 22.5))",7.770800,22.962000,46.237000,16.988000,0.433670,4.615600,145.4900,0.8123,0.2208
1295,"POLYGON ((-180.0 27.5, -175.0 27.5, -175.0 32.5, -180.0 32.5, -180.0 27.5))",4.647700,32.628000,43.575000,14.560000,0.103220,3.549300,175.1300,0.5323,0.1443
1296,"POLYGON ((-175.0 27.5, -170.0 27.5, -170.0 32.5, -175.0 32.5, -175.0 27.5))",4.622500,29.872000,43.806000,14.601000,0.321080,4.113100,235.7200,0.5688,0.1543
1297,"POLYGON ((-170.0 27.5, -165.0 27.5, -165.0 32.5, -170.0 32.5, -170.0 27.5))",3.204200,28.701000,45.344000,16.633000,0.129380,3.950600,476.9200,0.1805,0.0483
1298,"POLYGON ((-165.0 27.5, -160.0 27.5, -160.0 32.5, -165.0 32.5, -165.0 27.5))",2.429700,29.609000,45.741000,14.702000,0.409250,4.194000,334.7800,0.3603,0.0974
1299,"POLYGON ((-160.0 27.5, -155.0 27.5, -155.0 32.5, -160.0 32.5, -160.0 27.5))",4.539600,25.133000,45.158000,18.246000,0.259710,4.351100,219.1900,0.4651,0.1260
1300,"POLYGON ((-155.0 27.5, -150.0 27.5, -150.0 32.5, -155.0 32.5, -155.0 27.5))",3.900800,27.721000,46.072000,15.587000,0.293700,4.366000,286.6100,0.5151,0.1396
1301,"POLYGON ((-150.0 27.5, -145.0 27.5, -145.0 32.5, -150.0 32.5, -150.0 27.5))",7.862100,24.343000,44.841000,15.475000,0.300690,4.807500,164.6100,0.6337,0.1720
1302,"POLYGON ((-145.0 27.5, -140.0 27.5, -140.0 32.5, -145.0 32.5, -145.0 27.5))",5.776000,25.868000,45.413000,15.908000,0.246120,4.753700,334.6800,0.4608,0.1248
1303,"POLYGON ((-140.0 27.5, -135.0 27.5, -135.0 32.5, -140.0 32.5, -140.0 27.5))",8.737800,29.359000,43.505000,14.403000,0.000000,3.887400,227.4800,0.4931,0.1336
1304,"POLYGON ((-135.0 27.5, -130.0 27.5, -130.0 32.5, -135.0 32.5, -135.0 27.5))",4.091300,27.977000,47.476000,15.249000,0.065151,4.087200,524.0300,0.3471,0.0937
1305,"POLYGON ((-130.0 27.5, -125.0 27.5, -125.0 32.5, -130.0 32.5, -130.0 27.5))",2.482600,29.387000,45.173000,16.097000,0.231480,3.999900,421.3500,0.5023,0.1361
1306,"POLYGON ((-125.0 27.5, -120.0 27.5, -120.0 32.5, -125.0 32.5, -125.0 27.5))",5.929200,24.579000,43.606000,18.474000,0.358600,5.233100,290.6500,0.8329,0.2264
1307,"POLYGON ((-120.0 27.5, -115.0 27.5, -115.0 32.5, -120.0 32.5, -120.0 27.5))",5.294700,30.416000,43.183000,14.819000,0.704940,4.404600,495.1200,1.0166,0.2765
1308,"POLYGON ((-115.0 27.5, -110.0 27.5, -110.0 32.5, -115.0 32.5, -115.0 27.5))",6.139600,26.258000,43.521000,17.266000,0.211020,5.483000,468.8000,0.8060,0.2190
1309,"POLYGON ((-110.0 27.5, -105.0 27.5, -105.0 32.5, -110.0 32.5, -110.0 27.5))",3.848400,27.301000,45.083000,16.956000,0.393940,4.890900,488.0600,1.0468,0.2848
1310,"POLYGON ((-105.0 27.5, -100.0 27.5, -100.0 32.5, -105.0 32.5, -105.0 27.5))",5.841100,24.447000,47.820000,16.458000,0.289460,5.009100,451.2000,1.2535,0.3412
1311,"POLYGON ((-100.0 27.5, -95.0 27.5, -95.0 32.5, -100.0 32.5, -100.0 27.5))",6.901900,31.738000,40.872000,15.739000,0.277450,4.970700,571.3400,1.4460,0.3937
1312,"POLYGON ((-95.0 27.5, -90.0 27.5, -90.0 32.5, -95.0 32.5, -95.0 27.5))",6.619600,24.847000,45.080000,17.702000,0.481530,6.369000,848.5000,1.8350,0.5000
1313,"POLYGON ((-90.0 27.5, -85.0 27.5, -85.0 32.5, -90.0 32.5, -90.0 27.5))",5.006000,29.982000,41.249000,15.404000,0.809690,7.755800,1125.3000,2.4399,0.6651
1314,"POLYGON ((-85.0 27.5, -80.0 27.5, -80.0 32.5, -85.0 32.5, -85.0 27.5))",7.343100,19.083000,39.779000,17.253000,2.138200,10.976000,1355.3000,3.1976,0.8720
1315,"POLYGON ((-80.0 27.5, -75.0 27.5, -75.0 32.5, -80.0 32.5, -80.0 27.5))",10.921000,14.081000,40.095000,13.850000,3.176900,14.122000,1363.4000,3.6267,0.9891
1316,"POLYGON ((-75.0 27.5, -70.0 27.5, -70.0 32.5, -75.0 32.5, -75.0 27.5))",9.835900,14.456000,42.374000,14.966000,2.225700,15.973000,1676.4000,4.2963,1.1719
1317,"POLYGON ((-70.0 27.5, -65.0 27.5, -65.0 32.5, -70.0 32.5, -70.0 27.5))",10.977000,13.309000,36.085000,13.369000,3.783400,19.202000,1568.7000,4.5825,1.2500
1318,"POLYGON ((-65.0 27.5, -60.0 27.5, -60.0 32.5, -65.0 32.5, -65.0 27.5))",6.814800,5.634300,37.959000,10.422000,6.326300,23.805000,1410.1000,3.9268,1.0710
1319,"POLYGON ((-60.0 27.5, -55.0 27.5, -55.0 32.5, -60.0 32.5, -60.0 27.5))",8.597200,2.990200,40.299000,9.415800,5.294200,24.200000,1866.6000,4.6643,1.2723
1320,"POLYGON ((-55.0 27.5, -50.0 27.5, -50.0 32.5, -55.0 32.5, -55.0 27.5))",8.212500,7.885800,37.685000,13.367000,4.736400,23.516000,2441.6000,5.9268,1.6170
1321,"POLYGON ((-50.0 27.5, -45.0 27.5, -45.0 32.5, -50.0 32.5, -50.0 27.5))",9.523500,4.672600,39.013000,13.031000,5.323000,23.352000,2284.0000,5.9851,1.6329
1322,"POLYGON ((-45.0 27.5, -40.0 27.5, -40.0 32.5, -45.0 32.5, -45.0 27.5))",6.441100,10.578000,36.313000,13.478000,4.650900,23.349000,2286.6000,5.6534,1.5424
1323,"POLYGON ((-40.0 27.5, -35.0 27.5, -35.0 32.5, -40.0 32.5, -40.0 27.5))",8.507300,10.217000,35.235000,12.913000,4.233100,22.872000,1935.5000,5.5480,1.5136
1324,"POLYGON ((-35.0 27.5, -30.0 27.5, -30.0 32.5, -35.0 32.5, -35.0 27.5))",13.427000,11.977000,35.068000,11.482000,4.400100,20.242000,1747.6000,5.0437,1.3759
1325,"POLYGON ((-30.0 27.5, -25.0 27.5, -25.0 32.5, -30.0 32.5, -30.0 27.5))",9.005100,8.229500,37.569000,11.370000,4.235300,24.287000,1857.8000,4.8283,1.3171
1326,"POLYGON ((-25.0 27.5, -20.0 27.5, -20.0 32.5, -25.0 32.5, -25.0 27.5))",5.984300,12.308000,32.249000,12.246000,5.824100,24.216000,1750.4000,4.7461,1.2947
1327,"POLYGON ((-20.0 27.5, -15.0 27.5, -15.0 32.5, -20.0 32.5, -20.0 27.5))",6.609800,11.165000,35.120000,12.362000,5.244100,24.191000,1664.4000,4.7091,1.2846
1328,"POLYGON ((-15.0 27.5, -10.0 27.5, -10.0 32.5, -15.0 32.5, -15.0 27.5))",10.341000,12.198000,38.558000,10.449000,4.469200,20.541000,1895.3000,5.2333,1.4277
1329,"POLYGON ((-10.0 27.5, -5.0 27.5, -5.0 32.5, -10.0 32.5, -10.0 27.5))",11.617000,12.745000,40.525000,15.718000,1.647800,18.906000,2160.2000,6.4546,1.7611
1330,"POLYGON ((-5.0 27.5, 0.0 27.5, 0.0 32.5, -5.0 32.5, -5.0 27.5))",10.136000,15.643000,41.089000,18.158000,2.448800,16.446000,2948.0000,7.5310,2.0549
1331,"POLYGON ((0.0 27.5, 5.0 27.5, 5.0 32.5, 0.0 32.5, 0.0 27.5))",9.774400,14.528000,40.961000,18.003000,2.521200,16.605000,3091.1000,7.8783,2.1498
1332,"POLYGON ((5.0 27.5, 10.0 27.5, 10.0 32.5, 5.0 32.5, 5.0 27.5))",9.721100,11.935000,39.763000,19.434000,1.997700,16.949000,2304.3000,5.7477,1.5681
1333,"POLYGON ((10.0 27.5, 15.0 27.5, 15.0 32.5, 10.0 32.5, 10.0 27.5))",12.601000,10.194000,41.013000,11.859000,2.560300,17.452000,1306.4000,3.2082,0.8749
1334,"POLYGON ((15.0 27.5, 20.0 27.5, 20.0 32.5, 15.0 32.5, 15.0 27.5))",11.697000,14.273000,39.392000,12.562000,2.146300,16.941000,955.5200,2.2935,0.6251
1335,"POLYGON ((20.0 27.5, 25.0 27.5, 25.0 32.5, 20.0 32.5, 20.0 27.5))",9.838000,15.893000,39.271000,11.304000,2.611100,16.550000,905.5400,1.8193,0.4957
1336,"POLYGON ((25.0 27.5, 30.0 27.5, 30.0 32.5, 25.0 32.5, 25.0 27.5))",9.995400,10.765000,42.524000,11.823000,3.493900,15.444000,895.7800,1.7492,0.4765
1337,"POLYGON ((30.0 27.5, 35.0 27.5, 35.0 32.5, 30.0 32.5, 30.0 27.5))",10.011000,20.894000,43.092000,17.288000,1.074300,11.261000,813.4000,1.8471,0.5033
1338,"POLYGON ((35.0 27.5, 40.0 27.5, 40.0 32.5, 35.0 32.5, 35.0 27.5))",10.466000,19.497000,43.756000,18.786000,0.911870,9.077700,1062.5000,2.3158,0.6312
1339,"POLYGON ((40.0 27.5, 45.0 27.5, 45.0 32.5, 40.0 32.5, 40.0 27.5))",11.971000,28.505000,43.954000,12.817000,0.552300,6.959200,741.9900,2.0358,0.5548
1340,"POLYGON ((45.0 27.5, 50.0 27.5, 50.0 32.5, 45.0 32.5, 45.0 27.5))",12.512000,18.614000,45.546000,14.491000,0.494920,7.639500,773.1400,1.8543,0.5052
1341,"POLYGON ((50.0 27.5, 55.0 27.5, 55.0 32.5, 50.0 32.5, 50.0 27.5))",10.387000,24.939000,42.337000,17.031000,0.184180,5.967000,627.5800,1.4230,0.3875
1342,"POLYGON ((55.0 27.5, 60.0 27.5, 60.0 32.5, 55.0 32.5, 55.0 27.5))",9.072500,24.788000,45.611000,15.509000,0.432820,5.974200,543.2300,1.1282,0.3070
1343,"POLYGON ((60.0 27.5, 65.0 27.5, 65.0 32.5, 60.0 32.5, 60.0 27.5))",9.667600,23.053000,43.426000,15.539000,0.277910,8.351400,554.1000,1.1379,0.3096
1344,"POLYGON ((65.0 27.5, 70.0 27.5, 70.0 32.5, 65.0 32.5, 65.0 27.5))",12.579000,25.412000,41.659000,13.469000,0.793630,7.018400,510.7500,1.0446,0.2842
1345,"POLYGON ((70.0 27.5, 75.0 27.5, 75.0 32.5, 70.0 32.5, 70.0 27.5))",9.326300,25.316000,43.667000,15.262000,0.158240,6.444800,406.6800,1.0228,0.2782
1346,"POLYGON ((75.0 27.5, 80.0 27.5, 80.0 32.5, 75.0 32.5, 75.0 27.5))",10.370000,25.964000,46.258000,12.272000,0.156710,5.754600,327.2900,0.8412,0.2286
1347,"POLYGON ((80.0 27.5, 85.0 27.5, 85.0 32.5, 80.0 32.5, 80.0 27.5))",8.333000,18.548000,47.775000,15.597000,0.718520,6.636900,412.4900,0.7041,0.1912
1348,"POLYGON ((85.0 27.5, 90.0 27.5, 90.0 32.5, 85.0 32.5, 85.0 27.5))",4.977300,26.254000,45.104000,14.655000,1.039300,7.444600,385.9300,0.9848,0.2679
1349,"POLYGON ((90.0 27.5, 95.0 27.5, 95.0 32.5, 90.0 32.5, 90.0 27.5))",5.653900,24.795000,42.212000,17.690000,0.877490,6.858200,472.0200,0.9210,0.2504
1350,"POLYGON ((95.0 27.5, 100.0 27.5, 100.0 32.5, 95.0 32.5, 95.0 27.5))",6.748400,23.023000,41.885000,16.965000,0.811240,7.760300,469.2100,0.7664,0.2082
1351,"POLYGON ((100.0 27.5, 105.0 27.5, 105.0 32.5, 100.0 32.5, 100.0 27.5))",9.149600,26.216000,42.065000,12.589000,0.623370,7.694600,324.7100,0.7312,0.1986
1352,"POLYGON ((105.0 27.5, 110.0 27.5, 110.0 32.5, 105.0 32.5, 105.0 27.5))",6.157000,27.370000,44.341000,14.116000,0.464550,6.594600,373.0500,0.7097,0.1928
1353,"POLYGON ((110.0 27.5, 115.0 27.5, 115.0 32.5, 110.0 32.5, 110.0 27.5))",7.117900,25.332000,43.341000,17.517000,0.397670,6.459500,367.9200,0.5649,0.1532
1354,"POLYGON ((115.0 27.5, 120.0 27.5, 120.0 32.5, 115.0 32.5, 115.0 27.5))",5.055000,27.244000,42.359000,17.749000,0.478430,5.490700,453.6700,0.5368,0.1455
1355,"POLYGON ((120.0 27.5, 125.0 27.5, 125.0 32.5, 120.0 32.5, 120.0 27.5))",7.173900,26.379000,45.715000,15.109000,0.190750,5.000800,402.8600,0.6143,0.1667
1356,"POLYGON ((125.0 27.5, 130.0 27.5, 130.0 32.5, 125.0 32.5, 125.0 27.5))",6.168900,26.441000,44.119000,16.462000,0.342240,4.991300,343.4100,0.7789,0.2116
1357,"POLYGON ((130.0 27.5, 135.0 27.5, 135.0 32.5, 130.0 32.5, 130.0 27.5))",3.563200,33.491000,40.853000,16.476000,0.402610,4.592200,421.2700,0.6753,0.1834
1358,"POLYGON ((135.0 27.5, 140.0 27.5, 140.0 32.5, 135.0 32.5, 135.0 27.5))",8.503200,26.086000,47.879000,15.343000,0.044980,4.546700,371.5300,0.7750,0.2106
1359,"POLYGON ((140.0 27.5, 145.0 27.5, 145.0 32.5, 140.0 32.5, 140.0 27.5))",6.900000,21.321000,44.894000,19.569000,0.461960,5.962300,230.2400,0.8404,0.2284
1360,"POLYGON ((145.0 27.5, 150.0 27.5, 150.0 32.5, 145.0 32.5, 145.0 27.5))",9.146200,23.156000,43.324000,15.718000,0.096431,7.027200,563.8300,0.7772,0.2112
1361,"POLYGON ((150.0 27.5, 155.0 27.5, 155.0 32.5, 150.0 32.5, 150.0 27.5))",4.979000,22.805000,41.418000,18.865000,1.254000,7.429800,313.6200,0.8305,0.2257
1362,"POLYGON ((155.0 27.5, 160.0 27.5, 160.0 32.5, 155.0 32.5, 155.0 27.5))",5.998200,19.701000,46.207000,20.575000,0.295610,6.880600,456.5800,0.7311,0.1986
1363,"POLYGON ((160.0 27.5, 165.0 27.5, 165.0 32.5, 160.0 32.5, 160.0 27.5))",8.789000,28.784000,41.705000,18.472000,0.155430,5.020900,253.5200,0.5042,0.1366
1364,"POLYGON ((165.0 27.5, 170.0 27.5, 170.0 32.5, 165.0 32.5, 165.0 27.5))",5.069100,29.285000,41.643000,18.040000,0.075745,5.217400,338.4600,0.4833,0.1309
1365,"POLYGON ((170.0 27.5, 175.0 27.5, 175.0 32.5, 170.0 32.5, 170.0 27.5))",7.467400,30.653000,40.074000,18.122000,0.040372,4.156700,272.1100,0.6380,0.1732
1366,"POLYGON ((175.0 27.5, 180.0 27.5, 180.0 32.5, 175.0 32.5, 175.0 27.5))",4.782000,27.304000,43.080000,18.532000,0.458180,4.031600,280.5200,0.5747,0.1559
1367,"POLYGON ((-180.0 32.5, -174.0 32.5, -174.0 37.5, -180.0 37.5, -180.0 32.5))",5.070100,21.518000,48.280000,17.818000,0.198450,4.707700,235.8100,0.4856,0.1316
1368,"POLYGON ((-174.0 32.5, -168.0 32.5, -168.0 37.5, -174.0 37.5, -174.0 32.5))",6.721800,25.646000,42.781000,16.422000,0.078849,4.428600,154.4800,0.5759,0.1562
1369,"POLYGON ((-168.0 32.5, -162.0 32.5, -162.0 37.5, -168.0 37.5, -168.0 32.5))",4.318400,24.653000,47.978000,16.355000,0.000000,3.915600,294.4000,0.2527,0.0680
1370,"POLYGON ((-162.0 32.5, -156.0 32.5, -156.0 37.5, -162.0 37.5, -162.0 32.5))",3.447400,27.678000,45.294000,16.529000,0.270720,4.023400,304.5600,0.2869,0.0773
1371,"POLYGON ((-156.0 32.5, -150.0 32.5, -150.0 37.5, -156.0 37.5, -156.0 32.5))",5.237300,30.759000,39.401000,15.944000,0.760790,4.064700,182.9800,0.3950,0.1068
1372,"POLYGON ((-150.0 32.5, -144.0 32.5, -144.0 37.5, -150.0 37.5, -150.0 32.5))",5.014500,26.939000,44.744000,15.437000,0.320990,4.485100,184.2400,0.5291,0.1434
1373,"POLYGON ((-144.0 32.5, -138.0 32.5, -138.0 37.5, -144.0 37.5, -144.0 32.5))",1.996000,30.261000,44.094000,16.508000,0.086565,3.876600,495.3100,0.5213,0.1413
1374,"POLYGON ((-138.0 32.5, -132.0 32.5, -132.0 37.5, -138.0 37.5, -138.0 32.5))",4.331100,26.280000,44.020000,15.916000,0.422730,4.293500,142.5200,0.6681,0.1814
1375,"POLYGON ((-132.0 32.5, -126.0 32.5, -126.0 37.5, -132.0 37.5, -132.0 32.5))",2.159100,28.877000,45.599000,16.245000,0.425520,4.449600,337.0400,0.5365,0.1454
1376,"POLYGON ((-126.0 32.5, -120.0 32.5, -120.0 37.5, -126.0 37.5, -126.0 32.5))",4.215800,23.377000,45.494000,18.991000,0.139300,5.659400,361.4600,0.7766,0.2110
1377,"POLYGON ((-120.0 32.5, -114.0 32.5, -114.0 37.5, -120.0 37.5, -120.0 32.5))",6.393700,27.238000,43.631000,16.341000,0.080803,5.028100,414.3600,0.7652,0.2079
1378,"POLYGON ((-114.0 32.5, -108.0 32.5, -108.0 37.5, -114.0 37.5, -114.0 32.5))",5.168000,26.328000,43.717000,18.036000,0.299260,4.569400,466.5500,0.9315,0.2533
1379,"POLYGON ((-108.0 32.5, -102.0 32.5, -102.0 37.5, -108.0 37.5, -108.0 32.5))",4.071500,28.333000,42.915000,18.408000,0.310950,4.819500,690.9500,0.9311,0.2532
1380,"POLYGON ((-102.0 32.5, -96.0 32.5, -96.0 37.5, -102.0 37.5, -102.0 32.5))",5.515200,27.017000,43.571000,18.291000,0.348870,4.700300,578.6800,1.1106,0.3022
1381,"POLYGON ((-96.0 32.5, -90.0 32.5, -90.0 37.5, -96.0 37.5, -96.0 32.5))",5.831700,26.787000,46.203000,16.764000,0.490910,4.912900,663.1400,1.6899,0.4604
1382,"POLYGON ((-90.0 32.5, -84.0 32.5, -84.0 37.5, -90.0 37.5, -90.0 32.5))",7.625900,29.696000,39.959000,17.381000,0.557940,6.818600,1173.2000,2.5989,0.7085
1383,"POLYGON ((-84.0 32.5, -78.0 32.5, -78.0 37.5, -84.0 37.5, -84.0 32.5))",9.953300,18.866000,41.458000,15.997000,1.696900,11.123000,1592.3000,3.8696,1.0554
1384,"POLYGON ((-78.0 32.5, -72.0 32.5, -72.0 37.5, -78.0 37.5, -78.0 32.5))",9.706600,17.628000,37.485000,13.526000,2.839500,16.049000,1559.8000,4.4637,1.2176
1385,"POLYGON ((-72.0 32.5, -66.0 32.5, -66.0 37.5, -72.0 37.5, -72.0 32.5))",10.713000,14.869000,39.555000,12.079000,2.526400,17.402000,1590.2000,4.5992,1.2546
1386,"POLYGON ((-66.0 32.5, -60.0 32.5, -60.0 37.5, -66.0 37.5, -66.0 32.5))",6.197000,8.442300,37.218000,14.911000,4.660400,21.601000,1575.5000,4.2337,1.1548
1387,"POLYGON ((-60.0 32.5, -54.0 32.5, -54.0 37.5, -60.0 37.5, -60.0 32.5))",8.310400,9.733500,34.626000,11.738000,5.106300,21.791000,1578.3000,4.5767,1.2484
1388,"POLYGON ((-54.0 32.5, -48.0 32.5, -48.0 37.5, -54.0 37.5, -54.0 32.5))",9.134000,8.396100,38.147000,10.689000,4.227300,21.325000,1743.2000,5.1399,1.4022
1389,"POLYGON ((-48.0 32.5, -42.0 32.5, -42.0 37.5, -48.0 37.5, -48.0 32.5))",12.736000,6.539000,37.906000,14.193000,3.998100,19.446000,2069.3000,6.1668,1.6825
1390,"POLYGON ((-42.0 32.5, -36.0 32.5, -36.0 37.5, -42.0 37.5, -42.0 32.5))",9.666100,14.396000,37.681000,13.583000,3.099000,18.943000,2309.8000,6.0793,1.6587
1391,"POLYGON ((-36.0 32.5, -30.0 32.5, -30.0 37.5, -36.0 37.5, -36.0 32.5))",8.623700,8.038100,35.859000,14.969000,4.568000,21.850000,1843.1000,4.7490,1.2955
1392,"POLYGON ((-30.0 32.5, -24.0 32.5, -24.0 37.5, -30.0 37.5, -30.0 32.5))",6.426900,6.320800,38.628000,12.305000,5.081500,23.830000,1642.8000,4.1391,1.1290
1393,"POLYGON ((-24.0 32.5, -18.0 32.5, -18.0 37.5, -24.0 37.5, -24.0 32.5))",8.423800,7.262200,34.552000,12.934000,6.144500,23.037000,1533.1000,3.8792,1.0580
1394,"POLYGON ((-18.0 32.5, -12.0 32.5, -12.0 37.5, -18.0 37.5, -18.0 32.5))",10.264000,18.774000,36.215000,7.682300,2.977700,19.788000,1566.3000,3.9967,1.0901
1395,"POLYGON ((-12.0 32.5, -6.0 32.5, -6.0 37.5, -12.0 37.5, -12.0 32.5))",10.249000,9.818800,38.169000,16.142000,3.580200,18.510000,1937.5000,4.6868,1.2785
1396,"POLYGON ((-6.0 32.5, 0.0 32.5, 0.0 37.5, -6.0 37.5, -6.0 32.5))",8.017600,12.566000,37.073000,15.931000,3.623000,19.934000,2986.7000,7.7433,2.1129
1397,"POLYGON ((0.0 32.5, 6.0 32.5, 6.0 37.5, 0.0 37.5, 0.0 32.5))",9.722400,16.512000,39.249000,15.936000,2.289100,17.130000,3471.3000,9.1609,2.4999
1398,"POLYGON ((6.0 32.5, 12.0 32.5, 12.0 37.5, 6.0 37.5, 6.0 32.5))",7.563200,16.212000,43.090000,16.845000,1.367600,14.593000,2572.7000,6.1692,1.6832
1399,"POLYGON ((12.0 32.5, 18.0 32.5, 18.0 37.5, 12.0 37.5, 12.0 32.5))",11.219000,14.175000,41.560000,13.486000,1.933900,14.697000,1577.7000,3.7119,1.0123
1400,"POLYGON ((18.0 32.5, 24.0 32.5, 24.0 37.5, 18.0 37.5, 18.0 32.5))",10.729000,14.178000,42.185000,13.780000,1.970900,15.022000,1193.5000,2.5677,0.7000
1401,"POLYGON ((24.0 32.5, 30.0 32.5, 30.0 37.5, 24.0 37.5, 24.0 32.5))",12.208000,10.221000,39.890000,17.139000,2.119400,14.573000,956.7600,2.3424,0.6385
1402,"POLYGON ((30.0 32.5, 36.0 32.5, 36.0 37.5, 30.0 37.5, 30.0 32.5))",9.494800,15.814000,44.721000,16.224000,1.064400,12.500000,995.6100,2.1860,0.5958
1403,"POLYGON ((36.0 32.5, 42.0 32.5, 42.0 37.5, 36.0 37.5, 36.0 32.5))",9.987000,23.769000,43.038000,13.860000,0.780160,9.214400,1016.7000,1.9090,0.5202
1404,"POLYGON ((42.0 32.5, 48.0 32.5, 48.0 37.5, 42.0 37.5, 42.0 32.5))",11.909000,26.272000,41.252000,14.433000,0.543490,7.158500,893.3400,2.0325,0.5539
1405,"POLYGON ((48.0 32.5, 54.0 32.5, 54.0 37.5, 48.0 37.5, 48.0 32.5))",10.008000,20.248000,44.072000,18.179000,0.464080,6.920400,732.6500,1.6641,0.4533
1406,"POLYGON ((54.0 32.5, 60.0 32.5, 60.0 37.5, 54.0 37.5, 54.0 32.5))",11.964000,26.557000,42.129000,14.133000,0.217790,6.605500,392.8500,1.3231,0.3602
1407,"POLYGON ((60.0 32.5, 66.0 32.5, 66.0 37.5, 60.0 37.5, 60.0 32.5))",10.701000,24.699000,39.739000,15.913000,0.976300,6.513700,507.8700,1.5694,0.4274
1408,"POLYGON ((66.0 32.5, 72.0 32.5, 72.0 37.5, 66.0 37.5, 66.0 32.5))",5.827900,23.958000,44.209000,14.276000,0.847640,7.367800,698.0800,1.3475,0.3669
1409,"POLYGON ((72.0 32.5, 78.0 32.5, 78.0 37.5, 72.0 37.5, 72.0 32.5))",11.490000,24.848000,44.649000,12.696000,0.241490,5.966500,402.8300,0.9606,0.2612
1410,"POLYGON ((78.0 32.5, 84.0 32.5, 84.0 37.5, 78.0 37.5, 78.0 32.5))",9.818600,25.697000,43.402000,15.021000,0.516760,5.259300,294.4100,0.9398,0.2556
1411,"POLYGON ((84.0 32.5, 90.0 32.5, 90.0 37.5, 84.0 37.5, 84.0 32.5))",8.988800,23.529000,43.018000,16.321000,0.817230,6.433000,228.6300,1.0207,0.2777
1412,"POLYGON ((90.0 32.5, 96.0 32.5, 96.0 37.5, 90.0 37.5, 90.0 32.5))",6.523500,26.268000,44.309000,15.195000,0.278900,6.398000,314.3800,0.9383,0.2552
1413,"POLYGON ((96.0 32.5, 102.0 32.5, 102.0 37.5, 96.0 37.5, 96.0 32.5))",7.248900,23.960000,42.917000,15.350000,0.715850,6.690700,347.1300,0.8341,0.2267
1414,"POLYGON ((102.0 32.5, 108.0 32.5, 108.0 37.5, 102.0 37.5, 102.0 32.5))",5.627500,22.852000,44.506000,15.762000,0.652420,6.664400,365.3300,0.7000,0.1901
1415,"POLYGON ((108.0 32.5, 114.0 32.5, 114.0 37.5, 108.0 37.5, 108.0 32.5))",7.937000,21.679000,44.688000,18.311000,0.075681,6.041400,395.4600,0.6537,0.1774
1416,"POLYGON ((114.0 32.5, 120.0 32.5, 120.0 37.5, 114.0 37.5, 114.0 32.5))",6.833100,25.218000,45.379000,15.173000,0.497200,5.135300,237.4200,0.6079,0.1650
1417,"POLYGON ((120.0 32.5, 126.0 32.5, 126.0 37.5, 120.0 37.5, 120.0 32.5))",8.180000,27.323000,44.090000,16.886000,0.000000,4.069400,279.9700,0.6714,0.1823
1418,"POLYGON ((126.0 32.5, 132.0 32.5, 132.0 37.5, 126.0 37.5, 126.0 32.5))",2.017000,24.592000,45.000000,19.598000,0.555160,5.411100,528.1100,0.7874,0.2140
1419,"POLYGON ((132.0 32.5, 138.0 32.5, 138.0 37.5, 132.0 37.5, 132.0 32.5))",6.628200,26.707000,43.227000,18.577000,0.155350,4.669400,292.0700,0.7721,0.2098
1420,"POLYGON ((138.0 32.5, 144.0 32.5, 144.0 37.5, 138.0 37.5, 138.0 32.5))",5.056000,26.044000,46.428000,16.219000,0.168520,5.277300,383.3200,0.8149,0.2215
1421,"POLYGON ((144.0 32.5, 150.0 32.5, 150.0 37.5, 144.0 37.5, 144.0 32.5))",6.467800,28.807000,40.860000,17.092000,0.677150,5.530500,187.3200,0.7386,0.2006
1422,"POLYGON ((150.0 32.5, 156.0 32.5, 156.0 37.5, 150.0 37.5, 150.0 32.5))",4.013100,26.545000,43.183000,18.474000,0.602650,5.881800,455.0400,0.6154,0.1670
1423,"POLYGON ((156.0 32.5, 162.0 32.5, 162.0 37.5, 156.0 37.5, 156.0 32.5))",5.427100,29.131000,38.072000,18.607000,0.753090,5.804300,313.6000,0.7155,0.1943
1424,"POLYGON ((162.0 32.5, 168.0 32.5, 168.0 37.5, 162.0 37.5, 162.0 32.5))",7.520300,28.667000,42.431000,15.342000,0.109980,3.902800,248.1700,0.5823,0.1580
1425,"POLYGON ((168.0 32.5, 174.0 32.5, 174.0 37.5, 168.0 37.5, 168.0 32.5))",7.205300,28.941000,41.857000,15.271000,0.283160,4.163900,144.9600,0.6377,0.1731
1426,"POLYGON ((174.0 32.5, 180.0 32.5, 180.0 37.5, 174.0 37.5, 174.0 32.5))",6.002000,26.932000,44.323000,15.859000,0.221500,4.258100,163.2100,0.6418,0.1742
1427,"POLYGON ((-180.0 37.5, -174.0 37.5, -174.0 42.5, -180.0 42.5, -180.0 37.5))",6.345000,28.707000,40.902000,15.866000,0.412950,3.788100,345.8400,0.4831,0.1309
1428,"POLYGON ((-174.0 37.5, -168.0 37.5, -168.0 42.5, -174.0 42.5, -174.0 37.5))",4.615800,28.868000,44.183000,13.764000,0.151890,4.053100,111.6800,0.4785,0.1296
1429,"POLYGON ((-168.0 37.5, -162.0 37.5, -162.0 42.5, -168.0 42.5, -168.0 37.5))",4.300900,27.127000,41.511000,16.793000,0.451080,4.823800,274.0400,0.1985,0.0532
1430,"POLYGON ((-162.0 37.5, -156.0 37.5, -156.0 42.5, -162.0 42.5, -162.0 37.5))",2.932900,30.890000,42.649000,15.741000,0.445950,3.964800,306.4300,0.3977,0.1076
1431,"POLYGON ((-156.0 37.5, -150.0 37.5, -150.0 42.5, -156.0 42.5, -156.0 37.5))",3.963200,27.024000,44.595000,17.550000,0.205510,3.962900,195.8900,0.4195,0.1135
1432,"POLYGON ((-150.0 37.5, -144.0 37.5, -144.0 42.5, -150.0 42.5, -150.0 37.5))",3.344300,33.061000,41.670000,16.604000,0.049469,3.178300,286.2700,0.3149,0.0850
1433,"POLYGON ((-144.0 37.5, -138.0 37.5, -138.0 42.5, -144.0 42.5, -144.0 37.5))",4.099800,28.626000,42.216000,17.109000,0.229120,4.110200,306.6000,0.4585,0.1242
1434,"POLYGON ((-138.0 37.5, -132.0 37.5, -132.0 42.5, -138.0 42.5, -138.0 37.5))",5.908600,25.835000,46.391000,15.256000,0.243830,3.951500,225.7600,0.4440,0.1202
1435,"POLYGON ((-132.0 37.5, -126.0 37.5, -126.0 42.5, -132.0 42.5, -132.0 37.5))",6.914800,25.870000,45.928000,16.246000,0.000000,4.306300,265.3200,0.5820,0.1579
1436,"POLYGON ((-126.0 37.5, -120.0 37.5, -120.0 42.5, -126.0 42.5, -126.0 37.5))",3.469400,25.214000,48.542000,18.069000,0.154730,4.610100,406.7000,0.6639,0.1802
1437,"POLYGON ((-120.0 37.5, -114.0 37.5, -114.0 42.5, -120.0 42.5, -120.0 37.5))",2.000300,29.430000,44.478000,18.005000,0.361560,4.412900,595.2000,0.7602,0.2065
1438,"POLYGON ((-114.0 37.5, -108.0 37.5, -108.0 42.5, -114.0 42.5, -114.0 37.5))",3.850100,26.373000,46.259000,17.289000,0.313660,4.831800,341.1800,0.8762,0.2382
1439,"POLYGON ((-108.0 37.5, -102.0 37.5, -102.0 42.5, -108.0 42.5, -108.0 37.5))",6.380000,26.206000,43.752000,17.638000,0.099735,4.586600,434.1100,0.7879,0.2141
1440,"POLYGON ((-102.0 37.5, -96.0 37.5, -96.0 42.5, -102.0 42.5, -102.0 37.5))",6.763900,23.425000,44.893000,17.846000,0.581460,5.055500,551.8400,1.3292,0.3619
1441,"POLYGON ((-96.0 37.5, -90.0 37.5, -90.0 42.5, -96.0 42.5, -96.0 37.5))",8.605200,24.373000,46.432000,17.803000,0.189220,5.115000,755.6300,1.7004,0.4632
1442,"POLYGON ((-90.0 37.5, -84.0 37.5, -84.0 42.5, -90.0 42.5, -90.0 37.5))",5.710900,30.977000,41.386000,17.745000,0.439320,5.452300,1244.4000,2.5940,0.7072
1443,"POLYGON ((-84.0 37.5, -78.0 37.5, -78.0 42.5, -84.0 42.5, -84.0 37.5))",9.935800,21.704000,44.665000,12.237000,1.400500,9.597100,1714.4000,4.0878,1.1150
1444,"POLYGON ((-78.0 37.5, -72.0 37.5, -72.0 42.5, -78.0 42.5, -78.0 37.5))",4.755200,14.013000,40.557000,19.734000,3.091200,14.596000,1828.0000,4.6855,1.2781
1445,"POLYGON ((-72.0 37.5, -66.0 37.5, -66.0 42.5, -72.0 42.5, -72.0 37.5))",10.723000,16.020000,36.496000,12.053000,2.383900,17.063000,1436.3000,4.1288,1.1262
1446,"POLYGON ((-66.0 37.5, -60.0 37.5, -60.0 42.5, -66.0 42.5, -66.0 37.5))",9.712200,9.974200,39.790000,13.209000,2.967200,19.038000,1465.3000,3.6911,1.0067
1447,"POLYGON ((-60.0 37.5, -54.0 37.5, -54.0 42.5, -60.0 42.5, -60.0 37.5))",6.876700,7.853400,39.536000,12.433000,4.181700,20.822000,1501.0000,4.5231,1.2338
1448,"POLYGON ((-54.0 37.5, -48.0 37.5, -48.0 42.5, -54.0 42.5, -54.0 37.5))",6.412200,8.389400,39.204000,12.464000,4.613300,19.777000,2221.1000,5.9984,1.6366
1449,"POLYGON ((-48.0 37.5, -42.0 37.5, -42.0 42.5, -48.0 42.5, -48.0 37.5))",7.761100,19.598000,32.364000,16.003000,3.576000,18.405000,2989.3000,8.4342,2.3015
1450,"POLYGON ((-42.0 37.5, -36.0 37.5, -36.0 42.5, -42.0 42.5, -42.0 37.5))",10.157000,14.131000,42.371000,17.356000,2.042200,15.601000,2696.2000,7.2714,1.9841
1451,"POLYGON ((-36.0 37.5, -30.0 37.5, -30.0 42.5, -36.0 42.5, -36.0 37.5))",11.191000,13.701000,37.586000,11.081000,3.221900,17.635000,1829.8000,4.6903,1.2795
1452,"POLYGON ((-30.0 37.5, -24.0 37.5, -24.0 42.5, -30.0 42.5, -30.0 37.5))",9.023400,2.798900,38.763000,13.074000,5.122100,21.305000,1394.3000,3.9897,1.0882
1453,"POLYGON ((-24.0 37.5, -18.0 37.5, -18.0 42.5, -24.0 42.5, -24.0 37.5))",8.780400,4.192900,37.977000,13.691000,4.652300,22.460000,1561.2000,3.4943,0.9529
1454,"POLYGON ((-18.0 37.5, -12.0 37.5, -12.0 42.5, -18.0 42.5, -18.0 37.5))",8.426100,7.282800,38.021000,15.285000,3.807200,20.620000,1284.5000,3.3371,0.9100
1455,"POLYGON ((-12.0 37.5, -6.0 37.5, -6.0 42.5, -12.0 42.5, -12.0 37.5))",12.733000,9.808800,41.147000,14.208000,2.243900,17.595000,1602.3000,3.9008,1.0639
1456,"POLYGON ((-6.0 37.5, 0.0 37.5, 0.0 42.5, -6.0 42.5, -6.0 37.5))",10.997000,14.055000,36.156000,14.399000,2.772600,17.349000,2279.6000,6.0042,1.6381
1457,"POLYGON ((0.0 37.5, 6.0 37.5, 6.0 42.5, 0.0 42.5, 0.0 37.5))",11.159000,16.294000,38.503000,15.759000,1.935300,13.724000,2575.3000,6.8460,1.8679
1458,"POLYGON ((6.0 37.5, 12.0 37.5, 12.0 42.5, 6.0 42.5, 6.0 37.5))",8.738600,24.514000,36.325000,16.048000,1.722100,12.125000,2136.7000,5.6423,1.5393
1459,"POLYGON ((12.0 37.5, 18.0 37.5, 18.0 42.5, 12.0 42.5, 12.0 37.5))",11.823000,18.244000,42.224000,18.217000,0.977760,10.860000,1458.2000,4.0019,1.0915
1460,"POLYGON ((18.0 37.5, 24.0 37.5, 24.0 42.5, 18.0 42.5, 18.0 37.5))",11.244000,17.742000,44.887000,14.654000,1.096500,11.710000,1417.6000,3.1930,0.8707
1461,"POLYGON ((24.0 37.5, 30.0 37.5, 30.0 42.5, 24.0 42.5, 24.0 37.5))",10.520000,15.589000,41.901000,15.447000,1.620700,12.979000,1125.7000,2.7718,0.7557
1462,"POLYGON ((30.0 37.5, 36.0 37.5, 36.0 42.5, 30.0 42.5, 30.0 37.5))",11.081000,21.610000,40.183000,14.773000,1.249800,11.392000,983.8400,2.3299,0.6351
1463,"POLYGON ((36.0 37.5, 42.0 37.5, 42.0 42.5, 36.0 42.5, 36.0 37.5))",10.756000,27.068000,41.433000,12.406000,0.911220,8.083000,976.8100,2.1148,0.5764
1464,"POLYGON ((42.0 37.5, 48.0 37.5, 48.0 42.5, 42.0 42.5, 42.0 37.5))",9.196400,21.092000,45.092000,17.237000,0.349140,7.543900,1130.4000,2.2519,0.6138
1465,"POLYGON ((48.0 37.5, 54.0 37.5, 54.0 42.5, 48.0 42.5, 48.0 37.5))",11.669000,25.956000,37.407000,16.330000,0.735430,6.914100,783.9500,2.1548,0.5873
1466,"POLYGON ((54.0 37.5, 60.0 37.5, 60.0 42.5, 54.0 42.5, 54.0 37.5))",8.559000,22.224000,45.144000,16.080000,0.444830,6.720900,827.6700,1.5636,0.4259
1467,"POLYGON ((60.0 37.5, 66.0 37.5, 66.0 42.5, 60.0 42.5, 60.0 37.5))",8.714000,20.574000,44.492000,16.513000,0.523910,7.519000,645.4600,1.5673,0.4269
1468,"POLYGON ((66.0 37.5, 72.0 37.5, 72.0 42.5, 66.0 42.5, 66.0 37.5))",9.661300,23.064000,43.971000,15.347000,0.178200,6.652400,554.5900,1.4713,0.4007
1469,"POLYGON ((72.0 37.5, 78.0 37.5, 78.0 42.5, 72.0 42.5, 72.0 37.5))",9.923700,26.187000,42.723000,14.572000,0.523150,5.784600,503.5800,1.0410,0.2832
1470,"POLYGON ((78.0 37.5, 84.0 37.5, 84.0 42.5, 78.0 42.5, 78.0 37.5))",5.746500,25.204000,46.130000,15.641000,0.570560,5.299000,577.4700,0.9214,0.2505
1471,"POLYGON ((84.0 37.5, 90.0 37.5, 90.0 42.5, 84.0 42.5, 84.0 37.5))",6.784600,24.659000,42.931000,17.837000,0.682370,5.595700,466.6700,1.0282,0.2797
1472,"POLYGON ((90.0 37.5, 96.0 37.5, 96.0 42.5, 90.0 42.5, 90.0 37.5))",8.668400,28.233000,43.225000,15.322000,0.301170,3.948400,419.7900,0.9099,0.2474
1473,"POLYGON ((96.0 37.5, 102.0 37.5, 102.0 42.5, 96.0 42.5, 96.0 37.5))",5.371000,23.124000,44.368000,17.737000,0.469290,4.989100,335.4100,0.8239,0.2239
1474,"POLYGON ((102.0 37.5, 108.0 37.5, 108.0 42.5, 102.0 42.5, 102.0 37.5))",7.654000,24.649000,44.152000,15.681000,0.177720,5.250400,344.1900,0.5965,0.1618
1475,"POLYGON ((108.0 37.5, 114.0 37.5, 114.0 42.5, 108.0 42.5, 108.0 37.5))",7.247100,25.869000,41.925000,17.550000,0.332140,5.206600,330.8700,0.6140,0.1666
1476,"POLYGON ((114.0 37.5, 120.0 37.5, 120.0 42.5, 114.0 42.5, 114.0 37.5))",5.045100,25.326000,44.214000,16.907000,0.519840,5.243600,281.2800,0.7806,0.2121
1477,"POLYGON ((120.0 37.5, 126.0 37.5, 126.0 42.5, 120.0 42.5, 120.0 37.5))",5.916800,27.845000,42.314000,16.686000,0.155240,4.637300,403.2700,0.6798,0.1846
1478,"POLYGON ((126.0 37.5, 132.0 37.5, 132.0 42.5, 126.0 42.5, 126.0 37.5))",5.810900,27.032000,44.096000,16.480000,0.243490,4.407200,264.8900,0.7529,0.2046
1479,"POLYGON ((132.0 37.5, 138.0 37.5, 138.0 42.5, 132.0 42.5, 132.0 37.5))",4.786400,25.880000,42.077000,18.880000,0.491660,4.956800,382.3000,0.7833,0.2129
1480,"POLYGON ((138.0 37.5, 144.0 37.5, 144.0 42.5, 138.0 42.5, 138.0 37.5))",6.645900,24.343000,45.918000,17.391000,0.138050,4.726700,363.1100,0.6702,0.1820
1481,"POLYGON ((144.0 37.5, 150.0 37.5, 150.0 42.5, 144.0 42.5, 144.0 37.5))",7.594600,24.859000,44.635000,17.546000,0.569430,4.744300,244.9500,0.5158,0.1398
1482,"POLYGON ((150.0 37.5, 156.0 37.5, 156.0 42.5, 150.0 42.5, 150.0 37.5))",4.859000,27.499000,45.920000,16.144000,0.042220,5.217800,318.8400,0.3668,0.0991
1483,"POLYGON ((156.0 37.5, 162.0 37.5, 162.0 42.5, 156.0 42.5, 156.0 37.5))",5.417400,26.137000,45.042000,15.789000,0.228220,5.673100,314.5400,0.3816,0.1032
1484,"POLYGON ((162.0 37.5, 168.0 37.5, 168.0 42.5, 162.0 42.5, 162.0 37.5))",3.090900,26.725000,43.835000,17.770000,0.419970,4.932900,479.5700,0.6973,0.1894
1485,"POLYGON ((168.0 37.5, 174.0 37.5, 174.0 42.5, 168.0 42.5, 168.0 37.5))",6.131500,23.680000,45.175000,16.746000,0.458920,4.617900,251.5400,0.6983,0.1896
1486,"POLYGON ((174.0 37.5, 180.0 37.5, 180.0 42.5, 174.0 42.5, 174.0 37.5))",6.874900,24.879000,43.536000,16.302000,0.367980,4.721000,218.3900,0.6922,0.1880
1487,"POLYGON ((-180.0 42.5, -174.0 42.5, -174.0 47.5, -180.0 47.5, -180.0 42.5))",4.229500,26.614000,45.494000,14.644000,0.277900,4.215500,291.5500,0.5336,0.1447
1488,"POLYGON ((-174.0 42.5, -168.0 42.5, -168.0 47.5, -174.0 47.5, -174.0 42.5))",4.437700,29.015000,43.275000,15.407000,0.187850,3.565100,298.0100,0.3479,0.0940
1489,"POLYGON ((-168.0 42.5, -162.0 42.5, -162.0 47.5, -168.0 47.5, -168.0 42.5))",6.248400,27.655000,41.297000,15.497000,0.395550,4.184300,140.9100,0.5329,0.1445
1490,"POLYGON ((-162.0 42.5, -156.0 42.5, -156.0 47.5, -162.0 47.5, -162.0 42.5))",2.749500,26.285000,46.204000,16.951000,0.262040,4.612100,339.0500,0.3705,0.1001
1491,"POLYGON ((-156.0 42.5, -150.0 42.5, -150.0 47.5, -156.0 47.5, -156.0 42.5))",2.832400,29.766000,43.454000,15.351000,0.534530,4.244200,380.8900,0.2048,0.0549
1492,"POLYGON ((-150.0 42.5, -144.0 42.5, -144.0 47.5, -150.0 47.5, -150.0 42.5))",2.627700,25.792000,46.203000,17.228000,0.614700,3.903600,299.8500,0.3607,0.0975
1493,"POLYGON ((-144.0 42.5, -138.0 42.5, -138.0 47.5, -144.0 47.5, -144.0 42.5))",2.953300,28.819000,44.574000,17.247000,0.000000,4.010900,495.2000,0.4320,0.1169
1494,"POLYGON ((-138.0 42.5, -132.0 42.5, -132.0 47.5, -138.0 47.5, -138.0 42.5))",4.922500,30.712000,45.498000,14.126000,0.000000,3.637400,257.4200,0.2737,0.0737
1495,"POLYGON ((-132.0 42.5, -126.0 42.5, -126.0 47.5, -132.0 47.5, -132.0 42.5))",6.532600,27.190000,45.991000,14.487000,0.295840,4.393300,299.3600,0.3606,0.0974
1496,"POLYGON ((-126.0 42.5, -120.0 42.5, -120.0 47.5, -126.0 47.5, -126.0 42.5))",5.738200,27.820000,44.003000,17.757000,0.000000,4.412600,246.8500,0.6373,0.1730
1497,"POLYGON ((-120.0 42.5, -114.0 42.5, -114.0 47.5, -120.0 47.5, -120.0 42.5))",3.521000,27.194000,46.018000,16.838000,0.251850,4.758800,363.7500,0.8982,0.2442
1498,"POLYGON ((-114.0 42.5, -108.0 42.5, -108.0 47.5, -114.0 47.5, -114.0 42.5))",5.747100,27.923000,42.326000,17.435000,0.024750,4.289300,396.4400,0.8770,0.2384
1499,"POLYGON ((-108.0 42.5, -102.0 42.5, -102.0 47.5, -108.0 47.5, -108.0 42.5))",6.373900,27.422000,44.128000,16.646000,0.000000,4.082900,462.4200,0.9486,0.2580
1500,"POLYGON ((-102.0 42.5, -96.0 42.5, -96.0 47.5, -102.0 47.5, -102.0 42.5))",7.783200,25.762000,42.302000,17.233000,0.168520,4.857700,602.6000,1.3468,0.3667
1501,"POLYGON ((-96.0 42.5, -90.0 42.5, -90.0 47.5, -96.0 47.5, -96.0 42.5))",8.080600,26.206000,42.733000,17.418000,0.482720,5.323200,835.9200,1.7850,0.4863
1502,"POLYGON ((-90.0 42.5, -84.0 42.5, -84.0 47.5, -90.0 47.5, -90.0 42.5))",6.967000,28.187000,43.600000,14.859000,0.502220,5.767900,1150.9000,2.6847,0.7319
1503,"POLYGON ((-84.0 42.5, -78.0 42.5, -78.0 47.5, -84.0 47.5, -84.0 42.5))",10.321000,23.171000,42.780000,15.866000,0.653090,7.784000,1556.3000,3.7279,1.0167
1504,"POLYGON ((-78.0 42.5, -72.0 42.5, -72.0 47.5, -78.0 47.5, -78.0 42.5))",13.056000,14.891000,40.232000,14.202000,1.623300,12.780000,1474.7000,4.2732,1.1656
1505,"POLYGON ((-72.0 42.5, -66.0 42.5, -66.0 47.5, -72.0 47.5, -72.0 42.5))",9.683800,15.666000,40.296000,12.722000,2.060900,15.222000,1419.5000,3.9697,1.0827
1506,"POLYGON ((-66.0 42.5, -60.0 42.5, -60.0 47.5, -66.0 47.5, -66.0 42.5))",11.164000,14.379000,37.881000,13.235000,1.550200,16.982000,1474.8000,3.7080,1.0113
1507,"POLYGON ((-60.0 42.5, -54.0 42.5, -54.0 47.5, -60.0 47.5, -60.0 42.5))",10.159000,10.209000,39.802000,13.041000,3.419400,17.595000,1674.9000,4.6897,1.2793
1508,"POLYGON ((-54.0 42.5, -48.0 42.5, -48.0 47.5, -54.0 47.5, -54.0 42.5))",5.753300,14.714000,38.771000,13.268000,3.252500,16.895000,2617.9000,6.5477,1.7865
1509,"POLYGON ((-48.0 42.5, -42.0 42.5, -42.0 47.5, -48.0 47.5, -48.0 42.5))",9.113500,17.118000,36.045000,17.149000,3.124200,15.473000,3057.3000,8.3223,2.2710
1510,"POLYGON ((-42.0 42.5, -36.0 42.5, -36.0 47.5, -42.0 47.5, -42.0 42.5))",11.434000,19.302000,40.974000,16.012000,1.348600,13.466000,2917.3000,7.6514,2.0878
1511,"POLYGON ((-36.0 42.5, -30.0 42.5, -30.0 47.5, -36.0 47.5, -36.0 42.5))",11.934000,16.390000,37.058000,12.904000,2.464000,15.371000,2137.1000,5.4141,1.4770
1512,"POLYGON ((-30.0 42.5, -24.0 42.5, -24.0 47.5, -30.0 47.5, -30.0 42.5))",12.801000,14.731000,36.351000,11.495000,2.755600,17.029000,1809.3000,4.5359,1.2373
1513,"POLYGON ((-24.0 42.5, -18.0 42.5, -18.0 47.5, -24.0 47.5, -24.0 42.5))",8.360900,11.131000,37.063000,12.232000,3.829800,20.266000,1610.7000,4.2093,1.1481
1514,"POLYGON ((-18.0 42.5, -12.0 42.5, -12.0 47.5, -18.0 47.5, -18.0 42.5))",9.846100,11.364000,37.966000,13.242000,3.115300,17.908000,1512.7000,3.8597,1.0527
1515,"POLYGON ((-12.0 42.5, -6.0 42.5, -6.0 47.5, -12.0 47.5, -12.0 42.5))",12.825000,12.796000,36.869000,14.437000,2.210100,15.952000,1591.7000,4.0606,1.1075
1516,"POLYGON ((-6.0 42.5, 0.0 42.5, 0.0 47.5, -6.0 47.5, -6.0 42.5))",10.992000,13.962000,40.116000,15.507000,2.045400,13.887000,1999.6000,4.9753,1.3572
1517,"POLYGON ((0.0 42.5, 6.0 42.5, 6.0 47.5, 0.0 47.5, 0.0 42.5))",9.009700,17.686000,40.647000,19.356000,1.940300,12.259000,2305.2000,6.0562,1.6523
1518,"POLYGON ((6.0 42.5, 12.0 42.5, 12.0 47.5, 6.0 47.5, 6.0 42.5))",9.250500,19.708000,40.632000,19.617000,1.162100,10.706000,2034.5000,5.2864,1.4422
1519,"POLYGON ((12.0 42.5, 18.0 42.5, 18.0 47.5, 12.0 47.5, 12.0 42.5))",12.642000,28.612000,37.458000,13.202000,1.269100,7.919000,1597.0000,4.1229,1.1246
1520,"POLYGON ((18.0 42.5, 24.0 42.5, 24.0 47.5, 18.0 47.5, 18.0 42.5))",9.535700,20.654000,42.893000,14.976000,1.076600,10.741000,1428.8000,3.6068,0.9837
1521,"POLYGON ((24.0 42.5, 30.0 42.5, 30.0 47.5, 24.0 47.5, 24.0 42.5))",9.315300,19.734000,41.632000,15.644000,1.609000,11.987000,1194.5000,2.8409,0.7746
1522,"POLYGON ((30.0 42.5, 36.0 42.5, 36.0 47.5, 30.0 47.5, 30.0 42.5))",8.634100,17.852000,43.521000,15.643000,1.462500,11.413000,1072.8000,2.4220,0.6602
1523,"POLYGON ((36.0 42.5, 42.0 42.5, 42.0 47.5, 36.0 47.5, 36.0 42.5))",14.003000,24.436000,38.892000,13.859000,0.322440,9.130300,1007.9000,2.4265,0.6614
1524,"POLYGON ((42.0 42.5, 48.0 42.5, 48.0 47.5, 42.0 47.5, 42.0 42.5))",8.750900,21.083000,45.344000,14.077000,1.193700,8.453500,943.7900,2.2735,0.6197
1525,"POLYGON ((48.0 42.5, 54.0 42.5, 54.0 47.5, 48.0 47.5, 48.0 42.5))",8.903400,19.924000,45.871000,16.823000,0.438020,8.280500,847.7400,2.0226,0.5512
1526,"POLYGON ((54.0 42.5, 60.0 42.5, 60.0 47.5, 54.0 47.5, 54.0 42.5))",6.962000,25.552000,40.802000,15.882000,0.622490,8.313800,922.4500,1.6816,0.4581
1527,"POLYGON ((60.0 42.5, 66.0 42.5, 66.0 47.5, 60.0 47.5, 60.0 42.5))",8.944800,27.070000,41.440000,14.134000,0.541220,6.674600,760.6500,1.5085,0.4108
1528,"POLYGON ((66.0 42.5, 72.0 42.5, 72.0 47.5, 66.0 47.5, 66.0 42.5))",10.738000,23.521000,41.728000,15.437000,0.392900,6.894100,526.4800,1.3505,0.3677
1529,"POLYGON ((72.0 42.5, 78.0 42.5, 78.0 47.5, 72.0 47.5, 72.0 42.5))",6.835300,28.667000,42.439000,14.938000,0.493990,5.147700,528.3600,1.2322,0.3354
1530,"POLYGON ((78.0 42.5, 84.0 42.5, 84.0 47.5, 78.0 47.5, 78.0 42.5))",5.868500,23.703000,45.177000,17.088000,0.608230,5.291400,562.1700,1.1486,0.3125
1531,"POLYGON ((84.0 42.5, 90.0 42.5, 90.0 47.5, 84.0 47.5, 84.0 42.5))",8.074700,28.218000,41.096000,15.757000,0.570260,5.022400,540.3000,0.9686,0.2634
1532,"POLYGON ((90.0 42.5, 96.0 42.5, 96.0 47.5, 90.0 47.5, 90.0 42.5))",8.291100,30.754000,41.866000,13.028000,0.325330,4.281500,424.6300,0.9538,0.2594
1533,"POLYGON ((96.0 42.5, 102.0 42.5, 102.0 47.5, 96.0 47.5, 96.0 42.5))",7.304400,26.608000,44.393000,14.160000,0.454440,4.409100,360.1800,0.8117,0.2206
1534,"POLYGON ((102.0 42.5, 108.0 42.5, 108.0 47.5, 102.0 47.5, 102.0 42.5))",6.917700,21.726000,44.680000,16.484000,0.499780,5.243300,342.6300,0.7887,0.2143
1535,"POLYGON ((108.0 42.5, 114.0 42.5, 114.0 47.5, 108.0 47.5, 108.0 42.5))",5.340600,24.439000,44.548000,16.789000,0.113430,5.377100,505.0300,0.7198,0.1955
1536,"POLYGON ((114.0 42.5, 120.0 42.5, 120.0 47.5, 114.0 47.5, 114.0 42.5))",4.749000,29.186000,42.863000,16.324000,0.551520,4.490300,475.2900,0.6335,0.1719
1537,"POLYGON ((120.0 42.5, 126.0 42.5, 126.0 47.5, 120.0 47.5, 120.0 42.5))",4.469800,28.983000,41.055000,19.253000,0.374460,3.762600,475.1700,0.5887,0.1597
1538,"POLYGON ((126.0 42.5, 132.0 42.5, 132.0 47.5, 126.0 47.5, 126.0 42.5))",6.349600,20.993000,46.356000,19.061000,0.000000,5.286400,353.9500,0.6367,0.1728
1539,"POLYGON ((132.0 42.5, 138.0 42.5, 138.0 47.5, 132.0 47.5, 132.0 42.5))",3.790500,24.095000,47.369000,17.967000,0.269320,3.966000,479.6000,0.6949,0.1887
1540,"POLYGON ((138.0 42.5, 144.0 42.5, 144.0 47.5, 138.0 47.5, 138.0 42.5))",6.021100,24.903000,43.318000,18.262000,0.502540,5.053600,354.8000,0.6095,0.1654
1541,"POLYGON ((144.0 42.5, 150.0 42.5, 150.0 47.5, 144.0 47.5, 144.0 42.5))",5.490900,28.094000,43.705000,17.321000,0.120240,4.992000,379.4600,0.5155,0.1397
1542,"POLYGON ((150.0 42.5, 156.0 42.5, 156.0 47.5, 150.0 47.5, 150.0 42.5))",2.533200,26.115000,42.926000,18.071000,0.822390,5.216100,455.0100,0.3814,0.1031
1543,"POLYGON ((156.0 42.5, 162.0 42.5, 162.0 47.5, 156.0 47.5, 156.0 42.5))",3.635900,25.527000,45.719000,17.938000,0.377910,5.526900,532.4800,0.3366,0.0909
1544,"POLYGON ((162.0 42.5, 168.0 42.5, 168.0 47.5, 162.0 47.5, 162.0 42.5))",6.788300,25.158000,44.238000,16.903000,0.115760,5.009600,342.3000,0.5590,0.1516
1545,"POLYGON ((168.0 42.5, 174.0 42.5, 174.0 47.5, 168.0 47.5, 168.0 42.5))",6.155100,28.861000,41.929000,16.227000,0.000000,4.725100,355.9800,0.6291,0.1708
1546,"POLYGON ((174.0 42.5, 180.0 42.5, 180.0 47.5, 174.0 47.5, 174.0 42.5))",7.733200,27.520000,44.153000,14.232000,0.000000,4.201900,74.2910,0.6197,0.1682
1547,"POLYGON ((-180.0 47.5, -172.5 47.5, -172.5 52.5, -180.0 52.5, -180.0 47.5))",3.828800,26.815000,42.827000,17.899000,0.272440,4.053000,337.1900,0.3903,0.1056
1548,"POLYGON ((-172.5 47.5, -165.0 47.5, -165.0 52.5, -172.5 52.5, -172.5 47.5))",5.638400,22.024000,43.542000,19.590000,0.305870,4.775100,185.0000,0.3966,0.1073
1549,"POLYGON ((-165.0 47.5, -157.5 47.5, -157.5 52.5, -165.0 52.5, -165.0 47.5))",6.320100,23.736000,45.086000,15.446000,0.327460,4.727400,291.2200,0.2925,0.0789
1550,"POLYGON ((-157.5 47.5, -150.0 47.5, -150.0 52.5, -157.5 52.5, -157.5 47.5))",6.821000,26.630000,44.379000,14.778000,0.005382,4.365500,36.0400,0.3930,0.1063
1551,"POLYGON ((-150.0 47.5, -142.5 47.5, -142.5 52.5, -150.0 52.5, -150.0 47.5))",3.619500,27.314000,46.289000,14.801000,0.287770,5.040100,333.4500,0.5490,0.1489
1552,"POLYGON ((-142.5 47.5, -135.0 47.5, -135.0 52.5, -142.5 52.5, -142.5 47.5))",4.876400,25.332000,42.869000,18.333000,0.291470,4.610800,380.9900,0.5698,0.1546
1553,"POLYGON ((-135.0 47.5, -127.5 47.5, -127.5 52.5, -135.0 52.5, -135.0 47.5))",4.522200,29.713000,43.912000,15.665000,0.191840,4.181000,224.5800,0.6694,0.1817
1554,"POLYGON ((-127.5 47.5, -120.0 47.5, -120.0 52.5, -127.5 52.5, -127.5 47.5))",7.278300,21.468000,46.690000,18.271000,0.000000,4.902100,229.1600,0.6838,0.1857
1555,"POLYGON ((-120.0 47.5, -112.5 47.5, -112.5 52.5, -120.0 52.5, -120.0 47.5))",5.631100,26.989000,45.859000,15.214000,0.517220,4.011600,272.9100,0.9617,0.2615
1556,"POLYGON ((-112.5 47.5, -105.0 47.5, -105.0 52.5, -112.5 52.5, -112.5 47.5))",5.489100,29.069000,41.703000,15.772000,0.380710,4.635800,502.0500,1.1258,0.3063
1557,"POLYGON ((-105.0 47.5, -97.5 47.5, -97.5 52.5, -105.0 52.5, -105.0 47.5))",6.682900,25.883000,43.465000,16.427000,0.673330,4.548000,560.0200,1.4688,0.4000
1558,"POLYGON ((-97.5 47.5, -90.0 47.5, -90.0 52.5, -97.5 52.5, -97.5 47.5))",6.086200,27.720000,45.216000,16.495000,0.000000,4.626100,950.3300,1.7212,0.4689
1559,"POLYGON ((-90.0 47.5, -82.5 47.5, -82.5 52.5, -90.0 52.5, -90.0 47.5))",6.261400,29.695000,41.810000,14.826000,0.615170,5.793300,1224.9000,2.4039,0.6553
1560,"POLYGON ((-82.5 47.5, -75.0 47.5, -75.0 52.5, -82.5 52.5, -82.5 47.5))",10.213000,21.159000,42.591000,16.235000,1.166100,8.570300,1294.8000,3.6112,0.9849
1561,"POLYGON ((-75.0 47.5, -67.5 47.5, -67.5 52.5, -75.0 52.5, -75.0 47.5))",8.975400,13.795000,39.897000,17.257000,1.752100,13.377000,1691.3000,4.6797,1.2766
1562,"POLYGON ((-67.5 47.5, -60.0 47.5, -60.0 52.5, -67.5 52.5, -67.5 47.5))",9.175100,12.451000,41.313000,15.873000,2.049300,13.932000,1606.1000,4.4710,1.2196
1563,"POLYGON ((-60.0 47.5, -52.5 47.5, -52.5 52.5, -60.0 52.5, -60.0 47.5))",10.535000,15.808000,36.690000,12.767000,2.176800,15.362000,1895.2000,5.2000,1.4186
1564,"POLYGON ((-52.5 47.5, -45.0 47.5, -45.0 52.5, -52.5 52.5, -52.5 47.5))",8.239700,11.915000,40.022000,14.409000,3.148900,14.897000,2348.8000,6.4848,1.7694
1565,"POLYGON ((-45.0 47.5, -37.5 47.5, -37.5 52.5, -45.0 52.5, -45.0 47.5))",12.173000,18.551000,36.266000,18.151000,1.825300,12.850000,2821.6000,7.9438,2.1677
1566,"POLYGON ((-37.5 47.5, -30.0 47.5, -30.0 52.5, -37.5 52.5, -37.5 47.5))",11.826000,25.541000,37.939000,14.784000,0.961590,11.767000,3135.8000,8.0560,2.1983
1567,"POLYGON ((-30.0 47.5, -22.5 47.5, -22.5 52.5, -30.0 52.5, -30.0 47.5))",9.466800,20.628000,40.888000,14.913000,1.873100,13.943000,3148.2000,8.0476,2.1960
1568,"POLYGON ((-22.5 47.5, -15.0 47.5, -15.0 52.5, -22.5 52.5, -22.5 47.5))",10.559000,13.415000,40.539000,17.595000,2.052600,15.724000,2535.4000,6.6748,1.8212
1569,"POLYGON ((-15.0 47.5, -7.5 47.5, -7.5 52.5, -15.0 52.5, -15.0 47.5))",13.365000,15.779000,39.897000,15.807000,1.801100,13.449000,2042.7000,5.4889,1.4975
1570,"POLYGON ((-7.5 47.5, 0.0 47.5, 0.0 52.5, -7.5 52.5, -7.5 47.5))",13.261000,19.552000,39.660000,15.521000,1.099300,12.930000,2158.5000,5.8119,1.5857
1571,"POLYGON ((0.0 47.5, 7.5 47.5, 7.5 52.5, 0.0 52.5, 0.0 47.5))",12.067000,16.110000,42.729000,16.267000,1.524800,12.050000,2196.0000,5.7524,1.5694
1572,"POLYGON ((7.5 47.5, 15.0 47.5, 15.0 52.5, 7.5 52.5, 7.5 47.5))",10.254000,15.774000,42.353000,13.622000,1.156100,13.665000,1791.2000,4.5591,1.2436
1573,"POLYGON ((15.0 47.5, 22.5 47.5, 22.5 52.5, 15.0 52.5, 15.0 47.5))",11.573000,22.626000,39.668000,13.158000,1.349100,10.817000,1598.8000,3.7913,1.0340
1574,"POLYGON ((22.5 47.5, 30.0 47.5, 30.0 52.5, 22.5 52.5, 22.5 47.5))",8.853200,20.927000,41.265000,11.533000,1.537200,11.815000,1351.1000,3.2920,0.8977
1575,"POLYGON ((30.0 47.5, 37.5 47.5, 37.5 52.5, 30.0 52.5, 30.0 47.5))",10.820000,21.141000,40.404000,13.252000,1.193200,11.090000,1207.0000,2.6987,0.7358
1576,"POLYGON ((37.5 47.5, 45.0 47.5, 45.0 52.5, 37.5 52.5, 37.5 47.5))",10.798000,25.611000,39.346000,15.434000,0.784640,9.018500,1074.0000,2.8632,0.7807
1577,"POLYGON ((45.0 47.5, 52.5 47.5, 52.5 52.5, 45.0 52.5, 45.0 47.5))",8.728100,23.011000,43.716000,15.812000,0.802730,8.191000,1019.2000,2.0561,0.5603
1578,"POLYGON ((52.5 47.5, 60.0 47.5, 60.0 52.5, 52.5 52.5, 52.5 47.5))",8.532900,24.035000,41.540000,14.175000,0.695020,7.895800,765.2600,1.6360,0.4456
1579,"POLYGON ((60.0 47.5, 67.5 47.5, 67.5 52.5, 60.0 52.5, 60.0 47.5))",7.542700,27.903000,42.355000,13.442000,0.740520,6.048200,780.1100,1.4657,0.3991
1580,"POLYGON ((67.5 47.5, 75.0 47.5, 75.0 52.5, 67.5 52.5, 67.5 47.5))",8.262100,26.222000,43.033000,15.581000,0.194880,5.856400,632.8100,1.1715,0.3188
1581,"POLYGON ((75.0 47.5, 82.5 47.5, 82.5 52.5, 75.0 52.5, 75.0 47.5))",7.059500,26.638000,42.496000,15.976000,0.487120,5.806800,566.3400,1.3963,0.3802
1582,"POLYGON ((82.5 47.5, 90.0 47.5, 90.0 52.5, 82.5 52.5, 82.5 47.5))",9.581300,26.957000,44.150000,14.395000,0.438410,4.768200,588.8300,1.0642,0.2895
1583,"POLYGON ((90.0 47.5, 97.5 47.5, 97.5 52.5, 90.0 52.5, 90.0 47.5))",8.284500,24.537000,46.819000,14.632000,0.133990,4.109400,440.4100,0.7767,0.2110
1584,"POLYGON ((97.5 47.5, 105.0 47.5, 105.0 52.5, 97.5 52.5, 97.5 47.5))",8.082700,26.873000,43.578000,14.886000,0.359950,4.660000,317.6700,0.5720,0.1552
1585,"POLYGON ((105.0 47.5, 112.5 47.5, 112.5 52.5, 105.0 52.5, 105.0 47.5))",5.194900,30.971000,41.135000,16.088000,0.280260,4.036300,403.9300,0.6283,0.1705
1586,"POLYGON ((112.5 47.5, 120.0 47.5, 120.0 52.5, 112.5 52.5, 112.5 47.5))",5.071300,26.223000,44.005000,16.067000,0.519200,4.752300,449.1100,0.7431,0.2019
1587,"POLYGON ((120.0 47.5, 127.5 47.5, 127.5 52.5, 120.0 52.5, 120.0 47.5))",7.769900,25.633000,43.595000,15.737000,0.295880,4.380400,265.1400,0.7015,0.1905
1588,"POLYGON ((127.5 47.5, 135.0 47.5, 135.0 52.5, 127.5 52.5, 127.5 47.5))",6.401000,23.548000,43.722000,18.282000,0.413380,4.648700,391.8600,0.7123,0.1934
1589,"POLYGON ((135.0 47.5, 142.5 47.5, 142.5 52.5, 135.0 52.5, 135.0 47.5))",4.921800,26.438000,42.788000,16.389000,0.464600,5.209200,415.3100,0.6506,0.1766
1590,"POLYGON ((142.5 47.5, 150.0 47.5, 150.0 52.5, 142.5 52.5, 142.5 47.5))",5.252400,26.724000,46.968000,14.850000,0.300590,4.502500,348.6900,0.6563,0.1782
1591,"POLYGON ((150.0 47.5, 157.5 47.5, 157.5 52.5, 150.0 52.5, 150.0 47.5))",5.043600,26.138000,43.904000,17.635000,0.435610,4.846600,331.2000,0.3962,0.1072
1592,"POLYGON ((157.5 47.5, 165.0 47.5, 165.0 52.5, 157.5 52.5, 157.5 47.5))",4.174800,27.286000,43.855000,17.629000,0.149010,4.569400,358.8800,0.4325,0.1171
1593,"POLYGON ((165.0 47.5, 172.5 47.5, 172.5 52.5, 165.0 52.5, 165.0 47.5))",6.891000,29.890000,40.152000,16.119000,0.172690,3.850500,229.4400,0.6516,0.1769
1594,"POLYGON ((172.5 47.5, 180.0 47.5, 180.0 52.5, 172.5 52.5, 172.5 47.5))",2.211300,32.252000,42.435000,16.243000,0.295320,4.227000,455.4600,0.5080,0.1377
1595,"POLYGON ((-180.0 52.5, -172.0 52.5, -172.0 57.5, -180.0 57.5, -180.0 52.5))",4.632900,25.805000,44.871000,15.391000,0.354230,4.632800,197.4900,0.6743,0.1831
1596,"POLYGON ((-172.0 52.5, -164.0 52.5, -164.0 57.5, -172.0 57.5, -172.0 52.5))",4.527800,25.631000,46.733000,14.951000,0.133510,4.562300,189.6100,0.4992,0.1353
1597,"POLYGON ((-164.0 52.5, -156.0 52.5, -156.0 57.5, -164.0 57.5, -164.0 52.5))",4.532500,24.813000,46.127000,15.496000,0.564440,4.217200,151.9900,0.4410,0.1194
1598,"POLYGON ((-156.0 52.5, -148.0 52.5, -148.0 57.5, -156.0 57.5, -156.0 52.5))",6.343700,24.028000,44.925000,15.861000,0.454400,4.471800,259.6400,0.4316,0.1168
1599,"POLYGON ((-148.0 52.5, -140.0 52.5, -140.0 57.5, -148.0 57.5, -148.0 52.5))",3.798000,28.283000,43.445000,17.607000,0.209330,3.412000,308.5700,0.4845,0.1313
1600,"POLYGON ((-140.0 52.5, -132.0 52.5, -132.0 57.5, -140.0 57.5, -140.0 52.5))",5.555000,31.053000,42.331000,14.771000,0.219740,3.906900,375.3600,0.4545,0.1231
1601,"POLYGON ((-132.0 52.5, -124.0 52.5, -124.0 57.5, -132.0 57.5, -132.0 52.5))",2.749900,30.306000,43.886000,16.565000,0.414920,4.017600,376.3900,0.5118,0.1387
1602,"POLYGON ((-124.0 52.5, -116.0 52.5, -116.0 57.5, -124.0 57.5, -124.0 52.5))",4.191900,28.262000,43.946000,17.949000,0.005865,4.300000,307.8600,0.8729,0.2373
1603,"POLYGON ((-116.0 52.5, -108.0 52.5, -108.0 57.5, -116.0 57.5, -116.0 52.5))",7.018200,27.258000,42.376000,18.102000,0.202230,4.119100,454.7700,0.9759,0.2654
1604,"POLYGON ((-108.0 52.5, -100.0 52.5, -100.0 57.5, -108.0 57.5, -108.0 52.5))",7.208300,28.729000,40.695000,15.919000,0.164760,4.804100,442.5900,1.2310,0.3351
1605,"POLYGON ((-100.0 52.5, -92.0 52.5, -92.0 57.5, -100.0 57.5, -100.0 52.5))",6.204000,26.828000,43.697000,17.371000,0.126990,4.540900,756.5100,1.3518,0.3680
1606,"POLYGON ((-92.0 52.5, -84.0 52.5, -84.0 57.5, -92.0 57.5, -92.0 52.5))",4.273200,27.731000,42.259000,14.756000,0.646060,6.857000,838.3700,1.8857,0.5138
1607,"POLYGON ((-84.0 52.5, -76.0 52.5, -76.0 57.5, -84.0 57.5, -84.0 52.5))",11.148000,24.056000,42.338000,14.039000,0.505640,6.988500,1096.4000,2.8925,0.7887
1608,"POLYGON ((-76.0 52.5, -68.0 52.5, -68.0 57.5, -76.0 57.5, -76.0 52.5))",9.244600,20.875000,40.271000,16.700000,1.912900,8.754000,1625.0000,3.6653,0.9996
1609,"POLYGON ((-68.0 52.5, -60.0 52.5, -60.0 57.5, -68.0 57.5, -68.0 52.5))",6.394400,20.132000,43.892000,16.029000,2.034700,9.650700,2040.3000,4.8998,1.3367
1610,"POLYGON ((-60.0 52.5, -52.0 52.5, -52.0 57.5, -60.0 57.5, -60.0 52.5))",10.670000,20.604000,41.884000,16.596000,0.913350,10.712000,2244.1000,5.7195,1.5604
1611,"POLYGON ((-52.0 52.5, -44.0 52.5, -44.0 57.5, -52.0 57.5, -52.0 52.5))",8.230900,18.631000,41.054000,14.186000,1.516800,13.152000,2687.2000,6.5308,1.7819
1612,"POLYGON ((-44.0 52.5, -36.0 52.5, -36.0 57.5, -44.0 57.5, -44.0 52.5))",11.270000,13.638000,40.341000,15.208000,1.540600,12.683000,2906.7000,7.1733,1.9573
1613,"POLYGON ((-36.0 52.5, -28.0 52.5, -28.0 57.5, -36.0 57.5, -36.0 52.5))",9.579300,17.297000,40.766000,16.506000,2.009000,12.183000,3083.4000,7.8056,2.1299
1614,"POLYGON ((-28.0 52.5, -20.0 52.5, -20.0 57.5, -28.0 57.5, -28.0 52.5))",8.068700,16.489000,38.546000,17.811000,2.372600,15.052000,3132.1000,7.6178,2.0787
1615,"POLYGON ((-20.0 52.5, -12.0 52.5, -12.0 57.5, -20.0 57.5, -20.0 52.5))",11.466000,19.828000,36.256000,16.517000,1.649700,13.537000,2678.0000,7.0555,1.9252
1616,"POLYGON ((-12.0 52.5, -4.0 52.5, -4.0 57.5, -12.0 57.5, -12.0 52.5))",11.857000,23.188000,37.646000,13.975000,1.476900,12.329000,2329.9000,6.0642,1.6545
1617,"POLYGON ((-4.0 52.5, 4.0 52.5, 4.0 57.5, -4.0 57.5, -4.0 52.5))",10.555000,20.437000,39.551000,14.271000,1.391500,11.957000,2122.8000,5.2856,1.4420
1618,"POLYGON ((4.0 52.5, 12.0 52.5, 12.0 57.5, 4.0 57.5, 4.0 52.5))",9.494200,22.225000,39.797000,12.542000,1.051500,11.675000,1985.6000,4.6748,1.2752
1619,"POLYGON ((12.0 52.5, 20.0 52.5, 20.0 57.5, 12.0 57.5, 12.0 52.5))",11.480000,16.347000,39.591000,14.080000,1.822400,11.539000,1730.3000,4.3454,1.1853
1620,"POLYGON ((20.0 52.5, 28.0 52.5, 28.0 57.5, 20.0 57.5, 20.0 52.5))",10.142000,21.239000,38.372000,13.309000,1.403100,11.503000,1668.6000,3.9132,1.0673
1621,"POLYGON ((28.0 52.5, 36.0 52.5, 36.0 57.5, 28.0 57.5, 28.0 52.5))",11.563000,18.941000,38.718000,15.358000,1.000400,10.777000,1435.9000,3.4195,0.9325
1622,"POLYGON ((36.0 52.5, 44.0 52.5, 44.0 57.5, 36.0 57.5, 36.0 52.5))",8.585000,20.658000,43.225000,16.393000,0.754660,9.706100,1521.8000,3.4047,0.9285
1623,"POLYGON ((44.0 52.5, 52.0 52.5, 52.0 57.5, 44.0 57.5, 44.0 52.5))",8.709500,28.402000,42.062000,13.613000,0.375830,7.451200,1104.8000,2.3625,0.6440
1624,"POLYGON ((52.0 52.5, 60.0 52.5, 60.0 57.5, 52.0 57.5, 52.0 52.5))",8.635500,26.390000,42.553000,13.309000,0.607150,7.229300,891.5100,1.6528,0.4502
1625,"POLYGON ((60.0 52.5, 68.0 52.5, 68.0 57.5, 60.0 57.5, 60.0 52.5))",6.852000,29.797000,41.774000,13.165000,0.503400,5.969200,668.3700,1.4105,0.3841
1626,"POLYGON ((68.0 52.5, 76.0 52.5, 76.0 57.5, 68.0 57.5, 68.0 52.5))",4.189900,22.368000,45.706000,15.756000,0.655330,6.742800,670.1200,1.1597,0.3156
1627,"POLYGON ((76.0 52.5, 84.0 52.5, 84.0 57.5, 76.0 57.5, 76.0 52.5))",6.421500,21.169000,44.299000,16.064000,0.577620,6.195700,627.7600,1.0381,0.2824
1628,"POLYGON ((84.0 52.5, 92.0 52.5, 92.0 57.5, 84.0 57.5, 84.0 52.5))",5.587500,29.005000,43.060000,13.798000,0.608690,4.787000,677.5800,0.9226,0.2509
1629,"POLYGON ((92.0 52.5, 100.0 52.5, 100.0 57.5, 92.0 57.5, 92.0 52.5))",4.565400,30.871000,42.542000,15.904000,0.338380,4.005700,618.0800,0.9763,0.2655
1630,"POLYGON ((100.0 52.5, 108.0 52.5, 108.0 57.5, 100.0 57.5, 100.0 52.5))",4.923500,22.675000,46.809000,18.048000,0.117730,4.651000,527.8600,1.0584,0.2879
1631,"POLYGON ((108.0 52.5, 116.0 52.5, 116.0 57.5, 108.0 57.5, 108.0 52.5))",7.304400,23.242000,45.897000,16.772000,0.111240,4.104700,541.5700,1.0383,0.2825
1632,"POLYGON ((116.0 52.5, 124.0 52.5, 124.0 57.5, 116.0 57.5, 116.0 52.5))",6.345900,26.622000,41.262000,18.064000,0.339090,4.283600,451.8600,0.9534,0.2593
1633,"POLYGON ((124.0 52.5, 132.0 52.5, 132.0 57.5, 124.0 57.5, 124.0 52.5))",5.881900,23.361000,44.139000,16.528000,0.333730,5.074000,515.6100,0.8056,0.2189
1634,"POLYGON ((132.0 52.5, 140.0 52.5, 140.0 57.5, 132.0 57.5, 132.0 52.5))",3.168100,22.049000,45.529000,19.105000,0.288840,5.532700,472.6300,0.7510,0.2040
1635,"POLYGON ((140.0 52.5, 148.0 52.5, 148.0 57.5, 140.0 57.5, 140.0 52.5))",8.599800,29.984000,40.979000,14.442000,0.022946,4.244800,257.4600,0.5864,0.1591
1636,"POLYGON ((148.0 52.5, 156.0 52.5, 156.0 57.5, 148.0 57.5, 148.0 52.5))",6.118300,27.260000,42.770000,16.922000,0.512150,4.316900,276.6500,0.6200,0.1683
1637,"POLYGON ((156.0 52.5, 164.0 52.5, 164.0 57.5, 156.0 57.5, 156.0 52.5))",6.021300,29.086000,41.923000,15.860000,0.000000,4.934400,345.4300,0.6417,0.1742
1638,"POLYGON ((164.0 52.5, 172.0 52.5, 172.0 57.5, 164.0 57.5, 164.0 52.5))",6.737000,26.098000,41.661000,16.778000,0.484390,4.639900,321.2700,0.5013,0.1359
1639,"POLYGON ((172.0 52.5, 180.0 52.5, 180.0 57.5, 172.0 57.5, 172.0 52.5))",5.844900,25.164000,42.583000,18.770000,0.380900,4.508400,262.5500,0.5120,0.1388
1640,"POLYGON ((-180.0 57.5, -171.0 57.5, -171.0 62.5, -180.0 62.5, -180.0 57.5))",6.942000,25.653000,42.858000,16.818000,0.270100,4.163800,183.0200,0.4413,0.1195
1641,"POLYGON ((-171.0 57.5, -162.0 57.5, -162.0 62.5, -171.0 62.5, -171.0 57.5))",4.022700,29.282000,45.370000,14.201000,0.161880,3.921400,371.9400,0.4416,0.1196
1642,"POLYGON ((-162.0 57.5, -153.0 57.5, -153.0 62.5, -162.0 62.5, -162.0 57.5))",2.735800,25.860000,46.006000,16.495000,0.404490,4.283700,220.6200,0.3329,0.0899
1643,"POLYGON ((-153.0 57.5, -144.0 57.5, -144.0 62.5, -153.0 62.5, -153.0 57.5))",5.236800,25.086000,44.746000,15.795000,0.321010,4.201000,196.4900,0.3432,0.0927
1644,"POLYGON ((-144.0 57.5, -135.0 57.5, -135.0 62.5, -144.0 62.5, -144.0 57.5))",2.833400,32.393000,42.591000,14.473000,0.224640,4.053800,436.1800,0.4287,0.1160
1645,"POLYGON ((-135.0 57.5, -126.0 57.5, -126.0 62.5, -135.0 62.5, -135.0 57.5))",4.273600,30.195000,41.975000,15.726000,0.209270,4.580300,465.7300,0.5338,0.1447
1646,"POLYGON ((-126.0 57.5, -117.0 57.5, -117.0 62.5, -126.0 62.5, -126.0 57.5))",4.729800,30.778000,41.441000,16.862000,0.144440,3.914300,412.2100,0.6266,0.1701
1647,"POLYGON ((-117.0 57.5, -108.0 57.5, -108.0 62.5, -117.0 62.5, -117.0 57.5))",5.693200,27.288000,42.436000,16.034000,0.308310,4.607700,368.4700,0.9540,0.2594
1648,"POLYGON ((-108.0 57.5, -99.0 57.5, -99.0 62.5, -108.0 62.5, -108.0 57.5))",4.398800,23.551000,45.851000,16.975000,0.301080,5.059300,494.0700,1.1071,0.3012
1649,"POLYGON ((-99.0 57.5, -90.0 57.5, -90.0 62.5, -99.0 62.5, -99.0 57.5))",6.995600,29.916000,41.503000,15.288000,0.159910,4.678500,554.6700,1.0682,0.2906
1650,"POLYGON ((-90.0 57.5, -81.0 57.5, -81.0 62.5, -90.0 62.5, -90.0 57.5))",8.791900,22.327000,43.661000,14.840000,0.475680,5.877700,773.7400,1.4047,0.3825
1651,"POLYGON ((-81.0 57.5, -72.0 57.5, -72.0 62.5, -81.0 62.5, -81.0 57.5))",6.896600,27.471000,41.221000,15.270000,0.877820,6.276800,1152.3000,2.1293,0.5803
1652,"POLYGON ((-72.0 57.5, -63.0 57.5, -63.0 62.5, -72.0 62.5, -72.0 57.5))",9.147300,22.930000,45.265000,16.197000,0.048157,6.859300,1395.7000,2.9790,0.8123
1653,"POLYGON ((-63.0 57.5, -54.0 57.5, -54.0 62.5, -63.0 62.5, -63.0 57.5))",8.493600,29.357000,40.811000,16.481000,0.465390,6.558600,1877.5000,3.8599,1.0528
1654,"POLYGON ((-54.0 57.5, -45.0 57.5, -45.0 62.5, -54.0 62.5, -54.0 57.5))",9.242000,26.643000,42.493000,15.895000,0.552920,7.516900,2460.0000,5.7379,1.5654
1655,"POLYGON ((-45.0 57.5, -36.0 57.5, -36.0 62.5, -45.0 62.5, -45.0 57.5))",7.992600,20.394000,41.561000,17.747000,1.058600,10.870000,3044.9000,6.9701,1.9018
1656,"POLYGON ((-36.0 57.5, -27.0 57.5, -27.0 62.5, -36.0 62.5, -36.0 57.5))",8.770600,21.258000,39.714000,13.997000,1.540300,11.462000,2889.3000,6.6762,1.8216
1657,"POLYGON ((-27.0 57.5, -18.0 57.5, -18.0 62.5, -27.0 62.5, -27.0 57.5))",10.585000,14.887000,39.890000,15.893000,1.937300,13.528000,2528.5000,5.9976,1.6364
1658,"POLYGON ((-18.0 57.5, -9.0 57.5, -9.0 62.5, -18.0 62.5, -18.0 57.5))",10.975000,16.776000,40.862000,14.387000,1.455900,12.252000,2454.0000,5.5997,1.5277
1659,"POLYGON ((-9.0 57.5, 0.0 57.5, 0.0 62.5, -9.0 62.5, -9.0 57.5))",10.058000,19.452000,39.931000,16.469000,0.905730,11.478000,2413.0000,5.5794,1.5222
1660,"POLYGON ((0.0 57.5, 9.0 57.5, 9.0 62.5, 0.0 62.5, 0.0 57.5))",8.889800,18.720000,40.796000,17.909000,1.058300,11.259000,2286.1000,5.6865,1.5514
1661,"POLYGON ((9.0 57.5, 18.0 57.5, 18.0 62.5, 9.0 62.5, 9.0 57.5))",10.048000,24.660000,39.283000,15.450000,1.168500,9.976200,2176.8000,5.0732,1.3840
1662,"POLYGON ((18.0 57.5, 27.0 57.5, 27.0 62.5, 18.0 62.5, 18.0 57.5))",10.475000,21.396000,42.951000,16.754000,0.631850,9.841800,1981.8000,4.4496,1.2137
1663,"POLYGON ((27.0 57.5, 36.0 57.5, 36.0 62.5, 27.0 62.5, 27.0 57.5))",10.418000,24.693000,41.745000,14.978000,1.008900,8.388400,1714.9000,3.8188,1.0415
1664,"POLYGON ((36.0 57.5, 45.0 57.5, 45.0 62.5, 36.0 62.5, 36.0 57.5))",8.960800,23.506000,43.735000,17.256000,0.338180,7.286800,1427.0000,3.0074,0.8200
1665,"POLYGON ((45.0 57.5, 54.0 57.5, 54.0 62.5, 45.0 62.5, 45.0 57.5))",12.369000,27.949000,41.458000,12.460000,0.510580,5.374100,976.0500,2.1249,0.5791
1666,"POLYGON ((54.0 57.5, 63.0 57.5, 63.0 62.5, 54.0 62.5, 54.0 57.5))",9.275100,24.818000,43.068000,15.697000,0.248280,6.039900,657.3000,1.4837,0.4041
1667,"POLYGON ((63.0 57.5, 72.0 57.5, 72.0 62.5, 63.0 62.5, 63.0 57.5))",4.059400,27.238000,41.534000,15.197000,0.832750,5.585500,619.8900,1.2418,0.3380
1668,"POLYGON ((72.0 57.5, 81.0 57.5, 81.0 62.5, 72.0 62.5, 72.0 57.5))",4.260100,27.359000,42.815000,14.457000,0.827250,5.393500,605.6600,0.8598,0.2337
1669,"POLYGON ((81.0 57.5, 90.0 57.5, 90.0 62.5, 81.0 62.5, 81.0 57.5))",3.513800,25.483000,44.910000,17.112000,0.641160,4.674400,623.9500,0.9729,0.2646
1670,"POLYGON ((90.0 57.5, 99.0 57.5, 99.0 62.5, 90.0 62.5, 90.0 57.5))",6.377700,31.585000,43.429000,13.537000,0.323080,3.102500,710.4400,1.5121,0.4118
1671,"POLYGON ((99.0 57.5, 108.0 57.5, 108.0 62.5, 99.0 62.5, 99.0 57.5))",5.314400,26.636000,44.046000,17.574000,0.477790,4.323300,863.2800,1.9660,0.5357
1672,"POLYGON ((108.0 57.5, 117.0 57.5, 117.0 62.5, 108.0 62.5, 108.0 57.5))",5.287600,26.601000,44.712000,17.024000,0.349460,3.846100,749.3300,1.5794,0.4302
1673,"POLYGON ((117.0 57.5, 126.0 57.5, 126.0 62.5, 117.0 62.5, 117.0 57.5))",4.460700,26.512000,41.391000,18.672000,0.268960,4.967800,571.0900,1.0772,0.2931
1674,"POLYGON ((126.0 57.5, 135.0 57.5, 135.0 62.5, 126.0 62.5, 126.0 57.5))",5.157600,30.705000,43.634000,13.645000,0.019781,4.182800,397.0600,0.8830,0.2401
1675,"POLYGON ((135.0 57.5, 144.0 57.5, 144.0 62.5, 135.0 62.5, 135.0 57.5))",5.581100,28.917000,43.606000,15.159000,0.128130,3.956300,410.2300,0.5428,0.1472
1676,"POLYGON ((144.0 57.5, 153.0 57.5, 153.0 62.5, 144.0 62.5, 144.0 57.5))",6.861500,26.037000,43.282000,17.002000,0.041574,4.571800,265.6400,0.6205,0.1684
1677,"POLYGON ((153.0 57.5, 162.0 57.5, 162.0 62.5, 153.0 62.5, 153.0 57.5))",4.668900,28.732000,43.222000,16.331000,0.028329,4.672100,346.8200,0.4495,0.1217
1678,"POLYGON ((162.0 57.5, 171.0 57.5, 171.0 62.5, 162.0 62.5, 162.0 57.5))",3.641900,27.809000,46.039000,14.720000,0.005114,4.770000,366.8300,0.5149,0.1396
1679,"POLYGON ((171.0 57.5, 180.0 57.5, 180.0 62.5, 171.0 62.5, 171.0 57.5))",1.560400,27.221000,44.798000,17.773000,0.609860,4.399500,314.3500,0.5586,0.1515
1680,"POLYGON ((-180.0 62.5, -170.0 62.5, -170.0 67.5, -180.0 67.5, -180.0 62.5))",4.537300,27.045000,43.209000,15.590000,0.323010,4.796200,123.8900,0.4509,0.1221
1681,"POLYGON ((-170.0 62.5, -160.0 62.5, -160.0 67.5, -170.0 67.5, -170.0 62.5))",6.779200,27.589000,42.737000,14.632000,0.470800,4.049600,150.5900,0.1882,0.0504
1682,"POLYGON ((-160.0 62.5, -150.0 62.5, -150.0 67.5, -160.0 67.5, -160.0 62.5))",6.374500,27.345000,43.865000,14.354000,0.287480,4.191700,134.6900,0.3117,0.0841
1683,"POLYGON ((-150.0 62.5, -140.0 62.5, -140.0 67.5, -150.0 67.5, -150.0 62.5))",5.090900,25.745000,44.971000,15.375000,0.206290,4.582700,299.0500,0.4107,0.1111
1684,"POLYGON ((-140.0 62.5, -130.0 62.5, -130.0 67.5, -140.0 67.5, -140.0 62.5))",3.882600,26.792000,45.491000,15.979000,0.152180,4.796000,379.3600,0.5630,0.1527
1685,"POLYGON ((-130.0 62.5, -120.0 62.5, -120.0 67.5, -130.0 67.5, -130.0 62.5))",3.456800,27.487000,43.639000,15.117000,0.685680,4.596600,312.9800,0.7460,0.2027
1686,"POLYGON ((-120.0 62.5, -110.0 62.5, -110.0 67.5, -120.0 67.5, -120.0 62.5))",3.933700,28.627000,41.901000,16.532000,0.346210,4.638500,429.5000,0.7495,0.2036
1687,"POLYGON ((-110.0 62.5, -100.0 62.5, -100.0 67.5, -110.0 67.5, -110.0 62.5))",5.363500,27.662000,42.227000,15.004000,0.399950,4.580900,435.5300,0.8815,0.2397
1688,"POLYGON ((-100.0 62.5, -90.0 62.5, -90.0 67.5, -100.0 67.5, -100.0 62.5))",4.542400,24.197000,46.666000,16.999000,0.000000,5.116300,612.2300,1.0507,0.2858
1689,"POLYGON ((-90.0 62.5, -80.0 62.5, -80.0 67.5, -90.0 67.5, -90.0 62.5))",6.635500,25.259000,43.625000,14.227000,0.942640,4.900900,600.8500,1.3378,0.3642
1690,"POLYGON ((-80.0 62.5, -70.0 62.5, -70.0 67.5, -80.0 67.5, -80.0 62.5))",9.684000,21.013000,45.154000,15.573000,0.271560,6.189800,757.9400,1.6176,0.4406
1691,"POLYGON ((-70.0 62.5, -60.0 62.5, -60.0 67.5, -70.0 67.5, -70.0 62.5))",8.343900,28.143000,42.190000,16.059000,0.142800,4.671600,1016.7000,1.9122,0.5210
1692,"POLYGON ((-60.0 62.5, -50.0 62.5, -50.0 67.5, -60.0 67.5, -60.0 62.5))",10.255000,27.248000,42.094000,15.668000,0.000000,5.549800,1437.0000,3.2889,0.8969
1693,"POLYGON ((-50.0 62.5, -40.0 62.5, -40.0 67.5, -50.0 67.5, -50.0 62.5))",9.036400,25.034000,40.896000,17.240000,0.766350,6.897900,2277.8000,5.3667,1.4641
1694,"POLYGON ((-40.0 62.5, -30.0 62.5, -30.0 67.5, -40.0 67.5, -40.0 62.5))",7.650100,25.897000,42.570000,15.645000,0.243540,7.827200,2647.6000,6.0156,1.6413
1695,"POLYGON ((-30.0 62.5, -20.0 62.5, -20.0 67.5, -30.0 67.5, -30.0 62.5))",10.931000,24.551000,41.325000,16.168000,0.696410,8.615000,2330.7000,5.5569,1.5160
1696,"POLYGON ((-20.0 62.5, -10.0 62.5, -10.0 67.5, -20.0 67.5, -20.0 62.5))",10.151000,22.632000,42.364000,16.078000,0.966470,8.691000,2279.7000,5.4492,1.4866
1697,"POLYGON ((-10.0 62.5, 0.0 62.5, 0.0 67.5, -10.0 67.5, -10.0 62.5))",10.171000,23.667000,42.729000,17.034000,0.512790,8.047000,2238.8000,5.2210,1.4243
1698,"POLYGON ((0.0 62.5, 10.0 62.5, 10.0 67.5, 0.0 67.5, 0.0 62.5))",9.626500,27.320000,43.289000,16.765000,0.345540,6.511600,2027.2000,4.6468,1.2676
1699,"POLYGON ((10.0 62.5, 20.0 62.5, 20.0 67.5, 10.0 67.5, 10.0 62.5))",9.571300,22.704000,43.970000,16.552000,0.573580,7.799500,1921.9000,4.4745,1.2205
1700,"POLYGON ((20.0 62.5, 30.0 62.5, 30.0 67.5, 20.0 67.5, 20.0 62.5))",7.892700,24.511000,43.550000,16.878000,1.123400,6.805100,1858.8000,3.7941,1.0348
1701,"POLYGON ((30.0 62.5, 40.0 62.5, 40.0 67.5, 30.0 67.5, 30.0 62.5))",5.296900,27.440000,43.967000,17.093000,0.816750,6.275400,1739.5000,3.3177,0.9047
1702,"POLYGON ((40.0 62.5, 50.0 62.5, 50.0 67.5, 40.0 67.5, 40.0 62.5))",9.300700,27.046000,42.748000,15.662000,0.302610,5.285300,1074.4000,2.2579,0.6154
1703,"POLYGON ((50.0 62.5, 60.0 62.5, 60.0 67.5, 50.0 67.5, 50.0 62.5))",7.688100,24.914000,44.479000,15.803000,0.275490,5.285700,678.4700,1.5219,0.4145
1704,"POLYGON ((60.0 62.5, 70.0 62.5, 70.0 67.5, 60.0 67.5, 60.0 62.5))",6.845400,27.985000,44.078000,14.508000,0.291480,4.621400,499.3300,0.9719,0.2643
1705,"POLYGON ((70.0 62.5, 80.0 62.5, 80.0 67.5, 70.0 67.5, 70.0 62.5))",8.501400,33.325000,40.379000,12.327000,0.231000,3.340000,287.1100,0.6634,0.1801
1706,"POLYGON ((80.0 62.5, 90.0 62.5, 90.0 67.5, 80.0 67.5, 80.0 62.5))",4.743800,31.500000,44.138000,14.712000,0.225540,3.830100,454.8000,0.6542,0.1776
1707,"POLYGON ((90.0 62.5, 100.0 62.5, 100.0 67.5, 90.0 67.5, 90.0 62.5))",4.651100,28.766000,43.733000,16.420000,0.213860,3.817300,563.3900,1.0895,0.2964
1708,"POLYGON ((100.0 62.5, 110.0 62.5, 110.0 67.5, 100.0 67.5, 100.0 62.5))",8.700500,26.974000,43.776000,15.345000,0.400160,3.385400,557.4900,1.3598,0.3702
1709,"POLYGON ((110.0 62.5, 120.0 62.5, 120.0 67.5, 110.0 67.5, 110.0 62.5))",5.735400,26.943000,42.718000,17.295000,0.457700,3.695000,564.2600,1.1418,0.3107
1710,"POLYGON ((120.0 62.5, 130.0 62.5, 130.0 67.5, 120.0 67.5, 120.0 62.5))",6.296200,27.623000,42.862000,15.361000,0.179840,4.005100,473.0100,0.8645,0.2350
1711,"POLYGON ((130.0 62.5, 140.0 62.5, 140.0 67.5, 130.0 67.5, 130.0 62.5))",5.780000,23.477000,46.241000,15.129000,0.338630,4.724300,336.3600,0.7268,0.1974
1712,"POLYGON ((140.0 62.5, 150.0 62.5, 150.0 67.5, 140.0 67.5, 140.0 62.5))",6.151500,29.457000,42.956000,14.593000,0.237810,4.104700,316.8500,0.5681,0.1541
1713,"POLYGON ((150.0 62.5, 160.0 62.5, 160.0 67.5, 150.0 67.5, 150.0 62.5))",2.629300,28.682000,45.255000,16.163000,0.306010,4.698300,323.1000,0.4520,0.1224
1714,"POLYGON ((160.0 62.5, 170.0 62.5, 170.0 67.5, 160.0 67.5, 160.0 62.5))",7.352900,24.977000,46.402000,15.748000,0.029297,4.065900,223.8700,0.2496,0.0671
1715,"POLYGON ((170.0 62.5, 180.0 62.5, 180.0 67.5, 170.0 67.5, 170.0 62.5))",5.559000,27.249000,43.468000,15.829000,0.209200,4.563800,167.1000,0.3542,0.0957
1716,"POLYGON ((-180.0 67.5, -168.0 67.5, -168.0 72.5, -180.0 72.5, -180.0 67.5))",6.574700,24.329000,45.017000,15.874000,0.259740,4.238500,38.8540,0.3785,0.1023
1717,"POLYGON ((-168.0 67.5, -156.0 67.5, -156.0 72.5, -168.0 72.5, -168.0 67.5))",5.004000,26.418000,45.981000,13.883000,0.095482,4.555800,38.9260,0.3847,0.1040
1718,"POLYGON ((-156.0 67.5, -144.0 67.5, -144.0 72.5, -156.0 72.5, -156.0 67.5))",3.458500,26.699000,46.253000,15.732000,0.148340,4.677900,306.2400,0.3864,0.1045
1719,"POLYGON ((-144.0 67.5, -132.0 67.5, -132.0 72.5, -144.0 72.5, -144.0 67.5))",5.409500,26.611000,44.274000,13.943000,0.299150,4.688400,391.0000,0.5047,0.1368
1720,"POLYGON ((-132.0 67.5, -120.0 67.5, -120.0 72.5, -132.0 72.5, -132.0 67.5))",5.101100,25.609000,42.512000,16.499000,0.452680,4.899000,235.3500,0.6487,0.1761
1721,"POLYGON ((-120.0 67.5, -108.0 67.5, -108.0 72.5, -120.0 72.5, -120.0 67.5))",5.267400,24.585000,44.907000,16.118000,0.235420,5.008500,341.6500,0.7358,0.1999
1722,"POLYGON ((-108.0 67.5, -96.0 67.5, -96.0 72.5, -108.0 72.5, -108.0 67.5))",6.248500,25.731000,43.438000,16.169000,0.077848,4.555200,439.0400,0.9381,0.2551
1723,"POLYGON ((-96.0 67.5, -84.0 67.5, -84.0 72.5, -96.0 72.5, -96.0 67.5))",6.809400,26.474000,43.583000,14.136000,0.504300,4.664900,590.3900,0.9617,0.2616
1724,"POLYGON ((-84.0 67.5, -72.0 67.5, -72.0 72.5, -84.0 72.5, -84.0 67.5))",7.642000,26.412000,43.270000,14.602000,0.333600,4.917600,801.8300,1.3214,0.3598
1725,"POLYGON ((-72.0 67.5, -60.0 67.5, -60.0 72.5, -72.0 72.5, -72.0 67.5))",6.264800,24.194000,41.335000,17.588000,0.803280,5.621100,971.0500,1.9845,0.5408
1726,"POLYGON ((-60.0 67.5, -48.0 67.5, -48.0 72.5, -60.0 72.5, -60.0 67.5))",7.544700,24.091000,43.700000,17.820000,0.221280,5.311600,1366.1000,2.8846,0.7865
1727,"POLYGON ((-48.0 67.5, -36.0 67.5, -36.0 72.5, -48.0 72.5, -48.0 67.5))",7.953600,26.308000,43.152000,16.711000,0.337370,5.083300,1764.1000,3.7363,1.0190
1728,"POLYGON ((-36.0 67.5, -24.0 67.5, -24.0 72.5, -36.0 72.5, -36.0 67.5))",8.119300,27.349000,42.797000,15.604000,0.650030,6.346500,1819.8000,4.0063,1.0927
1729,"POLYGON ((-24.0 67.5, -12.0 67.5, -12.0 72.5, -24.0 72.5, -24.0 67.5))",7.497600,28.223000,41.737000,17.816000,0.528830,5.577100,1683.5000,3.8197,1.0418
1730,"POLYGON ((-12.0 67.5, 0.0 67.5, 0.0 72.5, -12.0 72.5, -12.0 67.5))",6.773800,26.344000,43.702000,17.794000,0.834510,5.517700,1456.9000,3.3764,0.9208
1731,"POLYGON ((0.0 67.5, 12.0 67.5, 12.0 72.5, 0.0 72.5, 0.0 67.5))",7.053500,29.553000,43.600000,17.833000,0.095530,4.715200,1571.6000,3.0740,0.8382
1732,"POLYGON ((12.0 67.5, 24.0 67.5, 24.0 72.5, 12.0 72.5, 12.0 67.5))",6.584100,23.492000,45.867000,17.964000,0.304290,6.173400,1585.3000,3.2633,0.8899
1733,"POLYGON ((24.0 67.5, 36.0 67.5, 36.0 72.5, 24.0 72.5, 24.0 67.5))",6.430300,25.614000,44.710000,15.679000,0.499670,6.064100,1416.9000,3.0295,0.8260
1734,"POLYGON ((36.0 67.5, 48.0 67.5, 48.0 72.5, 36.0 72.5, 36.0 67.5))",5.212500,26.664000,45.566000,16.725000,0.411130,5.189900,1224.9000,2.1995,0.5995
1735,"POLYGON ((48.0 67.5, 60.0 67.5, 60.0 72.5, 48.0 72.5, 48.0 67.5))",7.536600,27.460000,42.239000,16.003000,0.378870,4.441900,737.9000,1.3344,0.3633
1736,"POLYGON ((60.0 67.5, 72.0 67.5, 72.0 72.5, 60.0 72.5, 60.0 67.5))",6.195600,24.063000,44.444000,17.029000,0.147020,4.598200,504.8500,0.9785,0.2661
1737,"POLYGON ((72.0 67.5, 84.0 67.5, 84.0 72.5, 72.0 72.5, 72.0 67.5))",3.228400,29.058000,45.075000,14.485000,0.429540,4.051500,524.3600,0.8159,0.2217
1738,"POLYGON ((84.0 67.5, 96.0 67.5, 96.0 72.5, 84.0 72.5, 84.0 67.5))",6.051300,29.247000,42.145000,14.541000,0.476320,3.970700,365.2500,0.9056,0.2462
1739,"POLYGON ((96.0 67.5, 108.0 67.5, 108.0 72.5, 96.0 72.5, 96.0 67.5))",3.392100,24.843000,44.807000,18.257000,0.437550,4.254500,443.5600,0.8891,0.2417
1740,"POLYGON ((108.0 67.5, 120.0 67.5, 120.0 72.5, 108.0 72.5, 108.0 67.5))",5.904100,30.892000,42.684000,13.957000,0.221190,3.173100,330.7900,0.9181,0.2496
1741,"POLYGON ((120.0 67.5, 132.0 67.5, 132.0 72.5, 120.0 72.5, 120.0 67.5))",5.412500,25.008000,46.166000,14.081000,0.163700,4.214900,384.3800,0.7589,0.2062
1742,"POLYGON ((132.0 67.5, 144.0 67.5, 144.0 72.5, 132.0 72.5, 132.0 67.5))",6.033300,23.097000,43.718000,16.996000,0.423720,4.928700,214.5700,0.7103,0.1929
1743,"POLYGON ((144.0 67.5, 156.0 67.5, 156.0 72.5, 144.0 72.5, 144.0 67.5))",6.864100,26.385000,43.954000,15.145000,0.325020,4.138400,141.9500,0.6629,0.1800
1744,"POLYGON ((156.0 67.5, 168.0 67.5, 168.0 72.5, 156.0 72.5, 156.0 67.5))",2.900500,26.879000,44.273000,16.937000,0.370720,4.453100,252.8200,0.3096,0.0835
1745,"POLYGON ((168.0 67.5, 180.0 67.5, 180.0 72.5, 168.0 72.5, 168.0 67.5))",5.041500,28.130000,41.620000,16.867000,0.214130,4.313100,259.6000,0.3121,0.0842
1746,"POLYGON ((-180.0 72.5, -162.0 72.5, -162.0 77.5, -180.0 77.5, -180.0 72.5))",4.437100,27.227000,43.405000,16.235000,0.539020,4.289700,278.0600,0.3005,0.0810
1747,"POLYGON ((-162.0 72.5, -144.0 72.5, -144.0 77.5, -162.0 77.5, -162.0 72.5))",6.149200,24.508000,43.479000,16.515000,0.390450,5.097000,291.5800,0.4467,0.1210
1748,"POLYGON ((-144.0 72.5, -126.0 72.5, -126.0 77.5, -144.0 77.5, -144.0 72.5))",5.656700,26.408000,43.130000,15.145000,0.450650,4.805100,483.9300,0.7618,0.2070
1749,"POLYGON ((-126.0 72.5, -108.0 72.5, -108.0 77.5, -126.0 77.5, -126.0 72.5))",6.625300,26.745000,43.433000,13.769000,0.369130,5.197700,403.2200,0.7253,0.1970
1750,"POLYGON ((-108.0 72.5, -90.0 72.5, -90.0 77.5, -108.0 77.5, -108.0 72.5))",6.887300,24.432000,44.962000,13.885000,0.382020,4.866600,586.7100,1.0640,0.2895
1751,"POLYGON ((-90.0 72.5, -72.0 72.5, -72.0 77.5, -90.0 77.5, -90.0 72.5))",7.505300,25.835000,43.125000,14.998000,0.294320,5.099300,684.9800,1.1851,0.3225
1752,"POLYGON ((-72.0 72.5, -54.0 72.5, -54.0 77.5, -72.0 77.5, -72.0 72.5))",6.511500,24.758000,43.023000,15.931000,0.496090,5.635600,978.5400,2.0469,0.5578
1753,"POLYGON ((-54.0 72.5, -36.0 72.5, -36.0 77.5, -54.0 77.5, -54.0 72.5))",7.099300,25.410000,42.938000,15.518000,0.534730,5.394300,1243.8000,2.5318,0.6902
1754,"POLYGON ((-36.0 72.5, -18.0 72.5, -18.0 77.5, -36.0 77.5, -36.0 72.5))",8.808700,27.197000,43.000000,16.451000,0.236600,4.876700,1337.7000,2.6130,0.7124
1755,"POLYGON ((-18.0 72.5, 0.0 72.5, 0.0 77.5, -18.0 77.5, -18.0 72.5))",6.512400,27.352000,43.106000,17.549000,0.182020,4.781000,1376.4000,2.4044,0.6554
1756,"POLYGON ((0.0 72.5, 18.0 72.5, 18.0 77.5, 0.0 77.5, 0.0 72.5))",7.251400,29.240000,44.076000,15.039000,0.392000,4.006400,1275.2000,2.4049,0.6555
1757,"POLYGON ((18.0 72.5, 36.0 72.5, 36.0 77.5, 18.0 77.5, 18.0 72.5))",5.864100,26.376000,44.946000,16.730000,0.351980,4.365700,1195.8000,2.1694,0.5913
1758,"POLYGON ((36.0 72.5, 54.0 72.5, 54.0 77.5, 36.0 77.5, 36.0 72.5))",7.322000,28.467000,42.338000,14.881000,0.397870,4.595000,921.2500,1.8530,0.5049
1759,"POLYGON ((54.0 72.5, 72.0 72.5, 72.0 77.5, 54.0 77.5, 54.0 72.5))",5.138500,27.667000,43.312000,14.531000,0.418970,4.589500,631.8900,1.2731,0.3466
1760,"POLYGON ((72.0 72.5, 90.0 72.5, 90.0 77.5, 72.0 77.5, 72.0 72.5))",5.822200,28.347000,43.969000,15.201000,0.079955,4.068000,553.7700,0.8877,0.2413
1761,"POLYGON ((90.0 72.5, 108.0 72.5, 108.0 77.5, 90.0 77.5, 90.0 72.5))",6.315700,24.996000,44.106000,15.711000,0.274490,4.670600,474.5300,0.8555,0.2326
1762,"POLYGON ((108.0 72.5, 126.0 72.5, 126.0 77.5, 108.0 77.5, 108.0 72.5))",3.654900,26.583000,44.908000,15.901000,0.163970,4.689800,467.3900,0.8358,0.2272
1763,"POLYGON ((126.0 72.5, 144.0 72.5, 144.0 77.5, 126.0 77.5, 126.0 72.5))",3.761700,25.730000,43.217000,17.259000,0.341930,4.310500,433.2100,0.6953,0.1888
1764,"POLYGON ((144.0 72.5, 162.0 72.5, 162.0 77.5, 144.0 77.5, 144.0 72.5))",2.587700,27.766000,44.687000,16.019000,0.419930,4.661100,399.8700,0.5542,0.1503
1765,"POLYGON ((162.0 72.5, 180.0 72.5, 180.0 77.5, 162.0 77.5, 162.0 72.5))",5.256700,25.026000,45.161000,15.904000,0.422840,4.320600,233.5500,0.3953,0.1069
1766,"POLYGON ((-180.0 77.5, -156.0 77.5, -156.0 82.5, -180.0 82.5, -180.0 77.5))",4.845900,25.678000,45.235000,15.926000,0.363990,4.440600,287.4700,0.4900,0.1328
1767,"POLYGON ((-156.0 77.5, -132.0 77.5, -132.0 82.5, -156.0 82.5, -156.0 77.5))",7.480800,25.265000,43.279000,15.445000,0.305670,4.954600,416.7000,0.7393,0.2008
1768,"POLYGON ((-132.0 77.5, -108.0 77.5, -108.0 82.5, -132.0 82.5, -132.0 77.5))",6.480800,26.485000,41.856000,15.737000,0.287670,5.208600,498.2800,0.9122,0.2480
1769,"POLYGON ((-108.0 77.5, -84.0 77.5, -84.0 82.5, -108.0 82.5, -108.0 77.5))",5.421000,22.602000,45.596000,16.087000,0.337880,5.833100,726.5500,1.1032,0.3002
1770,"POLYGON ((-84.0 77.5, -60.0 77.5, -60.0 82.5, -84.0 82.5, -84.0 77.5))",7.141700,27.915000,42.413000,14.044000,0.315900,4.853500,836.7400,1.4223,0.3873
1771,"POLYGON ((-60.0 77.5, -36.0 77.5, -36.0 82.5, -60.0 82.5, -60.0 77.5))",8.190900,25.628000,42.642000,15.540000,0.258310,4.827800,926.9100,1.8830,0.5131
1772,"POLYGON ((-36.0 77.5, -12.0 77.5, -12.0 82.5, -36.0 82.5, -36.0 77.5))",8.877200,27.328000,42.428000,15.566000,0.090085,4.936000,1150.8000,2.3681,0.6455
1773,"POLYGON ((-12.0 77.5, 12.0 77.5, 12.0 82.5, -12.0 82.5, -12.0 77.5))",6.150200,26.250000,44.011000,16.815000,0.330990,4.670900,1250.8000,2.2206,0.6052
1774,"POLYGON ((12.0 77.5, 36.0 77.5, 36.0 82.5, 12.0 82.5, 12.0 77.5))",7.357700,27.581000,43.895000,14.495000,0.236280,4.634000,985.0600,1.8653,0.5082
1775,"POLYGON ((36.0 77.5, 60.0 77.5, 60.0 82.5, 36.0 82.5, 36.0 77.5))",5.569100,26.825000,43.106000,16.130000,0.330350,4.978700,807.1500,1.5393,0.4192
1776,"POLYGON ((60.0 77.5, 84.0 77.5, 84.0 82.5, 60.0 82.5, 60.0 77.5))",5.829000,26.747000,42.013000,15.546000,0.435490,4.475400,665.5300,1.1692,0.3182
1777,"POLYGON ((84.0 77.5, 108.0 77.5, 108.0 82.5, 84.0 82.5, 84.0 77.5))",4.077400,26.216000,42.723000,16.327000,0.502970,4.750900,609.0600,0.9631,0.2619
1778,"POLYGON ((108.0 77.5, 132.0 77.5, 132.0 82.5, 108.0 82.5, 108.0 77.5))",4.252000,25.196000,45.374000,15.947000,0.332270,4.491600,540.9100,0.9887,0.2689
1779,"POLYGON ((132.0 77.5, 156.0 77.5, 156.0 82.5, 132.0 82.5, 132.0 77.5))",3.988300,26.966000,45.319000,16.371000,0.100710,4.301000,488.7100,0.7647,0.2078
1780,"POLYGON ((156.0 77.5, 180.0 77.5, 180.0 82.5, 156.0 82.5, 156.0 77.5))",5.585500,24.027000,45.413000,16.231000,0.327500,4.909200,354.6100,0.5298,0.1436
1781,"POLYGON ((-180.0 82.5, -135.0 82.5, -135.0 87.5, -180.0 87.5, -180.0 82.5))",7.225200,26.039000,44.167000,14.876000,0.033485,4.582000,451.7500,0.7198,0.1955
1782,"POLYGON ((-135.0 82.5, -90.0 82.5, -90.0 87.5, -135.0 87.5, -135.0 82.5))",6.653300,27.420000,42.910000,15.714000,0.178420,4.692900,644.7400,1.0870,0.2958
1783,"POLYGON ((-90.0 82.5, -45.0 82.5, -45.0 87.5, -90.0 87.5, -90.0 82.5))",6.659700,25.804000,43.558000,15.359000,0.526800,4.870900,801.7000,1.3212,0.3597
1784,"POLYGON ((-45.0 82.5, 0.0 82.5, 0.0 87.5, -45.0 87.5, -45.0 82.5))",8.559100,26.813000,42.170000,14.748000,0.399630,4.869600,935.5800,1.9083,0.5200
1785,"POLYGON ((0.0 82.5, 45.0 82.5, 45.0 87.5, 0.0 87.5, 0.0 82.5))",6.939600,26.128000,43.807000,15.741000,0.252320,4.951800,985.4300,1.6360,0.4456
1786,"POLYGON ((45.0 82.5, 90.0 82.5, 90.0 87.5, 45.0 87.5, 45.0 82.5))",7.287300,24.088000,44.105000,15.593000,0.507940,5.135800,718.7700,1.3768,0.3749
1787,"POLYGON ((90.0 82.5, 135.0 82.5, 135.0 87.5, 90.0 87.5, 90.0 82.5))",4.945900,26.131000,44.609000,16.281000,0.300290,4.980600,680.0700,1.1115,0.3024
1788,"POLYGON ((135.0 82.5, 180.0 82.5, 180.0 87.5, 135.0 87.5, 135.0 82.5))",4.833400,26.554000,44.736000,16.278000,0.299310,4.949300,578.3000,0.8515,0.2314
1789,"POLYGON ((-180.0 87.5, 180.0 87.5, 180.0 90.0, -180.0 90.0, -180.0 87.5))",6.331000,26.256000,43.976000,15.476000,0.267320,5.081100,769.0000,1.2945,0.3524
